PassengerId,Pclass,Sex,Age,SibSp,Parch,Fare,Embarked,FamilySize,IsAlone,Survived,AgeGroup,FareCategory,SocialStatus,Child,FarePerPerson,FamilyType
1,2,male,11.0,0,0,49.09,S,1,1,1,Child,Medium,Middle,1,49.09,Single
2,3,male,15.0,0,0,14.84,S,1,1,0,Teen,Low,Lower,1,14.84,Single
3,3,male,35.0,0,0,6.97,S,1,1,0,Young Adult,Low,Lower,0,6.97,Single
4,3,female,15.0,1,1,28.34,C,3,0,1,Teen,Medium,Lower,1,9.446666666666667,Small Family
5,1,male,44.0,0,0,212.09,S,1,1,1,Adult,Very High,Upper,0,212.09,Single
6,1,female,29.0,0,0,146.77,S,1,1,1,Young Adult,High,Upper,0,146.77,Single
7,1,male,31.0,0,0,144.98,S,1,1,1,Young Adult,High,Upper,0,144.98,Single
8,3,male,26.0,0,0,52.36,S,1,1,0,Young Adult,Medium,Lower,0,52.36,Single
9,3,female,40.0,0,0,37.68,S,1,1,0,Adult,Medium,Lower,0,37.68,Single
10,3,male,40.0,0,1,25.28,S,2,0,0,Adult,Medium,Lower,0,12.64,Small Family
11,1,female,34.0,0,0,243.31125,Q,1,1,1,Young Adult,Very High,Upper,0,243.31125,Single
12,3,male,37.0,3,2,40.92,S,6,0,0,Adult,Medium,Lower,0,6.82,Large Family
13,3,male,27.0,0,0,15.62,S,1,1,0,Young Adult,Low,Lower,0,15.62,Single
14,1,male,37.0,0,1,243.31125,S,2,0,1,Adult,Very High,Upper,0,121.655625,Small Family
15,1,female,26.0,0,0,235.15,S,1,1,1,Young Adult,Very High,Upper,0,235.15,Single
16,1,female,30.0,0,0,181.92,S,1,1,1,Young Adult,Very High,Upper,0,181.92,Single
17,2,female,26.0,2,0,71.78,S,3,0,1,Young Adult,Medium,Middle,0,23.926666666666666,Small Family
18,3,female,24.0,0,0,17.34,Q,1,1,1,Young Adult,Low,Lower,0,17.34,Single
19,2,male,21.0,0,1,119.11,S,2,0,1,Young Adult,High,Middle,0,59.555,Small Family
20,2,male,36.0,1,0,88.19,S,2,0,0,Adult,High,Middle,0,44.095,Small Family
21,3,male,47.0,0,0,32.68,C,1,1,0,Adult,Medium,Lower,0,32.68,Single
22,1,male,45.0,0,0,126.9,S,1,1,1,Adult,High,Upper,0,126.9,Single
23,2,male,14.0,0,1,75.99,S,2,0,1,Teen,Medium,Middle,1,37.995,Small Family
24,2,male,47.0,0,0,50.95,S,1,1,0,Adult,Medium,Middle,0,50.95,Single
25,2,male,26.0,1,1,93.52,S,3,0,0,Young Adult,High,Middle,0,31.173333333333332,Small Family
26,3,male,38.0,0,1,32.1,C,2,0,0,Adult,Medium,Lower,0,16.05,Small Family
27,1,female,18.0,0,1,243.31125,S,2,0,1,Teen,Very High,Upper,0,121.655625,Small Family
28,3,female,32.0,0,0,43.53,S,1,1,1,Young Adult,Medium,Lower,0,43.53,Single
29,3,male,34.0,0,0,31.98,C,1,1,0,Young Adult,Medium,Lower,0,31.98,Single
30,1,female,11.0,4,0,228.28,S,5,0,1,Child,Very High,Upper,1,45.656,Large Family
31,3,female,38.0,0,1,33.09,S,2,0,1,Adult,Medium,Lower,0,16.545,Small Family
32,1,male,47.0,3,1,235.72,S,5,0,1,Adult,Very High,Upper,0,47.144,Large Family
33,1,male,28.0,0,0,218.25,C,1,1,1,Young Adult,Very High,Upper,0,218.25,Single
34,3,male,48.0,1,1,9.51,C,3,0,0,Adult,Low,Lower,0,3.17,Small Family
35,3,female,28.0,0,0,5.99,S,1,1,1,Young Adult,Low,Lower,0,5.99,Single
36,3,female,41.0,0,0,23.03,C,1,1,1,Adult,Low,Lower,0,23.03,Single
37,2,male,1.0,2,0,106.9,C,3,0,1,Child,High,Middle,1,35.63333333333333,Small Family
38,1,male,61.0,2,2,243.31125,Q,5,0,1,Senior,Very High,Upper,0,48.66225,Large Family
39,3,male,49.0,0,1,14.67,S,2,0,0,Adult,Low,Lower,0,7.335,Small Family
40,2,male,26.0,0,1,89.25,C,2,0,0,Young Adult,High,Middle,0,44.625,Small Family
41,1,male,4.0,0,2,243.31125,S,3,0,1,Child,Very High,Upper,1,81.10375,Small Family
42,2,male,34.0,2,0,42.78,C,3,0,1,Young Adult,Medium,Middle,0,14.26,Small Family
43,1,female,11.0,0,2,243.31125,S,3,0,1,Child,Very High,Upper,1,81.10375,Small Family
44,3,male,36.0,1,0,14.96,S,2,0,0,Adult,Low,Lower,0,7.48,Small Family
45,2,male,35.0,1,1,71.51,C,3,0,0,Young Adult,Medium,Middle,0,23.83666666666667,Small Family
46,3,male,18.0,1,1,28.04,C,3,0,0,Teen,Medium,Lower,0,9.346666666666666,Small Family
47,2,male,45.0,0,0,111.9,S,1,1,0,Adult,High,Middle,0,111.9,Single
48,3,male,40.0,0,0,24.18,S,1,1,0,Adult,Low,Lower,0,24.18,Single
49,3,female,43.0,3,0,12.25,S,4,0,1,Adult,Low,Lower,0,3.0625,Small Family
50,1,male,30.0,1,3,243.31125,S,5,0,1,Young Adult,Very High,Upper,0,48.66225,Large Family
51,3,female,12.0,1,0,6.64,S,2,0,1,Child,Low,Lower,1,3.32,Small Family
52,3,male,43.0,0,0,29.2,S,1,1,0,Adult,Medium,Lower,0,29.2,Single
53,3,female,26.0,1,1,58.92,S,3,0,1,Young Adult,Medium,Lower,0,19.64,Small Family
54,3,female,12.0,0,0,41.28,S,1,1,1,Child,Medium,Lower,1,41.28,Single
55,3,male,48.0,0,0,24.55,S,1,1,0,Adult,Low,Lower,0,24.55,Single
56,3,male,57.0,1,0,13.04,Q,2,0,0,Adult,Low,Lower,0,6.52,Small Family
57,1,male,29.0,0,0,243.31125,S,1,1,1,Young Adult,Very High,Upper,0,243.31125,Single
58,1,female,58.0,1,1,213.07,S,3,0,1,Adult,Very High,Upper,0,71.02333333333333,Small Family
59,1,male,31.0,0,0,194.81,C,1,1,1,Young Adult,Very High,Upper,0,194.81,Single
60,2,female,25.0,0,0,63.55,S,1,1,1,Young Adult,Medium,Middle,0,63.55,Single
61,2,male,22.0,0,0,114.86,S,1,1,1,Young Adult,High,Middle,0,114.86,Single
62,2,male,51.0,0,0,60.03,S,1,1,1,Adult,Medium,Middle,0,60.03,Single
63,3,male,20.0,0,2,59.94,S,3,0,0,Young Adult,Medium,Lower,0,19.98,Small Family
64,2,female,40.0,1,2,79.47,S,4,0,1,Adult,Medium,Middle,0,19.8675,Small Family
65,2,male,23.0,1,0,44.04,S,2,0,0,Young Adult,Medium,Middle,0,22.02,Small Family
66,3,female,24.0,0,0,53.09,Q,1,1,0,Young Adult,Medium,Lower,0,53.09,Single
67,1,male,43.0,0,0,243.31125,S,1,1,0,Adult,Very High,Upper,0,243.31125,Single
68,3,female,25.0,1,0,46.22,C,2,0,1,Young Adult,Medium,Lower,0,23.11,Small Family
69,1,male,25.0,1,0,243.31125,S,2,0,1,Young Adult,Very High,Upper,0,121.655625,Small Family
70,3,female,45.0,1,1,7.11,S,3,0,0,Adult,Low,Lower,0,2.37,Small Family
71,3,male,51.0,1,0,16.72,S,2,0,0,Adult,Low,Lower,0,8.36,Small Family
72,1,male,38.0,0,0,243.31125,S,1,1,1,Adult,Very High,Upper,0,243.31125,Single
73,1,male,21.0,0,0,243.31125,C,1,1,1,Young Adult,Very High,Upper,0,243.31125,Single
74,3,female,23.0,0,0,5.85,S,1,1,0,Young Adult,Low,Lower,0,5.85,Single
75,3,male,31.0,0,1,28.16,S,2,0,0,Young Adult,Medium,Lower,0,14.08,Small Family
76,3,male,34.0,1,0,14.83,S,2,0,0,Young Adult,Low,Lower,0,7.415,Small Family
77,3,male,17.0,0,0,52.06,S,1,1,0,Teen,Medium,Lower,0,52.06,Single
78,1,female,39.0,3,0,243.31125,C,4,0,1,Adult,Very High,Upper,0,60.8278125,Small Family
79,2,male,31.0,2,2,79.96,C,5,0,1,Young Adult,Medium,Middle,0,15.991999999999999,Large Family
80,1,male,8.0,2,0,148.4,C,3,0,1,Child,High,Upper,1,49.46666666666667,Small Family
81,3,female,18.0,2,1,19.07,S,4,0,1,Teen,Low,Lower,0,4.7675,Small Family
82,3,female,23.0,0,0,31.12,S,1,1,0,Young Adult,Medium,Lower,0,31.12,Single
83,2,male,29.0,2,2,47.44,S,5,0,1,Young Adult,Medium,Middle,0,9.488,Large Family
84,1,female,55.0,0,1,148.7,S,2,0,1,Adult,High,Upper,0,74.35,Small Family
85,2,female,33.0,0,0,99.44,S,1,1,1,Young Adult,High,Middle,0,99.44,Single
86,2,male,19.0,1,1,65.04,Q,3,0,0,Teen,Medium,Middle,0,21.680000000000003,Small Family
87,3,male,33.0,0,1,45.85,Q,2,0,0,Young Adult,Medium,Lower,0,22.925,Small Family
88,3,female,25.0,4,0,35.74,Q,5,0,1,Young Adult,Medium,Lower,0,7.148000000000001,Large Family
89,3,male,34.0,1,0,16.79,S,2,0,0,Young Adult,Low,Lower,0,8.395,Small Family
90,2,female,38.0,1,0,82.8,S,2,0,1,Adult,High,Middle,0,41.4,Small Family
91,1,female,46.0,0,0,137.48,C,1,1,1,Adult,High,Upper,0,137.48,Single
92,3,female,30.0,1,1,31.16,C,3,0,1,Young Adult,Medium,Lower,0,10.386666666666667,Small Family
93,3,male,51.0,0,1,30.34,C,2,0,0,Adult,Medium,Lower,0,15.17,Small Family
94,3,female,42.0,2,0,11.1,S,3,0,1,Adult,Low,Lower,0,3.6999999999999997,Small Family
95,3,female,21.0,0,1,15.06,C,2,0,1,Young Adult,Low,Lower,0,7.53,Small Family
96,2,male,59.0,1,0,81.85,S,2,0,0,Adult,High,Middle,0,40.925,Small Family
97,3,male,34.0,0,0,18.34,S,1,1,0,Young Adult,Low,Lower,0,18.34,Single
98,2,female,19.0,0,2,84.45,C,3,0,1,Teen,High,Middle,0,28.150000000000002,Small Family
99,1,male,51.0,0,0,139.7,S,1,1,1,Adult,High,Upper,0,139.7,Single
100,1,female,57.0,0,0,243.31125,S,1,1,1,Adult,Very High,Upper,0,243.31125,Single
101,1,male,30.0,1,1,173.78,S,3,0,1,Young Adult,Very High,Upper,0,57.92666666666667,Small Family
102,3,male,23.0,0,0,50.02,S,1,1,0,Young Adult,Medium,Lower,0,50.02,Single
103,2,male,28.0,0,0,88.13,S,1,1,0,Young Adult,High,Middle,0,88.13,Single
104,3,female,39.0,0,0,21.78,S,1,1,1,Adult,Low,Lower,0,21.78,Single
105,3,female,47.0,0,0,51.42,S,1,1,1,Adult,Medium,Lower,0,51.42,Single
106,1,female,37.0,0,2,243.31125,S,3,0,1,Adult,Very High,Upper,0,81.10375,Small Family
107,2,female,31.0,1,0,54.67,C,2,0,1,Young Adult,Medium,Middle,0,27.335,Small Family
108,3,female,49.0,0,0,44.25,S,1,1,1,Adult,Medium,Lower,0,44.25,Single
109,1,male,26.0,0,0,243.31125,C,1,1,1,Young Adult,Very High,Upper,0,243.31125,Single
110,1,male,43.0,0,0,243.31125,S,1,1,0,Adult,Very High,Upper,0,243.31125,Single
111,2,male,26.0,0,0,75.19,S,1,1,0,Young Adult,Medium,Middle,0,75.19,Single
112,1,male,36.0,0,0,243.31125,S,1,1,1,Adult,Very High,Upper,0,243.31125,Single
113,3,male,29.0,0,0,56.18,S,1,1,0,Young Adult,Medium,Lower,0,56.18,Single
114,3,male,29.0,1,0,22.64,C,2,0,0,Young Adult,Low,Lower,0,11.32,Small Family
115,3,female,25.0,0,0,34.72,S,1,1,1,Young Adult,Medium,Lower,0,34.72,Single
116,3,male,47.0,0,1,30.3,Q,2,0,0,Adult,Medium,Lower,0,15.15,Small Family
117,3,male,20.0,0,2,48.07,S,3,0,0,Young Adult,Medium,Lower,0,16.023333333333333,Small Family
118,1,male,20.0,1,2,168.89,Q,4,0,1,Young Adult,Very High,Upper,0,42.2225,Small Family
119,3,male,58.0,3,0,39.49,S,4,0,0,Adult,Medium,Lower,0,9.8725,Small Family
120,3,female,43.0,0,0,46.84,S,1,1,0,Adult,Medium,Lower,0,46.84,Single
121,3,female,1.0,4,1,30.97,S,6,0,1,Child,Medium,Lower,1,5.161666666666666,Large Family
122,3,male,23.0,0,0,10.79,S,1,1,0,Young Adult,Low,Lower,0,10.79,Single
123,2,female,6.0,0,0,58.45,S,1,1,1,Child,Medium,Middle,1,58.45,Single
124,1,male,18.0,0,1,195.54,S,2,0,1,Teen,Very High,Upper,0,97.77,Small Family
125,1,male,1.0,0,1,119.16,S,2,0,1,Child,High,Upper,1,59.58,Small Family
126,2,male,28.0,0,2,41.71,C,3,0,1,Young Adult,Medium,Middle,0,13.903333333333334,Small Family
127,3,male,15.0,0,1,35.82,C,2,0,0,Teen,Medium,Lower,1,17.91,Small Family
128,3,female,31.0,0,1,17.56,S,2,0,0,Young Adult,Low,Lower,0,8.78,Small Family
129,1,female,9.0,0,0,195.37,S,1,1,1,Child,Very High,Upper,1,195.37,Single
130,3,male,31.0,0,2,23.52,S,3,0,0,Young Adult,Low,Lower,0,7.84,Small Family
131,2,male,25.0,0,0,77.22,C,1,1,1,Young Adult,Medium,Middle,0,77.22,Single
132,1,male,50.0,2,2,243.31125,S,5,0,1,Adult,Very High,Upper,0,48.66225,Large Family
133,1,female,48.0,0,0,197.07,S,1,1,1,Adult,Very High,Upper,0,197.07,Single
134,2,female,40.0,1,0,116.62,S,2,0,1,Adult,High,Middle,0,58.31,Small Family
135,3,male,26.0,1,1,36.77,S,3,0,0,Young Adult,Medium,Lower,0,12.256666666666668,Small Family
136,2,female,56.0,0,0,43.71,S,1,1,1,Adult,Medium,Middle,0,43.71,Single
137,3,male,10.0,0,1,18.58,S,2,0,0,Child,Low,Lower,1,9.29,Small Family
138,3,female,12.0,0,0,14.47,S,1,1,1,Child,Low,Lower,1,14.47,Single
139,2,male,29.0,0,2,60.35,S,3,0,0,Young Adult,Medium,Middle,0,20.116666666666667,Small Family
140,3,male,59.0,0,1,42.33,S,2,0,0,Adult,Medium,Lower,0,21.165,Small Family
141,3,male,27.0,0,0,32.47,S,1,1,0,Young Adult,Medium,Lower,0,32.47,Single
142,2,female,28.0,0,0,68.59,S,1,1,1,Young Adult,Medium,Middle,0,68.59,Single
143,2,male,11.0,2,0,85.39,S,3,0,1,Child,High,Middle,1,28.463333333333335,Small Family
144,2,male,42.0,0,1,82.79,S,2,0,0,Adult,High,Middle,0,41.395,Small Family
145,2,male,42.0,1,0,72.1,S,2,0,1,Adult,Medium,Middle,0,36.05,Small Family
146,1,male,40.0,0,0,243.31125,S,1,1,1,Adult,Very High,Upper,0,243.31125,Single
147,3,male,22.0,2,0,59.62,S,3,0,0,Young Adult,Medium,Lower,0,19.87333333333333,Small Family
148,3,male,21.0,0,0,26.3,C,1,1,0,Young Adult,Medium,Lower,0,26.3,Single
149,1,male,13.0,0,0,243.31125,S,1,1,1,Teen,Very High,Upper,1,243.31125,Single
150,2,female,31.0,3,0,49.05,S,4,0,0,Young Adult,Medium,Middle,0,12.2625,Small Family
151,3,female,16.0,1,0,16.23,S,2,0,1,Teen,Low,Lower,0,8.115,Small Family
152,1,female,15.0,0,1,170.83,S,2,0,1,Teen,Very High,Upper,1,85.415,Small Family
153,1,male,24.0,0,0,106.83,Q,1,1,1,Young Adult,High,Upper,0,106.83,Single
154,2,male,24.0,1,2,72.86,C,4,0,0,Young Adult,Medium,Middle,0,18.215,Small Family
155,3,male,23.0,2,0,58.04,S,3,0,0,Young Adult,Medium,Lower,0,19.346666666666668,Small Family
156,1,female,36.0,0,0,106.86,S,1,1,1,Adult,High,Upper,0,106.86,Single
157,3,female,31.0,0,0,18.61,C,1,1,1,Young Adult,Low,Lower,0,18.61,Single
158,3,male,26.0,1,0,38.96,C,2,0,0,Young Adult,Medium,Lower,0,19.48,Small Family
159,1,male,32.0,0,0,243.31125,S,1,1,1,Young Adult,Very High,Upper,0,243.31125,Single
160,3,female,17.0,1,1,8.97,S,3,0,0,Teen,Low,Lower,0,2.99,Small Family
161,2,male,31.0,0,0,65.03,C,1,1,0,Young Adult,Medium,Middle,0,65.03,Single
162,3,female,32.0,3,1,28.36,C,5,0,1,Young Adult,Medium,Lower,0,5.672,Large Family
163,3,female,10.0,1,0,33.5,S,2,0,1,Child,Medium,Lower,1,16.75,Small Family
164,3,male,43.0,1,0,14.72,S,2,0,0,Adult,Low,Lower,0,7.36,Small Family
165,1,female,19.0,0,0,243.31125,S,1,1,1,Teen,Very High,Upper,0,243.31125,Single
166,3,male,31.0,0,2,25.23,S,3,0,0,Young Adult,Medium,Lower,0,8.41,Small Family
167,2,female,45.0,0,0,111.77,S,1,1,1,Adult,High,Middle,0,111.77,Single
168,1,female,42.0,1,1,123.97,S,3,0,1,Adult,High,Upper,0,41.32333333333333,Small Family
169,1,female,30.0,1,0,195.34,C,2,0,1,Young Adult,Very High,Upper,0,97.67,Small Family
170,3,male,25.0,0,0,48.04,S,1,1,0,Young Adult,Medium,Lower,0,48.04,Single
171,3,male,42.0,1,0,11.35,S,2,0,0,Adult,Low,Lower,0,5.675,Small Family
172,1,male,39.0,1,1,179.94,C,3,0,1,Adult,Very High,Upper,0,59.98,Small Family
173,3,female,22.0,0,1,13.74,S,2,0,1,Young Adult,Low,Lower,0,6.87,Small Family
174,1,female,20.0,0,0,243.31125,C,1,1,1,Young Adult,Very High,Upper,0,243.31125,Single
175,3,male,3.0,1,1,46.76,C,3,0,0,Child,Medium,Lower,1,15.586666666666666,Small Family
176,1,male,32.0,0,0,197.03,S,1,1,0,Young Adult,Very High,Upper,0,197.03,Single
177,3,male,29.0,1,2,6.7,S,4,0,0,Young Adult,Low,Lower,0,1.675,Small Family
178,2,female,45.0,0,1,84.19,C,2,0,1,Adult,High,Middle,0,42.095,Small Family
179,3,male,35.0,4,1,52.04,S,6,0,0,Young Adult,Medium,Lower,0,8.673333333333334,Large Family
180,1,male,47.0,0,1,243.31125,S,2,0,1,Adult,Very High,Upper,0,121.655625,Small Family
181,2,male,21.0,0,0,109.17,C,1,1,1,Young Adult,High,Middle,0,109.17,Single
182,1,male,45.0,0,0,133.27,S,1,1,1,Adult,High,Upper,0,133.27,Single
183,3,female,23.0,0,0,46.66,S,1,1,1,Young Adult,Medium,Lower,0,46.66,Single
184,3,male,40.0,0,0,19.07,S,1,1,0,Adult,Low,Lower,0,19.07,Single
185,2,male,11.0,0,0,47.64,S,1,1,1,Child,Medium,Middle,1,47.64,Single
186,3,male,33.0,3,0,22.3,S,4,0,0,Young Adult,Low,Lower,0,5.575,Small Family
187,3,male,4.0,3,0,17.41,S,4,0,0,Child,Low,Lower,1,4.3525,Small Family
188,3,female,27.0,0,0,58.33,S,1,1,1,Young Adult,Medium,Lower,0,58.33,Single
189,3,male,36.0,1,0,55.19,S,2,0,0,Adult,Medium,Lower,0,27.595,Small Family
190,1,female,23.0,0,0,243.31125,C,1,1,1,Young Adult,Very High,Upper,0,243.31125,Single
191,1,female,16.0,1,1,105.42,S,3,0,1,Teen,High,Upper,0,35.14,Small Family
192,3,male,41.0,1,0,45.03,S,2,0,0,Adult,Medium,Lower,0,22.515,Small Family
193,3,male,29.0,0,1,19.06,S,2,0,0,Young Adult,Low,Lower,0,9.53,Small Family
194,3,male,24.0,1,0,14.27,C,2,0,0,Young Adult,Low,Lower,0,7.135,Small Family
195,2,female,31.0,1,0,46.93,S,2,0,1,Young Adult,Medium,Middle,0,23.465,Small Family
196,2,male,62.375,0,0,104.14,S,1,1,1,Senior,High,Middle,0,104.14,Single
197,3,male,45.0,2,0,10.36,Q,3,0,0,Adult,Low,Lower,0,3.453333333333333,Small Family
198,3,female,45.0,2,0,36.45,C,3,0,1,Adult,Medium,Lower,0,12.15,Small Family
199,3,male,36.0,0,0,5.84,S,1,1,0,Adult,Low,Lower,0,5.84,Single
200,3,female,32.0,1,0,54.05,C,2,0,1,Young Adult,Medium,Lower,0,27.025,Small Family
201,3,female,1.0,4,0,55.64,Q,5,0,1,Child,Medium,Lower,1,11.128,Large Family
202,1,male,21.0,0,1,243.31125,C,2,0,1,Young Adult,Very High,Upper,0,121.655625,Small Family
203,1,male,24.0,0,0,107.79,S,1,1,1,Young Adult,High,Upper,0,107.79,Single
204,3,male,6.0,0,0,19.02,S,1,1,0,Child,Low,Lower,1,19.02,Single
205,3,male,15.0,2,0,45.93,S,3,0,0,Teen,Medium,Lower,1,15.31,Small Family
206,1,female,4.0,1,0,162.35,S,2,0,1,Child,Very High,Upper,1,81.175,Small Family
207,1,male,30.0,0,2,243.31125,S,3,0,1,Young Adult,Very High,Upper,0,81.10375,Small Family
208,3,male,41.0,4,0,30.62,S,5,0,0,Adult,Medium,Lower,0,6.1240000000000006,Large Family
209,1,male,44.0,1,0,243.31125,S,2,0,0,Adult,Very High,Upper,0,121.655625,Small Family
210,1,female,35.0,2,0,181.12,S,3,0,1,Young Adult,Very High,Upper,0,60.373333333333335,Small Family
211,3,male,17.0,0,0,27.32,S,1,1,0,Teen,Medium,Lower,0,27.32,Single
212,3,female,5.0,0,0,57.35,S,1,1,1,Child,Medium,Lower,1,57.35,Single
213,3,female,7.0,1,2,19.23,S,4,0,1,Child,Low,Lower,1,4.8075,Small Family
214,1,male,14.0,0,0,138.95,S,1,1,1,Teen,High,Upper,1,138.95,Single
215,3,male,18.0,1,0,57.33,Q,2,0,0,Teen,Medium,Lower,0,28.665,Small Family
216,1,male,28.0,1,0,124.96,C,2,0,1,Young Adult,High,Upper,0,62.48,Small Family
217,2,male,17.0,0,0,115.86,S,1,1,1,Teen,High,Middle,0,115.86,Single
218,3,male,34.0,2,0,8.23,S,3,0,0,Young Adult,Low,Lower,0,2.7433333333333336,Small Family
219,3,female,27.0,0,0,57.42,S,1,1,0,Young Adult,Medium,Lower,0,57.42,Single
220,3,female,30.0,0,0,15.31,S,1,1,1,Young Adult,Low,Lower,0,15.31,Single
221,3,female,45.0,0,0,58.9,S,1,1,0,Adult,Medium,Lower,0,58.9,Single
222,3,male,15.0,0,0,14.66,S,1,1,0,Teen,Low,Lower,1,14.66,Single
223,1,female,35.0,0,0,243.31125,S,1,1,1,Young Adult,Very High,Upper,0,243.31125,Single
224,2,female,30.0,1,0,100.08,S,2,0,1,Young Adult,High,Middle,0,50.04,Small Family
225,2,male,26.0,1,0,97.36,S,2,0,0,Young Adult,High,Middle,0,48.68,Small Family
226,1,female,42.0,0,0,243.31125,C,1,1,1,Adult,Very High,Upper,0,243.31125,Single
227,3,male,41.0,1,0,58.09,C,2,0,0,Adult,Medium,Lower,0,29.045,Small Family
228,2,male,18.0,0,2,105.23,S,3,0,1,Teen,High,Middle,0,35.07666666666667,Small Family
229,3,female,28.0,0,1,40.93,C,2,0,1,Young Adult,Medium,Lower,0,20.465,Small Family
230,3,male,34.0,1,3,12.56,Q,5,0,0,Young Adult,Low,Lower,0,2.512,Large Family
231,3,male,26.0,1,2,50.34,C,4,0,0,Young Adult,Medium,Lower,0,12.585,Small Family
232,3,male,38.0,1,1,34.84,C,3,0,0,Adult,Medium,Lower,0,11.613333333333335,Small Family
233,3,male,34.0,0,2,58.87,Q,3,0,0,Young Adult,Medium,Lower,0,19.62333333333333,Small Family
234,2,male,54.0,1,1,47.47,S,3,0,1,Adult,Medium,Middle,0,15.823333333333332,Small Family
235,1,male,10.0,1,1,243.31125,S,3,0,1,Child,Very High,Upper,1,81.10375,Small Family
236,3,female,28.0,3,0,24.03,Q,4,0,1,Young Adult,Low,Lower,0,6.0075,Small Family
237,2,male,18.0,0,0,110.19,S,1,1,0,Teen,High,Middle,0,110.19,Single
238,1,male,38.0,0,1,126.22,C,2,0,1,Adult,High,Upper,0,63.11,Small Family
239,3,female,9.0,1,0,47.81,C,2,0,1,Child,Medium,Lower,1,23.905,Small Family
240,1,female,35.0,4,1,135.68,S,6,0,1,Young Adult,High,Upper,0,22.613333333333333,Large Family
241,3,male,22.0,0,0,36.92,S,1,1,0,Young Adult,Medium,Lower,0,36.92,Single
242,3,male,20.0,0,0,56.27,S,1,1,0,Young Adult,Medium,Lower,0,56.27,Single
243,3,male,11.0,0,1,10.93,S,2,0,0,Child,Low,Lower,1,5.465,Small Family
244,2,male,24.0,0,2,68.67,S,3,0,0,Young Adult,Medium,Middle,0,22.89,Small Family
245,1,male,44.0,0,0,232.74,S,1,1,1,Adult,Very High,Upper,0,232.74,Single
246,3,male,30.0,0,1,22.34,S,2,0,0,Young Adult,Low,Lower,0,11.17,Small Family
247,2,male,38.0,0,1,57.93,S,2,0,0,Adult,Medium,Middle,0,28.965,Small Family
248,3,male,52.0,0,0,35.0,S,1,1,0,Adult,Medium,Lower,0,35.0,Single
249,3,male,33.0,0,0,59.23,C,1,1,0,Young Adult,Medium,Lower,0,59.23,Single
250,3,male,23.0,0,0,53.9,C,1,1,0,Young Adult,Medium,Lower,0,53.9,Single
251,2,male,36.0,0,0,76.22,S,1,1,1,Adult,Medium,Middle,0,76.22,Single
252,2,male,23.0,3,0,62.22,S,4,0,1,Young Adult,Medium,Middle,0,15.555,Small Family
253,3,male,23.0,0,0,19.4,Q,1,1,0,Young Adult,Low,Lower,0,19.4,Single
254,2,female,10.0,1,0,119.27,S,2,0,1,Child,High,Middle,1,59.635,Small Family
255,1,male,42.0,0,1,243.31125,S,2,0,1,Adult,Very High,Upper,0,121.655625,Small Family
256,3,male,25.0,2,0,48.41,S,3,0,0,Young Adult,Medium,Lower,0,16.136666666666667,Small Family
257,3,female,32.0,0,0,29.74,S,1,1,0,Young Adult,Medium,Lower,0,29.74,Single
258,3,male,17.0,0,0,10.67,S,1,1,0,Teen,Low,Lower,0,10.67,Single
259,3,male,36.0,0,1,23.3,S,2,0,0,Adult,Low,Lower,0,11.65,Small Family
260,1,male,20.0,1,1,243.31125,S,3,0,1,Young Adult,Very High,Upper,0,81.10375,Small Family
261,3,female,28.0,0,0,48.0,S,1,1,0,Young Adult,Medium,Lower,0,48.0,Single
262,3,male,41.0,0,2,43.53,S,3,0,1,Adult,Medium,Lower,0,14.51,Small Family
263,1,male,40.0,0,1,172.81,S,2,0,1,Adult,Very High,Upper,0,86.405,Small Family
264,3,female,30.0,1,1,39.18,S,3,0,1,Young Adult,Medium,Lower,0,13.06,Small Family
265,3,male,7.0,0,1,53.08,S,2,0,0,Child,Medium,Lower,1,26.54,Small Family
266,3,male,62.375,0,0,43.36,C,1,1,0,Senior,Medium,Lower,0,43.36,Single
267,3,female,53.0,0,0,33.11,S,1,1,0,Adult,Medium,Lower,0,33.11,Single
268,3,male,39.0,0,0,22.15,S,1,1,0,Adult,Low,Lower,0,22.15,Single
269,2,male,20.0,2,0,104.76,S,3,0,1,Young Adult,High,Middle,0,34.92,Small Family
270,2,female,29.0,0,0,51.35,C,1,1,1,Young Adult,Medium,Middle,0,51.35,Single
271,3,female,23.0,0,2,52.05,C,3,0,1,Young Adult,Medium,Lower,0,17.349999999999998,Small Family
272,3,female,46.0,2,0,48.06,S,3,0,1,Adult,Medium,Lower,0,16.02,Small Family
273,3,female,33.0,1,2,49.89,S,4,0,1,Young Adult,Medium,Lower,0,12.4725,Small Family
274,3,male,20.0,0,0,59.44,S,1,1,0,Young Adult,Medium,Lower,0,59.44,Single
275,3,male,24.0,2,0,46.18,S,3,0,0,Young Adult,Medium,Lower,0,15.393333333333333,Small Family
276,3,female,45.0,0,0,6.87,C,1,1,1,Adult,Low,Lower,0,6.87,Single
277,3,female,51.0,0,0,16.3,S,1,1,0,Adult,Low,Lower,0,16.3,Single
278,3,female,50.0,4,3,6.94,S,8,0,1,Adult,Low,Lower,0,0.8675,Large Family
279,3,male,40.0,3,1,15.45,S,5,0,0,Adult,Low,Lower,0,3.09,Large Family
280,3,female,27.0,0,0,8.38,S,1,1,1,Young Adult,Low,Lower,0,8.38,Single
281,3,male,1.0,0,2,32.59,S,3,0,0,Child,Medium,Lower,1,10.863333333333335,Small Family
282,2,male,34.0,0,1,93.55,S,2,0,0,Young Adult,High,Middle,0,46.775,Small Family
283,2,female,30.0,0,0,110.4,S,1,1,1,Young Adult,High,Middle,0,110.4,Single
284,1,male,32.0,0,0,218.38,S,1,1,1,Young Adult,Very High,Upper,0,218.38,Single
285,3,male,31.0,0,0,46.17,S,1,1,0,Young Adult,Medium,Lower,0,46.17,Single
286,1,male,13.0,3,0,243.31125,S,4,0,1,Teen,Very High,Upper,1,60.8278125,Small Family
287,2,male,37.0,2,1,90.89,S,4,0,0,Adult,High,Middle,0,22.7225,Small Family
288,3,female,38.0,0,0,34.21,S,1,1,1,Adult,Medium,Lower,0,34.21,Single
289,2,female,39.0,0,0,41.37,C,1,1,1,Adult,Medium,Middle,0,41.37,Single
290,3,male,42.0,0,0,32.16,S,1,1,0,Adult,Medium,Lower,0,32.16,Single
291,1,female,38.0,0,2,243.31125,S,3,0,1,Adult,Very High,Upper,0,81.10375,Small Family
292,1,female,25.0,0,1,155.71,C,2,0,1,Young Adult,Very High,Upper,0,77.855,Small Family
293,3,female,29.0,1,0,17.83,C,2,0,1,Young Adult,Low,Lower,0,8.915,Small Family
294,2,female,31.0,0,0,74.09,C,1,1,1,Young Adult,Medium,Middle,0,74.09,Single
295,1,male,31.0,2,0,243.31125,S,3,0,1,Young Adult,Very High,Upper,0,81.10375,Small Family
296,3,female,43.0,1,1,36.32,S,3,0,1,Adult,Medium,Lower,0,12.106666666666667,Small Family
297,3,male,38.0,0,0,19.9,S,1,1,0,Adult,Low,Lower,0,19.9,Single
298,1,male,57.0,0,1,218.76,S,2,0,1,Adult,Very High,Upper,0,109.38,Small Family
299,3,male,59.0,1,2,10.28,S,4,0,1,Adult,Low,Lower,0,2.57,Small Family
300,1,female,31.0,2,0,243.31125,C,3,0,1,Young Adult,Very High,Upper,0,81.10375,Small Family
301,1,male,1.0,1,0,224.25,S,2,0,1,Child,Very High,Upper,1,112.125,Small Family
302,3,female,46.0,0,0,8.61,S,1,1,0,Adult,Low,Lower,0,8.61,Single
303,3,male,23.0,0,0,14.16,S,1,1,0,Young Adult,Low,Lower,0,14.16,Single
304,3,male,20.0,0,0,36.96,S,1,1,0,Young Adult,Medium,Lower,0,36.96,Single
305,3,male,25.0,4,0,17.78,C,5,0,1,Young Adult,Low,Lower,0,3.556,Large Family
306,3,male,24.0,1,0,56.39,S,2,0,0,Young Adult,Medium,Lower,0,28.195,Small Family
307,3,male,38.0,1,0,46.56,S,2,0,0,Adult,Medium,Lower,0,23.28,Small Family
308,2,male,10.0,0,2,117.2,S,3,0,1,Child,High,Middle,1,39.06666666666667,Small Family
309,3,male,16.0,1,0,5.34,C,2,0,0,Teen,Low,Lower,0,2.67,Small Family
310,2,male,34.0,0,0,116.33,C,1,1,0,Young Adult,High,Middle,0,116.33,Single
311,2,female,38.0,0,1,51.28,S,2,0,1,Adult,Medium,Middle,0,25.64,Small Family
312,1,male,38.0,0,0,195.24,S,1,1,1,Adult,Very High,Upper,0,195.24,Single
313,1,male,20.0,3,1,123.94,S,5,0,1,Young Adult,High,Upper,0,24.788,Large Family
314,3,male,17.0,1,1,12.86,Q,3,0,0,Teen,Low,Lower,0,4.286666666666666,Small Family
315,3,male,23.0,0,0,42.14,S,1,1,0,Young Adult,Medium,Lower,0,42.14,Single
316,3,male,33.0,2,0,29.77,S,3,0,0,Young Adult,Medium,Lower,0,9.923333333333334,Small Family
317,2,female,49.0,0,0,40.57,S,1,1,1,Adult,Medium,Middle,0,40.57,Single
318,1,male,3.0,0,0,243.31125,C,1,1,1,Child,Very High,Upper,1,243.31125,Single
319,1,female,27.0,0,0,243.31125,C,1,1,1,Young Adult,Very High,Upper,0,243.31125,Single
320,2,male,13.0,0,2,94.67,S,3,0,1,Teen,High,Middle,1,31.55666666666667,Small Family
321,3,female,9.0,0,0,20.61,S,1,1,1,Child,Low,Lower,1,20.61,Single
322,3,female,43.0,0,0,45.43,S,1,1,0,Adult,Medium,Lower,0,45.43,Single
323,3,male,37.0,1,2,15.07,S,4,0,0,Adult,Low,Lower,0,3.7675,Small Family
324,2,male,36.0,0,1,71.44,S,2,0,0,Adult,Medium,Middle,0,35.72,Small Family
325,3,female,42.0,1,0,45.97,C,2,0,1,Adult,Medium,Lower,0,22.985,Small Family
326,3,male,24.0,0,0,41.31,C,1,1,0,Young Adult,Medium,Lower,0,41.31,Single
327,3,female,24.0,1,0,19.88,Q,2,0,1,Young Adult,Low,Lower,0,9.94,Small Family
328,3,female,58.0,1,2,11.72,S,4,0,1,Adult,Low,Lower,0,2.93,Small Family
329,2,male,27.0,1,0,66.76,S,2,0,0,Young Adult,Medium,Middle,0,33.38,Small Family
330,1,male,40.0,0,2,106.42,C,3,0,1,Adult,High,Upper,0,35.473333333333336,Small Family
331,2,female,30.0,1,0,45.87,S,2,0,1,Young Adult,Medium,Middle,0,22.935,Small Family
332,3,female,6.0,0,1,11.32,S,2,0,1,Child,Low,Lower,1,5.66,Small Family
333,1,female,3.0,2,0,163.21,S,3,0,1,Child,Very High,Upper,1,54.403333333333336,Small Family
334,1,female,22.0,0,3,131.63,Q,4,0,1,Young Adult,High,Upper,0,32.9075,Small Family
335,1,male,44.0,0,2,243.31125,C,3,0,1,Adult,Very High,Upper,0,81.10375,Small Family
336,1,male,40.0,0,0,156.53,S,1,1,1,Adult,Very High,Upper,0,156.53,Single
337,3,female,42.0,1,1,34.89,S,3,0,1,Adult,Medium,Lower,0,11.63,Small Family
338,3,male,17.0,0,1,9.97,C,2,0,0,Teen,Low,Lower,0,4.985,Small Family
339,2,male,51.0,3,2,42.75,C,6,0,0,Adult,Medium,Middle,0,7.125,Large Family
340,1,female,17.0,4,0,179.65,S,5,0,1,Teen,Very High,Upper,0,35.93,Large Family
341,2,male,33.0,1,0,70.89,S,2,0,1,Young Adult,Medium,Middle,0,35.445,Small Family
342,2,male,30.0,0,1,67.17,S,2,0,1,Young Adult,Medium,Middle,0,33.585,Small Family
343,1,female,28.0,1,1,243.31125,S,3,0,1,Young Adult,Very High,Upper,0,81.10375,Small Family
344,2,female,47.0,0,0,111.6,Q,1,1,1,Adult,High,Middle,0,111.6,Single
345,2,male,21.0,0,1,41.52,S,2,0,0,Young Adult,Medium,Middle,0,20.76,Small Family
346,3,male,12.0,2,0,11.53,S,3,0,0,Child,Low,Lower,1,3.8433333333333333,Small Family
347,3,female,30.0,3,1,20.44,S,5,0,0,Young Adult,Low,Lower,0,4.088,Large Family
348,1,female,25.0,3,0,243.31125,S,4,0,1,Young Adult,Very High,Upper,0,60.8278125,Small Family
349,2,male,62.375,0,0,73.61,S,1,1,0,Senior,Medium,Middle,0,73.61,Single
350,3,male,39.0,0,0,58.25,C,1,1,0,Adult,Medium,Lower,0,58.25,Single
351,3,male,25.0,0,0,40.06,S,1,1,0,Young Adult,Medium,Lower,0,40.06,Single
352,3,male,16.0,0,0,24.29,S,1,1,0,Teen,Low,Lower,0,24.29,Single
353,3,female,6.0,0,0,43.14,S,1,1,1,Child,Medium,Lower,1,43.14,Single
354,1,male,17.0,0,0,243.31125,C,1,1,1,Teen,Very High,Upper,0,243.31125,Single
355,1,male,31.0,1,0,141.95,C,2,0,1,Young Adult,High,Upper,0,70.975,Small Family
356,3,male,49.0,1,1,18.41,S,3,0,0,Adult,Low,Lower,0,6.136666666666667,Small Family
357,1,female,45.0,1,0,243.31125,S,2,0,1,Adult,Very High,Upper,0,121.655625,Small Family
358,3,male,33.0,1,0,9.14,S,2,0,0,Young Adult,Low,Lower,0,4.57,Small Family
359,3,male,26.0,0,0,28.11,S,1,1,0,Young Adult,Medium,Lower,0,28.11,Single
360,3,male,33.0,0,2,39.0,S,3,0,0,Young Adult,Medium,Lower,0,13.0,Small Family
361,2,male,23.0,1,1,118.87,C,3,0,0,Young Adult,High,Middle,0,39.623333333333335,Small Family
362,3,female,52.0,0,0,49.57,S,1,1,0,Adult,Medium,Lower,0,49.57,Single
363,2,male,28.0,0,1,85.41,Q,2,0,0,Young Adult,High,Middle,0,42.705,Small Family
364,3,male,29.0,0,3,9.83,S,4,0,0,Young Adult,Low,Lower,0,2.4575,Small Family
365,3,male,1.0,0,0,32.12,S,1,1,0,Child,Medium,Lower,1,32.12,Single
366,2,male,27.0,1,2,116.12,S,4,0,1,Young Adult,High,Middle,0,29.03,Small Family
367,3,male,41.0,2,0,49.25,S,3,0,0,Adult,Medium,Lower,0,16.416666666666668,Small Family
368,3,female,16.0,2,0,19.65,S,3,0,1,Teen,Low,Lower,0,6.55,Small Family
369,1,male,20.0,0,0,243.31125,C,1,1,1,Young Adult,Very High,Upper,0,243.31125,Single
370,1,female,40.0,0,0,243.31125,S,1,1,1,Adult,Very High,Upper,0,243.31125,Single
371,1,male,11.0,2,0,195.07,S,3,0,1,Child,Very High,Upper,1,65.02333333333333,Small Family
372,1,female,44.0,0,0,243.31125,C,1,1,1,Adult,Very High,Upper,0,243.31125,Single
373,1,male,23.0,0,0,243.31125,Q,1,1,1,Young Adult,Very High,Upper,0,243.31125,Single
374,3,male,25.0,2,0,53.19,S,3,0,0,Young Adult,Medium,Lower,0,17.73,Small Family
375,1,male,15.0,1,0,216.83,C,2,0,1,Teen,Very High,Upper,1,108.415,Small Family
376,2,male,35.0,2,0,114.06,S,3,0,1,Young Adult,High,Middle,0,38.02,Small Family
377,3,male,62.0,0,0,44.97,S,1,1,0,Senior,Medium,Lower,0,44.97,Single
378,1,female,40.0,0,3,243.31125,S,4,0,1,Adult,Very High,Upper,0,60.8278125,Small Family
379,3,male,19.0,2,0,15.91,Q,3,0,0,Teen,Low,Lower,0,5.303333333333334,Small Family
380,2,female,45.0,0,0,50.94,S,1,1,1,Adult,Medium,Middle,0,50.94,Single
381,1,female,26.0,1,0,173.22,S,2,0,1,Young Adult,Very High,Upper,0,86.61,Small Family
382,3,male,48.0,0,0,59.4,S,1,1,0,Adult,Medium,Lower,0,59.4,Single
383,3,female,40.0,1,0,12.41,S,2,0,0,Adult,Low,Lower,0,6.205,Small Family
384,3,female,1.0,1,0,24.59,S,2,0,1,Child,Low,Lower,1,12.295,Small Family
385,3,male,17.0,0,1,22.12,S,2,0,0,Teen,Low,Lower,0,11.06,Small Family
386,3,male,42.0,0,0,53.41,S,1,1,0,Adult,Medium,Lower,0,53.41,Single
387,2,male,32.0,1,0,40.83,S,2,0,0,Young Adult,Medium,Middle,0,20.415,Small Family
388,1,male,17.0,1,0,194.28,S,2,0,1,Teen,Very High,Upper,0,97.14,Small Family
389,3,male,22.0,0,1,12.86,S,2,0,0,Young Adult,Low,Lower,0,6.43,Small Family
390,3,male,5.0,2,1,47.65,S,4,0,0,Child,Medium,Lower,1,11.9125,Small Family
391,3,female,29.0,0,0,18.07,S,1,1,1,Young Adult,Low,Lower,0,18.07,Single
392,2,male,59.0,0,0,109.78,C,1,1,1,Adult,High,Middle,0,109.78,Single
393,2,male,40.0,0,2,113.39,S,3,0,0,Adult,High,Middle,0,37.79666666666667,Small Family
394,3,male,58.0,3,0,26.53,S,4,0,0,Adult,Medium,Lower,0,6.6325,Small Family
395,2,male,41.0,0,0,61.8,C,1,1,1,Adult,Medium,Middle,0,61.8,Single
396,3,female,43.0,0,0,12.35,S,1,1,1,Adult,Low,Lower,0,12.35,Single
397,3,female,56.0,1,0,54.31,S,2,0,1,Adult,Medium,Lower,0,27.155,Small Family
398,2,male,35.0,0,2,52.34,Q,3,0,1,Young Adult,Medium,Middle,0,17.44666666666667,Small Family
399,3,male,28.0,0,3,10.46,S,4,0,0,Young Adult,Low,Lower,0,2.615,Small Family
400,3,male,43.0,0,1,18.48,S,2,0,0,Adult,Low,Lower,0,9.24,Small Family
401,1,female,49.0,1,0,241.06,Q,2,0,1,Adult,Very High,Upper,0,120.53,Small Family
402,3,male,24.0,0,0,9.7,S,1,1,0,Young Adult,Low,Lower,0,9.7,Single
403,3,male,21.0,2,0,49.88,S,3,0,0,Young Adult,Medium,Lower,0,16.62666666666667,Small Family
404,3,female,32.0,2,3,54.06,S,6,0,1,Young Adult,Medium,Lower,0,9.01,Large Family
405,2,female,41.0,1,1,90.26,S,3,0,1,Adult,High,Middle,0,30.08666666666667,Small Family
406,3,male,40.0,1,0,21.16,S,2,0,0,Adult,Low,Lower,0,10.58,Small Family
407,2,male,11.0,0,0,115.73,S,1,1,1,Child,High,Middle,1,115.73,Single
408,1,male,55.0,0,0,243.31125,C,1,1,1,Adult,Very High,Upper,0,243.31125,Single
409,3,female,22.0,1,3,47.9,Q,5,0,1,Young Adult,Medium,Lower,0,9.58,Large Family
410,1,male,27.0,2,0,243.31125,S,3,0,1,Young Adult,Very High,Upper,0,81.10375,Small Family
411,2,male,18.0,0,0,93.08,C,1,1,0,Teen,High,Middle,0,93.08,Single
412,3,female,62.375,0,0,42.78,S,1,1,0,Senior,Medium,Lower,0,42.78,Single
413,3,male,33.0,0,0,12.42,S,1,1,0,Young Adult,Low,Lower,0,12.42,Single
414,3,female,19.0,0,2,33.09,Q,3,0,0,Teen,Medium,Lower,0,11.030000000000001,Small Family
415,3,female,41.0,0,3,38.71,S,4,0,1,Adult,Medium,Lower,0,9.6775,Small Family
416,2,male,40.0,0,2,54.16,S,3,0,0,Adult,Medium,Middle,0,18.05333333333333,Small Family
417,2,female,28.0,0,1,83.5,S,2,0,1,Young Adult,High,Middle,0,41.75,Small Family
418,2,female,41.0,0,0,116.62,S,1,1,1,Adult,High,Middle,0,116.62,Single
419,3,male,19.0,0,0,28.13,S,1,1,0,Teen,Medium,Lower,0,28.13,Single
420,3,female,24.0,1,0,53.83,S,2,0,1,Young Adult,Medium,Lower,0,26.915,Small Family
421,3,female,4.0,2,1,34.26,C,4,0,1,Child,Medium,Lower,1,8.565,Small Family
422,3,female,13.0,3,0,46.17,S,4,0,1,Teen,Medium,Lower,1,11.5425,Small Family
423,1,male,53.0,0,0,243.31125,S,1,1,1,Adult,Very High,Upper,0,243.31125,Single
424,2,male,51.0,0,0,82.6,S,1,1,0,Adult,High,Middle,0,82.6,Single
425,1,male,31.0,3,0,122.76,S,4,0,1,Young Adult,High,Upper,0,30.69,Small Family
426,3,male,52.0,1,1,22.26,Q,3,0,0,Adult,Low,Lower,0,7.420000000000001,Small Family
427,2,male,28.0,0,2,54.22,Q,3,0,0,Young Adult,Medium,Middle,0,18.073333333333334,Small Family
428,3,female,27.0,0,0,53.47,C,1,1,1,Young Adult,Medium,Lower,0,53.47,Single
429,2,male,31.0,0,0,109.83,S,1,1,0,Young Adult,High,Middle,0,109.83,Single
430,1,male,28.0,0,2,127.34,C,3,0,1,Young Adult,High,Upper,0,42.446666666666665,Small Family
431,1,male,27.0,0,1,243.31125,S,2,0,1,Young Adult,Very High,Upper,0,121.655625,Small Family
432,3,female,45.0,2,0,6.83,S,3,0,1,Adult,Low,Lower,0,2.276666666666667,Small Family
433,3,male,32.0,0,0,9.61,S,1,1,0,Young Adult,Low,Lower,0,9.61,Single
434,1,female,39.0,1,0,243.31125,C,2,0,1,Adult,Very High,Upper,0,121.655625,Small Family
435,1,male,43.0,2,0,243.31125,S,3,0,0,Adult,Very High,Upper,0,81.10375,Small Family
436,3,male,35.0,1,2,15.61,S,4,0,1,Young Adult,Low,Lower,0,3.9025,Small Family
437,1,female,17.0,2,0,243.31125,S,3,0,1,Teen,Very High,Upper,0,81.10375,Small Family
438,3,male,12.0,3,0,34.95,S,4,0,0,Child,Medium,Lower,1,8.7375,Small Family
439,3,female,32.0,0,0,9.88,C,1,1,1,Young Adult,Low,Lower,0,9.88,Single
440,1,male,28.0,3,0,219.86,S,4,0,1,Young Adult,Very High,Upper,0,54.965,Small Family
441,1,male,31.0,1,0,115.0,S,2,0,1,Young Adult,High,Upper,0,57.5,Small Family
442,3,female,30.0,0,0,20.76,S,1,1,1,Young Adult,Low,Lower,0,20.76,Single
443,2,female,62.375,1,0,64.0,C,2,0,1,Senior,Medium,Middle,0,32.0,Small Family
444,2,male,13.0,1,0,100.27,S,2,0,1,Teen,High,Middle,1,50.135,Small Family
445,3,female,4.0,2,0,46.62,S,3,0,1,Child,Medium,Lower,1,15.54,Small Family
446,3,female,34.0,0,0,55.15,S,1,1,1,Young Adult,Medium,Lower,0,55.15,Single
447,3,female,25.0,0,0,29.3,S,1,1,1,Young Adult,Medium,Lower,0,29.3,Single
448,3,male,34.0,0,0,18.45,C,1,1,0,Young Adult,Low,Lower,0,18.45,Single
449,2,male,38.0,0,0,90.06,Q,1,1,0,Adult,High,Middle,0,90.06,Single
450,1,female,47.0,0,0,119.69,S,1,1,1,Adult,High,Upper,0,119.69,Single
451,3,female,10.0,0,3,5.07,S,4,0,1,Child,Low,Lower,1,1.2675,Small Family
452,3,female,23.0,1,2,40.78,S,4,0,1,Young Adult,Medium,Lower,0,10.195,Small Family
453,2,female,36.0,0,0,65.66,S,1,1,1,Adult,Medium,Middle,0,65.66,Single
454,3,male,40.0,0,1,16.57,S,2,0,0,Adult,Low,Lower,0,8.285,Small Family
455,1,male,59.0,0,0,243.31125,S,1,1,1,Adult,Very High,Upper,0,243.31125,Single
456,2,female,42.0,0,0,97.88,C,1,1,1,Adult,High,Middle,0,97.88,Single
457,1,female,29.0,0,0,243.31125,C,1,1,1,Young Adult,Very High,Upper,0,243.31125,Single
458,2,male,18.0,0,0,80.09,C,1,1,0,Teen,High,Middle,0,80.09,Single
459,1,male,23.0,0,0,131.7,S,1,1,1,Young Adult,High,Upper,0,131.7,Single
460,1,male,22.0,0,0,129.83,C,1,1,0,Young Adult,High,Upper,0,129.83,Single
461,1,male,39.0,0,1,243.31125,S,2,0,1,Adult,Very High,Upper,0,121.655625,Small Family
462,3,female,33.0,0,0,45.12,S,1,1,1,Young Adult,Medium,Lower,0,45.12,Single
463,3,female,13.0,0,0,41.72,C,1,1,1,Teen,Medium,Lower,1,41.72,Single
464,3,female,24.0,0,0,17.46,Q,1,1,1,Young Adult,Low,Lower,0,17.46,Single
465,3,female,41.0,0,0,13.97,C,1,1,0,Adult,Low,Lower,0,13.97,Single
466,2,male,35.0,2,3,92.43,C,6,0,0,Young Adult,High,Middle,0,15.405000000000001,Large Family
467,2,male,37.0,1,1,79.46,C,3,0,1,Adult,Medium,Middle,0,26.486666666666665,Small Family
468,3,male,35.0,0,2,47.22,S,3,0,0,Young Adult,Medium,Lower,0,15.74,Small Family
469,1,male,51.0,0,1,140.45,C,2,0,1,Adult,High,Upper,0,70.225,Small Family
470,3,female,33.0,1,0,38.27,S,2,0,1,Young Adult,Medium,Lower,0,19.135,Small Family
471,1,male,25.0,0,0,243.31125,S,1,1,1,Young Adult,Very High,Upper,0,243.31125,Single
472,3,female,18.0,2,0,42.97,C,3,0,1,Teen,Medium,Lower,0,14.323333333333332,Small Family
473,1,female,33.0,2,0,157.63,Q,3,0,1,Young Adult,Very High,Upper,0,52.54333333333333,Small Family
474,3,male,1.0,2,1,13.89,S,4,0,0,Child,Low,Lower,1,3.4725,Small Family
475,3,female,28.0,2,0,49.86,C,3,0,1,Young Adult,Medium,Lower,0,16.62,Small Family
476,3,male,27.0,1,0,15.82,S,2,0,0,Young Adult,Low,Lower,0,7.91,Small Family
477,1,female,12.0,1,1,243.31125,Q,3,0,1,Child,Very High,Upper,1,81.10375,Small Family
478,3,male,18.0,1,1,33.47,S,3,0,0,Teen,Medium,Lower,0,11.156666666666666,Small Family
479,3,male,41.0,1,0,22.5,S,2,0,0,Adult,Low,Lower,0,11.25,Small Family
480,3,female,33.0,1,0,7.39,C,2,0,0,Young Adult,Low,Lower,0,3.695,Small Family
481,3,male,31.0,0,0,58.92,C,1,1,0,Young Adult,Medium,Lower,0,58.92,Single
482,3,female,34.0,0,0,41.66,C,1,1,1,Young Adult,Medium,Lower,0,41.66,Single
483,2,male,31.0,2,0,112.06,Q,3,0,0,Young Adult,High,Middle,0,37.35333333333333,Small Family
484,3,male,46.0,0,0,59.95,S,1,1,0,Adult,Medium,Lower,0,59.95,Single
485,3,male,32.0,1,0,26.56,S,2,0,0,Young Adult,Medium,Lower,0,13.28,Small Family
486,3,male,11.0,3,0,19.01,C,4,0,0,Child,Low,Lower,1,4.7525,Small Family
487,1,female,51.0,1,1,152.46,Q,3,0,1,Adult,Very High,Upper,0,50.82,Small Family
488,2,male,35.0,4,2,47.31,S,7,0,1,Young Adult,Medium,Middle,0,6.758571428571429,Large Family
489,3,male,22.0,1,0,38.33,S,2,0,0,Young Adult,Medium,Lower,0,19.165,Small Family
490,3,male,14.0,0,1,30.98,S,2,0,0,Teen,Medium,Lower,1,15.49,Small Family
491,2,female,35.0,2,0,56.22,S,3,0,1,Young Adult,Medium,Middle,0,18.74,Small Family
492,3,male,28.0,0,0,14.25,C,1,1,0,Young Adult,Low,Lower,0,14.25,Single
493,2,male,50.0,0,0,82.18,S,1,1,1,Adult,High,Middle,0,82.18,Single
494,1,female,26.0,0,0,243.31125,S,1,1,1,Young Adult,Very High,Upper,0,243.31125,Single
495,2,male,19.0,0,0,75.99,C,1,1,0,Teen,Medium,Middle,0,75.99,Single
496,2,female,42.0,0,2,66.1,S,3,0,1,Adult,Medium,Middle,0,22.03333333333333,Small Family
497,3,male,42.0,0,0,25.94,C,1,1,0,Adult,Medium,Lower,0,25.94,Single
498,1,male,32.0,1,3,243.31125,S,5,0,1,Young Adult,Very High,Upper,0,48.66225,Large Family
499,3,male,39.0,1,0,47.62,S,2,0,0,Adult,Medium,Lower,0,23.81,Small Family
500,3,male,30.0,0,0,22.2,S,1,1,0,Young Adult,Low,Lower,0,22.2,Single
501,3,male,33.0,0,0,11.22,S,1,1,0,Young Adult,Low,Lower,0,11.22,Single
502,3,female,45.0,1,0,34.23,S,2,0,1,Adult,Medium,Lower,0,17.115,Small Family
503,2,female,38.0,1,0,78.52,C,2,0,1,Adult,Medium,Middle,0,39.26,Small Family
504,3,male,28.0,2,1,54.98,S,4,0,0,Young Adult,Medium,Lower,0,13.745,Small Family
505,3,female,48.0,0,0,18.73,S,1,1,0,Adult,Low,Lower,0,18.73,Single
506,1,female,1.0,2,0,243.31125,C,3,0,1,Child,Very High,Upper,1,81.10375,Small Family
507,3,male,57.0,0,0,6.67,S,1,1,0,Adult,Low,Lower,0,6.67,Single
508,3,female,8.0,1,0,12.25,Q,2,0,1,Child,Low,Lower,1,6.125,Small Family
509,3,female,22.0,0,1,32.47,S,2,0,1,Young Adult,Medium,Lower,0,16.235,Small Family
510,3,male,29.0,0,1,17.58,S,2,0,0,Young Adult,Low,Lower,0,8.79,Small Family
511,3,female,28.0,0,2,48.9,S,3,0,1,Young Adult,Medium,Lower,0,16.3,Small Family
512,2,male,43.0,0,0,41.6,S,1,1,0,Adult,Medium,Middle,0,41.6,Single
513,3,male,16.0,0,0,5.24,S,1,1,0,Teen,Low,Lower,0,5.24,Single
514,3,male,33.0,1,0,17.81,S,2,0,0,Young Adult,Low,Lower,0,8.905,Small Family
515,1,female,22.0,1,2,243.31125,S,4,0,1,Young Adult,Very High,Upper,0,60.8278125,Small Family
516,1,male,34.0,0,0,104.42,C,1,1,1,Young Adult,High,Upper,0,104.42,Single
517,2,male,29.0,0,0,111.51,C,1,1,0,Young Adult,High,Middle,0,111.51,Single
518,3,male,31.0,0,0,54.05,S,1,1,0,Young Adult,Medium,Lower,0,54.05,Single
519,3,female,23.0,4,0,40.04,S,5,0,0,Young Adult,Medium,Lower,0,8.008,Large Family
520,1,male,23.0,0,1,243.31125,S,2,0,1,Young Adult,Very High,Upper,0,121.655625,Small Family
521,3,male,34.0,0,1,48.08,S,2,0,0,Young Adult,Medium,Lower,0,24.04,Small Family
522,2,male,42.0,0,0,78.47,Q,1,1,0,Adult,Medium,Middle,0,78.47,Single
523,3,male,22.0,1,2,58.08,S,4,0,1,Young Adult,Medium,Lower,0,14.52,Small Family
524,3,male,19.0,0,0,5.32,S,1,1,0,Teen,Low,Lower,0,5.32,Single
525,3,male,38.0,0,3,36.34,S,4,0,0,Adult,Medium,Lower,0,9.085,Small Family
526,2,female,30.0,2,1,115.78,S,4,0,1,Young Adult,High,Middle,0,28.945,Small Family
527,2,male,41.0,1,0,114.9,C,2,0,1,Adult,High,Middle,0,57.45,Small Family
528,2,female,18.0,1,1,85.24,S,3,0,1,Teen,High,Middle,0,28.41333333333333,Small Family
529,1,male,7.0,0,0,120.33,C,1,1,1,Child,High,Upper,1,120.33,Single
530,3,female,23.0,0,0,48.21,S,1,1,1,Young Adult,Medium,Lower,0,48.21,Single
531,3,male,20.0,3,0,37.63,S,4,0,0,Young Adult,Medium,Lower,0,9.4075,Small Family
532,3,female,29.0,2,0,18.82,S,3,0,1,Young Adult,Low,Lower,0,6.273333333333333,Small Family
533,3,male,22.0,0,0,53.91,C,1,1,0,Young Adult,Medium,Lower,0,53.91,Single
534,3,male,40.0,0,0,49.61,S,1,1,0,Adult,Medium,Lower,0,49.61,Single
535,3,female,26.0,0,1,13.8,S,2,0,0,Young Adult,Low,Lower,0,6.9,Small Family
536,3,female,32.0,0,0,50.46,S,1,1,1,Young Adult,Medium,Lower,0,50.46,Single
537,3,female,32.0,1,1,58.5,S,3,0,1,Young Adult,Medium,Lower,0,19.5,Small Family
538,1,male,33.0,3,0,243.31125,C,4,0,1,Young Adult,Very High,Upper,0,60.8278125,Small Family
539,2,male,30.0,0,0,115.36,S,1,1,1,Young Adult,High,Middle,0,115.36,Single
540,1,male,37.0,0,0,198.24,S,1,1,0,Adult,Very High,Upper,0,198.24,Single
541,3,female,20.0,2,0,23.84,S,3,0,1,Young Adult,Low,Lower,0,7.946666666666666,Small Family
542,3,male,48.0,0,1,42.18,S,2,0,0,Adult,Medium,Lower,0,21.09,Small Family
543,1,male,27.0,3,0,243.31125,Q,4,0,1,Young Adult,Very High,Upper,0,60.8278125,Small Family
544,3,male,13.0,1,0,56.12,S,2,0,0,Teen,Medium,Lower,1,28.06,Small Family
545,3,male,32.0,3,1,38.98,S,5,0,0,Young Adult,Medium,Lower,0,7.795999999999999,Large Family
546,2,female,19.0,0,0,42.45,C,1,1,1,Teen,Medium,Middle,0,42.45,Single
547,1,female,39.0,0,1,239.29,S,2,0,1,Adult,Very High,Upper,0,119.645,Small Family
548,3,female,59.0,0,0,21.55,C,1,1,0,Adult,Low,Lower,0,21.55,Single
549,3,female,20.0,0,1,19.98,C,2,0,1,Young Adult,Low,Lower,0,9.99,Small Family
550,3,female,34.0,0,2,26.55,S,3,0,1,Young Adult,Medium,Lower,0,8.85,Small Family
551,3,female,7.0,3,1,5.66,S,5,0,1,Child,Low,Lower,1,1.1320000000000001,Large Family
552,3,male,36.0,2,0,58.3,S,3,0,0,Adult,Medium,Lower,0,19.433333333333334,Small Family
553,3,male,18.0,1,0,34.28,S,2,0,0,Teen,Medium,Lower,0,17.14,Small Family
554,3,male,22.0,0,1,47.54,S,2,0,0,Young Adult,Medium,Lower,0,23.77,Small Family
555,3,male,16.0,1,0,19.18,C,2,0,0,Teen,Low,Lower,0,9.59,Small Family
556,2,male,40.0,1,0,95.1,C,2,0,0,Adult,High,Middle,0,47.55,Small Family
557,1,female,43.0,0,1,227.02,S,2,0,1,Adult,Very High,Upper,0,113.51,Small Family
558,1,male,30.0,3,0,133.47,C,4,0,1,Young Adult,High,Upper,0,33.3675,Small Family
559,3,female,19.0,0,0,58.39,S,1,1,0,Teen,Medium,Lower,0,58.39,Single
560,3,male,51.0,0,2,32.16,S,3,0,0,Adult,Medium,Lower,0,10.719999999999999,Small Family
561,3,female,20.0,0,0,41.16,S,1,1,1,Young Adult,Medium,Lower,0,41.16,Single
562,1,male,2.0,1,0,243.31125,S,2,0,1,Child,Very High,Upper,1,121.655625,Small Family
563,1,female,36.0,1,1,243.31125,C,3,0,1,Adult,Very High,Upper,0,81.10375,Small Family
564,1,female,16.0,0,2,105.73,S,3,0,1,Teen,High,Upper,0,35.24333333333333,Small Family
565,2,male,43.0,0,0,57.23,S,1,1,0,Adult,Medium,Middle,0,57.23,Single
566,3,female,25.0,0,1,34.52,S,2,0,1,Young Adult,Medium,Lower,0,17.26,Small Family
567,2,male,38.0,0,1,118.13,S,2,0,0,Adult,High,Middle,0,59.065,Small Family
568,2,male,48.0,0,0,105.59,C,1,1,1,Adult,High,Middle,0,105.59,Single
569,3,male,14.0,0,0,36.16,C,1,1,0,Teen,Medium,Lower,1,36.16,Single
570,2,male,23.0,0,0,108.86,S,1,1,1,Young Adult,High,Middle,0,108.86,Single
571,3,male,29.0,2,1,39.1,S,4,0,0,Young Adult,Medium,Lower,0,9.775,Small Family
572,3,female,50.0,0,1,22.55,S,2,0,1,Adult,Low,Lower,0,11.275,Small Family
573,2,male,21.0,1,0,68.72,S,2,0,0,Young Adult,Medium,Middle,0,34.36,Small Family
574,3,male,22.0,0,1,58.15,S,2,0,0,Young Adult,Medium,Lower,0,29.075,Small Family
575,3,male,36.0,0,1,11.12,S,2,0,0,Adult,Low,Lower,0,5.56,Small Family
576,3,female,22.0,0,0,10.79,Q,1,1,1,Young Adult,Low,Lower,0,10.79,Single
577,1,male,32.0,0,1,157.17,S,2,0,1,Young Adult,Very High,Upper,0,78.585,Small Family
578,3,male,10.0,0,0,22.6,S,1,1,0,Child,Low,Lower,1,22.6,Single
579,2,male,59.0,2,2,85.41,S,5,0,0,Adult,High,Middle,0,17.082,Large Family
580,2,male,12.0,3,0,68.27,S,4,0,1,Child,Medium,Middle,1,17.0675,Small Family
581,2,female,26.0,0,0,86.66,S,1,1,1,Young Adult,High,Middle,0,86.66,Single
582,3,female,30.0,0,0,37.08,S,1,1,1,Young Adult,Medium,Lower,0,37.08,Single
583,2,male,55.0,3,0,83.38,S,4,0,1,Adult,High,Middle,0,20.845,Small Family
584,2,male,13.0,0,1,49.86,S,2,0,1,Teen,Medium,Middle,1,24.93,Small Family
585,3,male,56.0,1,0,39.06,S,2,0,0,Adult,Medium,Lower,0,19.53,Small Family
586,1,female,40.0,4,2,152.47,S,7,0,1,Adult,Very High,Upper,0,21.78142857142857,Large Family
587,1,male,35.0,4,0,158.25,C,5,0,1,Young Adult,Very High,Upper,0,31.65,Large Family
588,1,male,17.0,0,0,243.31125,C,1,1,1,Teen,Very High,Upper,0,243.31125,Single
589,1,male,37.0,0,2,225.46,C,3,0,1,Adult,Very High,Upper,0,75.15333333333334,Small Family
590,1,male,21.0,0,1,243.31125,S,2,0,1,Young Adult,Very High,Upper,0,121.655625,Small Family
591,1,female,46.0,2,1,213.19,S,4,0,1,Adult,Very High,Upper,0,53.2975,Small Family
592,3,male,17.0,2,3,46.26,S,6,0,0,Teen,Medium,Lower,0,7.71,Large Family
593,1,female,29.0,1,0,243.31125,S,2,0,1,Young Adult,Very High,Upper,0,121.655625,Small Family
594,2,male,23.0,1,0,106.57,C,2,0,0,Young Adult,High,Middle,0,53.285,Small Family
595,3,female,17.0,1,0,16.55,S,2,0,1,Teen,Low,Lower,0,8.275,Small Family
596,2,male,40.0,1,0,77.28,C,2,0,0,Adult,Medium,Middle,0,38.64,Small Family
597,3,female,37.0,2,1,47.38,C,4,0,0,Adult,Medium,Lower,0,11.845,Small Family
598,1,male,46.0,1,2,153.52,C,4,0,1,Adult,Very High,Upper,0,38.38,Small Family
599,1,male,7.0,0,0,243.31125,C,1,1,1,Child,Very High,Upper,1,243.31125,Single
600,1,male,44.0,0,1,243.31125,S,2,0,1,Adult,Very High,Upper,0,121.655625,Small Family
601,1,female,62.375,1,2,149.79,S,4,0,1,Senior,High,Upper,0,37.4475,Small Family
602,2,female,24.0,0,1,76.37,S,2,0,1,Young Adult,Medium,Middle,0,38.185,Small Family
603,1,female,55.0,0,0,243.31125,S,1,1,1,Adult,Very High,Upper,0,243.31125,Single
604,1,male,27.0,1,0,152.13,S,2,0,1,Young Adult,Very High,Upper,0,76.065,Small Family
605,1,female,12.0,1,2,243.31125,S,4,0,1,Child,Very High,Upper,1,60.8278125,Small Family
606,2,male,26.0,3,3,83.86,Q,7,0,0,Young Adult,High,Middle,0,11.98,Large Family
607,1,male,44.0,0,0,243.31125,S,1,1,1,Adult,Very High,Upper,0,243.31125,Single
608,2,male,19.0,1,2,52.24,C,4,0,1,Teen,Medium,Middle,0,13.06,Small Family
609,3,male,22.0,0,0,37.25,S,1,1,0,Young Adult,Medium,Lower,0,37.25,Single
610,3,male,38.0,2,0,6.87,Q,3,0,0,Adult,Low,Lower,0,2.29,Small Family
611,1,female,30.0,0,2,186.62,S,3,0,1,Young Adult,Very High,Upper,0,62.20666666666667,Small Family
612,3,male,38.0,1,0,56.55,S,2,0,0,Adult,Medium,Lower,0,28.275,Small Family
613,3,male,33.0,1,0,20.86,S,2,0,0,Young Adult,Low,Lower,0,10.43,Small Family
614,1,female,36.0,0,0,172.05,C,1,1,1,Adult,Very High,Upper,0,172.05,Single
615,3,male,24.0,3,0,9.64,S,4,0,0,Young Adult,Low,Lower,0,2.41,Small Family
616,3,male,33.0,2,0,36.25,C,3,0,0,Young Adult,Medium,Lower,0,12.083333333333334,Small Family
617,1,male,18.0,0,0,125.2,S,1,1,0,Teen,High,Upper,0,125.2,Single
618,2,female,47.0,0,2,93.58,S,3,0,1,Adult,High,Middle,0,31.19333333333333,Small Family
619,3,male,22.0,0,2,57.17,S,3,0,0,Young Adult,Medium,Lower,0,19.05666666666667,Small Family
620,3,female,45.0,0,0,39.05,C,1,1,1,Adult,Medium,Lower,0,39.05,Single
621,1,female,27.0,2,0,243.31125,S,3,0,1,Young Adult,Very High,Upper,0,81.10375,Small Family
622,1,male,33.0,3,1,243.31125,C,5,0,1,Young Adult,Very High,Upper,0,48.66225,Large Family
623,2,male,24.0,0,0,94.57,S,1,1,0,Young Adult,High,Middle,0,94.57,Single
624,2,male,17.0,0,0,87.22,S,1,1,0,Teen,High,Middle,0,87.22,Single
625,3,female,7.0,0,0,53.38,S,1,1,1,Child,Medium,Lower,1,53.38,Single
626,2,male,16.0,0,0,67.44,S,1,1,1,Teen,Medium,Middle,0,67.44,Single
627,2,male,26.0,0,0,74.3,S,1,1,0,Young Adult,Medium,Middle,0,74.3,Single
628,3,female,33.0,0,0,12.97,C,1,1,0,Young Adult,Low,Lower,0,12.97,Single
629,1,male,43.0,0,1,219.96,C,2,0,1,Adult,Very High,Upper,0,109.98,Small Family
630,2,female,24.0,1,1,101.03,S,3,0,1,Young Adult,High,Middle,0,33.67666666666667,Small Family
631,3,male,19.0,1,1,59.95,S,3,0,0,Teen,Medium,Lower,0,19.983333333333334,Small Family
632,3,male,11.0,0,0,10.19,S,1,1,0,Child,Low,Lower,1,10.19,Single
633,3,female,36.0,1,1,16.72,Q,3,0,1,Adult,Low,Lower,0,5.573333333333333,Small Family
634,3,female,48.0,1,0,19.94,C,2,0,1,Adult,Low,Lower,0,9.97,Small Family
635,1,female,46.0,2,0,243.31125,S,3,0,1,Adult,Very High,Upper,0,81.10375,Small Family
636,2,female,39.0,0,1,103.95,S,2,0,1,Adult,High,Middle,0,51.975,Small Family
637,3,male,38.0,2,0,46.36,Q,3,0,0,Adult,Medium,Lower,0,15.453333333333333,Small Family
638,1,male,52.0,2,0,133.07,S,3,0,1,Adult,High,Upper,0,44.35666666666666,Small Family
639,2,female,34.0,0,0,85.06,Q,1,1,1,Young Adult,High,Middle,0,85.06,Single
640,2,female,38.0,0,2,96.48,S,3,0,1,Adult,High,Middle,0,32.160000000000004,Small Family
641,1,male,26.0,3,0,243.31125,S,4,0,1,Young Adult,Very High,Upper,0,60.8278125,Small Family
642,2,male,12.0,1,1,113.03,S,3,0,1,Child,High,Middle,1,37.67666666666667,Small Family
643,1,female,21.0,3,3,146.17,S,7,0,1,Young Adult,High,Upper,0,20.881428571428568,Large Family
644,2,female,30.0,1,1,59.85,C,3,0,1,Young Adult,Medium,Middle,0,19.95,Small Family
645,1,male,31.0,1,0,221.71,S,2,0,1,Young Adult,Very High,Upper,0,110.855,Small Family
646,3,female,55.0,0,0,22.06,S,1,1,0,Adult,Low,Lower,0,22.06,Single
647,3,female,31.0,0,0,29.18,Q,1,1,1,Young Adult,Medium,Lower,0,29.18,Single
648,3,male,45.0,3,0,16.77,S,4,0,0,Adult,Low,Lower,0,4.1925,Small Family
649,3,male,24.0,0,1,38.42,S,2,0,0,Young Adult,Medium,Lower,0,19.21,Small Family
650,2,male,26.0,0,0,76.23,S,1,1,0,Young Adult,Medium,Middle,0,76.23,Single
651,1,male,13.0,1,2,138.09,S,4,0,1,Teen,High,Upper,1,34.5225,Small Family
652,3,male,20.0,1,0,29.57,S,2,0,0,Young Adult,Medium,Lower,0,14.785,Small Family
653,3,female,37.0,0,1,48.83,S,2,0,1,Adult,Medium,Lower,0,24.415,Small Family
654,3,female,30.0,0,0,46.14,S,1,1,1,Young Adult,Medium,Lower,0,46.14,Single
655,2,female,42.0,0,0,42.04,S,1,1,1,Adult,Medium,Middle,0,42.04,Single
656,1,female,32.0,0,1,183.5,S,2,0,1,Young Adult,Very High,Upper,0,91.75,Small Family
657,2,male,25.0,1,0,44.22,S,2,0,0,Young Adult,Medium,Middle,0,22.11,Small Family
658,2,male,58.0,0,0,99.92,S,1,1,0,Adult,High,Middle,0,99.92,Single
659,3,male,29.0,2,0,25.15,S,3,0,0,Young Adult,Medium,Lower,0,8.383333333333333,Small Family
660,3,male,45.0,1,0,10.82,S,2,0,0,Adult,Low,Lower,0,5.41,Small Family
661,2,female,25.0,1,1,107.3,S,3,0,1,Young Adult,High,Middle,0,35.766666666666666,Small Family
662,3,female,39.0,0,2,9.72,S,3,0,0,Adult,Low,Lower,0,3.24,Small Family
663,3,male,42.0,0,0,14.27,Q,1,1,0,Adult,Low,Lower,0,14.27,Single
664,1,male,33.0,0,0,116.67,S,1,1,1,Young Adult,High,Upper,0,116.67,Single
665,1,male,1.0,0,1,197.36,S,2,0,1,Child,Very High,Upper,1,98.68,Small Family
666,1,male,30.0,2,3,243.31125,C,6,0,1,Young Adult,Very High,Upper,0,40.551875,Large Family
667,1,male,46.0,0,2,126.61,C,3,0,1,Adult,High,Upper,0,42.20333333333333,Small Family
668,1,male,37.0,2,1,222.23,Q,4,0,1,Adult,Very High,Upper,0,55.5575,Small Family
669,1,female,36.0,0,0,210.67,S,1,1,1,Adult,Very High,Upper,0,210.67,Single
670,2,male,8.0,0,0,92.52,S,1,1,1,Child,High,Middle,1,92.52,Single
671,1,male,21.0,4,0,175.07,S,5,0,1,Young Adult,Very High,Upper,0,35.013999999999996,Large Family
672,3,female,35.0,0,0,56.1,S,1,1,1,Young Adult,Medium,Lower,0,56.1,Single
673,1,male,35.0,0,1,172.16,S,2,0,1,Young Adult,Very High,Upper,0,86.08,Small Family
674,3,female,46.0,0,0,56.58,C,1,1,1,Adult,Medium,Lower,0,56.58,Single
675,2,male,28.0,0,1,94.07,S,2,0,0,Young Adult,High,Middle,0,47.035,Small Family
676,3,female,35.0,1,0,53.32,S,2,0,1,Young Adult,Medium,Lower,0,26.66,Small Family
677,1,male,30.0,0,1,243.31125,S,2,0,1,Young Adult,Very High,Upper,0,121.655625,Small Family
678,2,female,17.0,0,0,72.87,Q,1,1,1,Teen,Medium,Middle,0,72.87,Single
679,3,male,1.0,0,0,22.34,S,1,1,0,Child,Low,Lower,1,22.34,Single
680,3,female,36.0,2,0,11.0,Q,3,0,1,Adult,Low,Lower,0,3.6666666666666665,Small Family
681,3,female,32.0,0,2,45.13,C,3,0,0,Young Adult,Medium,Lower,0,15.043333333333335,Small Family
682,2,male,22.0,0,0,80.89,Q,1,1,0,Young Adult,High,Middle,0,80.89,Single
683,1,male,9.0,0,1,243.31125,C,2,0,1,Child,Very High,Upper,1,121.655625,Small Family
684,3,female,38.0,0,0,47.65,S,1,1,1,Adult,Medium,Lower,0,47.65,Single
685,3,female,27.0,0,0,54.76,C,1,1,1,Young Adult,Medium,Lower,0,54.76,Single
686,3,male,37.0,0,2,47.03,S,3,0,0,Adult,Medium,Lower,0,15.676666666666668,Small Family
687,3,male,54.0,0,0,50.39,S,1,1,0,Adult,Medium,Lower,0,50.39,Single
688,2,male,2.0,0,0,56.76,S,1,1,1,Child,Medium,Middle,1,56.76,Single
689,3,female,21.0,0,0,53.83,S,1,1,1,Young Adult,Medium,Lower,0,53.83,Single
690,1,male,27.0,3,2,204.24,S,6,0,1,Young Adult,Very High,Upper,0,34.04,Large Family
691,2,female,49.0,1,0,109.15,S,2,0,1,Adult,High,Middle,0,54.575,Small Family
692,2,female,9.0,0,0,42.05,S,1,1,1,Child,Medium,Middle,1,42.05,Single
693,3,male,55.0,0,0,49.5,Q,1,1,0,Adult,Medium,Lower,0,49.5,Single
694,1,male,32.0,1,0,243.31125,S,2,0,1,Young Adult,Very High,Upper,0,121.655625,Small Family
695,1,male,29.0,2,0,192.32,S,3,0,1,Young Adult,Very High,Upper,0,64.10666666666667,Small Family
696,3,female,27.0,0,1,44.92,S,2,0,1,Young Adult,Medium,Lower,0,22.46,Small Family
697,2,male,24.0,1,1,44.54,S,3,0,0,Young Adult,Medium,Middle,0,14.846666666666666,Small Family
698,3,male,44.0,0,0,52.46,S,1,1,0,Adult,Medium,Lower,0,52.46,Single
699,1,male,16.0,0,1,243.31125,C,2,0,1,Teen,Very High,Upper,0,121.655625,Small Family
700,2,female,34.0,3,1,42.82,S,5,0,1,Young Adult,Medium,Middle,0,8.564,Large Family
701,3,female,25.0,1,2,5.89,S,4,0,1,Young Adult,Low,Lower,0,1.4725,Small Family
702,1,female,20.0,2,0,240.13,C,3,0,1,Young Adult,Very High,Upper,0,80.04333333333334,Small Family
703,2,male,62.375,0,0,50.46,S,1,1,1,Senior,Medium,Middle,0,50.46,Single
704,1,female,35.0,0,1,210.85,S,2,0,1,Young Adult,Very High,Upper,0,105.425,Small Family
705,1,male,38.0,1,0,222.76,C,2,0,1,Adult,Very High,Upper,0,111.38,Small Family
706,3,female,45.0,0,0,46.68,S,1,1,1,Adult,Medium,Lower,0,46.68,Single
707,2,male,12.0,0,1,62.99,S,2,0,1,Child,Medium,Middle,1,31.495,Small Family
708,3,female,53.0,0,0,35.56,S,1,1,0,Adult,Medium,Lower,0,35.56,Single
709,2,male,1.0,0,0,71.99,S,1,1,1,Child,Medium,Middle,1,71.99,Single
710,3,male,20.0,0,0,47.71,S,1,1,0,Young Adult,Medium,Lower,0,47.71,Single
711,3,female,24.0,1,1,46.7,C,3,0,0,Young Adult,Medium,Lower,0,15.566666666666668,Small Family
712,3,male,38.0,2,0,21.92,S,3,0,0,Adult,Low,Lower,0,7.3066666666666675,Small Family
713,2,male,33.0,0,2,107.69,S,3,0,0,Young Adult,High,Middle,0,35.89666666666667,Small Family
714,2,male,28.0,1,0,119.05,S,2,0,1,Young Adult,High,Middle,0,59.525,Small Family
715,2,male,30.0,0,0,95.9,Q,1,1,0,Young Adult,High,Middle,0,95.9,Single
716,3,female,17.0,2,0,46.09,C,3,0,0,Teen,Medium,Lower,0,15.363333333333335,Small Family
717,3,female,11.0,0,0,38.5,C,1,1,1,Child,Medium,Lower,1,38.5,Single
718,3,female,39.0,1,0,18.14,S,2,0,1,Adult,Low,Lower,0,9.07,Small Family
719,1,female,39.0,1,0,243.31125,C,2,0,1,Adult,Very High,Upper,0,121.655625,Small Family
720,3,female,51.0,0,2,7.76,C,3,0,1,Adult,Low,Lower,0,2.5866666666666664,Small Family
721,3,female,20.0,0,0,7.51,S,1,1,1,Young Adult,Low,Lower,0,7.51,Single
722,1,male,39.0,3,0,243.31125,Q,4,0,1,Adult,Very High,Upper,0,60.8278125,Small Family
723,1,male,26.0,0,0,243.31125,C,1,1,1,Young Adult,Very High,Upper,0,243.31125,Single
724,3,female,45.0,1,1,35.59,Q,3,0,1,Adult,Medium,Lower,0,11.863333333333335,Small Family
725,3,female,43.0,3,0,24.69,C,4,0,1,Adult,Low,Lower,0,6.1725,Small Family
726,3,male,33.0,0,0,29.47,C,1,1,0,Young Adult,Medium,Lower,0,29.47,Single
727,1,female,26.0,2,1,130.15,Q,4,0,1,Young Adult,High,Upper,0,32.5375,Small Family
728,3,female,42.0,3,0,41.25,S,4,0,1,Adult,Medium,Lower,0,10.3125,Small Family
729,1,female,38.0,1,0,211.06,C,2,0,1,Adult,Very High,Upper,0,105.53,Small Family
730,1,male,21.0,0,0,177.79,S,1,1,1,Young Adult,Very High,Upper,0,177.79,Single
731,1,male,13.0,0,1,243.31125,C,2,0,1,Teen,Very High,Upper,1,121.655625,Small Family
732,3,female,26.0,0,0,55.47,C,1,1,1,Young Adult,Medium,Lower,0,55.47,Single
733,3,male,50.0,2,0,22.38,C,3,0,0,Adult,Low,Lower,0,7.46,Small Family
734,3,male,45.0,2,1,5.94,C,4,0,0,Adult,Low,Lower,0,1.485,Small Family
735,2,male,16.0,1,0,82.05,S,2,0,1,Teen,High,Middle,0,41.025,Small Family
736,3,male,15.0,0,1,55.8,S,2,0,0,Teen,Medium,Lower,1,27.9,Small Family
737,2,male,47.0,0,0,44.62,S,1,1,1,Adult,Medium,Middle,0,44.62,Single
738,3,female,15.0,1,0,5.27,S,2,0,1,Teen,Low,Lower,1,2.635,Small Family
739,2,female,37.0,1,0,52.29,S,2,0,1,Adult,Medium,Middle,0,26.145,Small Family
740,2,male,22.0,2,0,119.19,S,3,0,1,Young Adult,High,Middle,0,39.73,Small Family
741,2,male,51.0,1,0,67.56,S,2,0,0,Adult,Medium,Middle,0,33.78,Small Family
742,2,male,20.0,2,0,63.36,S,3,0,1,Young Adult,Medium,Middle,0,21.12,Small Family
743,3,male,45.0,1,0,52.36,S,2,0,1,Adult,Medium,Lower,0,26.18,Small Family
744,3,male,32.0,1,2,8.78,C,4,0,0,Young Adult,Low,Lower,0,2.195,Small Family
745,1,female,33.0,0,0,243.31125,S,1,1,1,Young Adult,Very High,Upper,0,243.31125,Single
746,3,male,4.0,2,1,58.52,S,4,0,0,Child,Medium,Lower,1,14.63,Small Family
747,2,male,1.0,1,2,113.54,C,4,0,1,Child,High,Middle,1,28.385,Small Family
748,3,male,27.0,0,2,12.32,S,3,0,0,Young Adult,Low,Lower,0,4.1066666666666665,Small Family
749,3,male,33.0,0,2,52.14,S,3,0,0,Young Adult,Medium,Lower,0,17.38,Small Family
750,3,male,15.0,0,0,11.48,S,1,1,0,Teen,Low,Lower,1,11.48,Single
751,1,female,16.0,0,2,243.31125,Q,3,0,1,Teen,Very High,Upper,0,81.10375,Small Family
752,3,male,37.0,0,1,22.79,S,2,0,0,Adult,Low,Lower,0,11.395,Small Family
753,3,female,37.0,0,1,39.94,C,2,0,1,Adult,Medium,Lower,0,19.97,Small Family
754,2,male,28.0,0,0,48.74,S,1,1,0,Young Adult,Medium,Middle,0,48.74,Single
755,1,male,40.0,0,2,183.49,S,3,0,1,Adult,Very High,Upper,0,61.163333333333334,Small Family
756,3,male,15.0,1,1,34.75,S,3,0,0,Teen,Medium,Lower,1,11.583333333333334,Small Family
757,3,male,25.0,0,1,26.64,S,2,0,0,Young Adult,Medium,Lower,0,13.32,Small Family
758,3,male,51.0,0,0,24.74,C,1,1,0,Adult,Low,Lower,0,24.74,Single
759,3,male,31.0,0,0,51.58,S,1,1,0,Young Adult,Medium,Lower,0,51.58,Single
760,3,female,32.0,0,2,44.81,C,3,0,0,Young Adult,Medium,Lower,0,14.936666666666667,Small Family
761,1,male,60.0,0,0,243.31125,S,1,1,1,Adult,Very High,Upper,0,243.31125,Single
762,2,male,12.0,1,0,53.91,S,2,0,0,Child,Medium,Middle,1,26.955,Small Family
763,1,male,40.0,1,1,243.31125,S,3,0,1,Adult,Very High,Upper,0,81.10375,Small Family
764,3,female,52.0,0,0,34.13,Q,1,1,1,Adult,Medium,Lower,0,34.13,Single
765,1,male,26.0,1,0,243.31125,S,2,0,1,Young Adult,Very High,Upper,0,121.655625,Small Family
766,3,male,41.0,0,0,14.01,S,1,1,1,Adult,Low,Lower,0,14.01,Single
767,3,female,17.0,4,0,7.93,S,5,0,1,Teen,Low,Lower,0,1.5859999999999999,Large Family
768,3,female,21.0,3,0,52.73,S,4,0,0,Young Adult,Medium,Lower,0,13.1825,Small Family
769,2,female,35.0,0,0,84.83,S,1,1,1,Young Adult,High,Middle,0,84.83,Single
770,3,male,40.0,1,0,36.39,S,2,0,0,Adult,Medium,Lower,0,18.195,Small Family
771,1,male,45.0,1,0,216.82,Q,2,0,1,Adult,Very High,Upper,0,108.41,Small Family
772,3,male,50.0,1,2,46.52,S,4,0,0,Adult,Medium,Lower,0,11.63,Small Family
773,1,female,29.0,1,0,238.92,Q,2,0,1,Young Adult,Very High,Upper,0,119.46,Small Family
774,2,male,46.0,3,0,104.83,S,4,0,1,Adult,High,Middle,0,26.2075,Small Family
775,3,female,26.0,0,0,30.82,S,1,1,1,Young Adult,Medium,Lower,0,30.82,Single
776,1,female,42.0,1,1,213.84,Q,3,0,1,Adult,Very High,Upper,0,71.28,Small Family
777,1,male,33.0,2,2,234.58,S,5,0,1,Young Adult,Very High,Upper,0,46.916000000000004,Large Family
778,3,female,36.0,1,0,56.86,S,2,0,1,Adult,Medium,Lower,0,28.43,Small Family
779,3,male,36.0,1,0,24.43,S,2,0,0,Adult,Low,Lower,0,12.215,Small Family
780,3,female,9.0,0,0,58.18,Q,1,1,1,Child,Medium,Lower,1,58.18,Single
781,3,male,15.0,0,1,53.13,S,2,0,0,Teen,Medium,Lower,1,26.565,Small Family
782,3,male,31.0,0,0,37.13,C,1,1,0,Young Adult,Medium,Lower,0,37.13,Single
783,2,male,8.0,0,0,55.53,S,1,1,0,Child,Medium,Middle,1,55.53,Single
784,2,female,41.0,0,1,95.86,S,2,0,1,Adult,High,Middle,0,47.93,Small Family
785,1,female,41.0,4,2,133.32,S,7,0,1,Adult,High,Upper,0,19.045714285714286,Large Family
786,3,male,34.0,1,0,36.93,Q,2,0,0,Young Adult,Medium,Lower,0,18.465,Small Family
787,3,female,15.0,1,3,27.09,C,5,0,1,Teen,Medium,Lower,1,5.418,Large Family
788,2,male,48.0,0,0,117.69,S,1,1,1,Adult,High,Middle,0,117.69,Single
789,2,male,56.0,2,1,72.93,S,4,0,0,Adult,Medium,Middle,0,18.2325,Small Family
790,3,female,32.0,1,0,6.26,S,2,0,1,Young Adult,Low,Lower,0,3.13,Small Family
791,1,female,37.0,1,0,243.31125,S,2,0,1,Adult,Very High,Upper,0,121.655625,Small Family
792,3,male,33.0,0,1,10.2,S,2,0,0,Young Adult,Low,Lower,0,5.1,Small Family
793,3,male,37.0,0,0,17.76,C,1,1,0,Adult,Low,Lower,0,17.76,Single
794,3,male,28.0,1,0,28.48,S,2,0,0,Young Adult,Medium,Lower,0,14.24,Small Family
795,1,male,30.0,0,0,176.37,Q,1,1,1,Young Adult,Very High,Upper,0,176.37,Single
796,3,male,42.0,2,0,24.31,S,3,0,0,Adult,Low,Lower,0,8.103333333333333,Small Family
797,3,female,60.0,2,0,5.96,S,3,0,1,Adult,Low,Lower,0,1.9866666666666666,Small Family
798,3,male,12.0,4,2,31.58,Q,7,0,0,Child,Medium,Lower,1,4.511428571428572,Large Family
799,3,male,29.0,1,0,59.81,S,2,0,0,Young Adult,Medium,Lower,0,29.905,Small Family
800,3,female,15.0,4,0,24.2,S,5,0,1,Teen,Low,Lower,1,4.84,Large Family
801,3,female,51.0,2,0,57.87,C,3,0,1,Adult,Medium,Lower,0,19.29,Small Family
802,1,female,22.0,0,0,234.91,S,1,1,1,Young Adult,Very High,Upper,0,234.91,Single
803,3,female,11.0,0,0,14.52,S,1,1,1,Child,Low,Lower,1,14.52,Single
804,3,male,38.0,0,0,44.83,S,1,1,0,Adult,Medium,Lower,0,44.83,Single
805,2,female,53.0,0,0,47.55,S,1,1,1,Adult,Medium,Middle,0,47.55,Single
806,3,female,39.0,0,0,47.08,S,1,1,1,Adult,Medium,Lower,0,47.08,Single
807,3,female,33.0,0,1,52.5,S,2,0,1,Young Adult,Medium,Lower,0,26.25,Small Family
808,3,male,35.0,1,0,18.81,S,2,0,0,Young Adult,Low,Lower,0,9.405,Small Family
809,2,male,48.0,0,0,109.72,S,1,1,1,Adult,High,Middle,0,109.72,Single
810,1,male,19.0,0,0,171.1,C,1,1,1,Teen,Very High,Upper,0,171.1,Single
811,3,female,29.0,1,1,52.38,S,3,0,1,Young Adult,Medium,Lower,0,17.46,Small Family
812,3,male,24.0,2,0,28.66,S,3,0,0,Young Adult,Medium,Lower,0,9.553333333333333,Small Family
813,1,male,15.0,4,2,243.31125,S,7,0,1,Teen,Very High,Upper,1,34.75875,Large Family
814,3,female,26.0,1,0,36.58,C,2,0,1,Young Adult,Medium,Lower,0,18.29,Small Family
815,3,female,44.0,0,0,57.74,S,1,1,0,Adult,Medium,Lower,0,57.74,Single
816,3,female,37.0,0,1,5.8,S,2,0,1,Adult,Low,Lower,0,2.9,Small Family
817,3,female,38.0,0,1,18.21,S,2,0,1,Adult,Low,Lower,0,9.105,Small Family
818,2,male,32.0,0,0,71.32,C,1,1,0,Young Adult,Medium,Middle,0,71.32,Single
819,1,male,37.0,0,0,169.38,S,1,1,1,Adult,Very High,Upper,0,169.38,Single
820,2,male,20.0,4,0,113.73,S,5,0,0,Young Adult,High,Middle,0,22.746000000000002,Large Family
821,3,male,26.0,0,2,18.15,S,3,0,0,Young Adult,Low,Lower,0,6.05,Small Family
822,1,male,32.0,0,1,243.31125,S,2,0,1,Young Adult,Very High,Upper,0,121.655625,Small Family
823,2,male,34.0,0,0,69.08,Q,1,1,0,Young Adult,Medium,Middle,0,69.08,Single
824,2,male,34.0,1,0,47.58,C,2,0,0,Young Adult,Medium,Middle,0,23.79,Small Family
825,3,female,28.0,0,0,27.44,S,1,1,0,Young Adult,Medium,Lower,0,27.44,Single
826,3,female,25.0,0,0,24.56,C,1,1,0,Young Adult,Low,Lower,0,24.56,Single
827,2,male,62.375,0,0,72.6,S,1,1,0,Senior,Medium,Middle,0,72.6,Single
828,2,female,42.0,0,0,71.25,C,1,1,1,Adult,Medium,Middle,0,71.25,Single
829,3,female,35.0,0,0,24.85,S,1,1,1,Young Adult,Low,Lower,0,24.85,Single
830,2,male,27.0,0,0,42.37,S,1,1,1,Young Adult,Medium,Middle,0,42.37,Single
831,1,male,24.0,0,0,209.3,Q,1,1,1,Young Adult,Very High,Upper,0,209.3,Single
832,2,male,28.0,1,0,104.94,C,2,0,1,Young Adult,High,Middle,0,52.47,Small Family
833,1,male,34.0,0,0,201.75,Q,1,1,1,Young Adult,Very High,Upper,0,201.75,Single
834,1,male,6.0,1,0,114.63,C,2,0,1,Child,High,Upper,1,57.315,Small Family
835,2,male,10.0,0,0,111.1,S,1,1,1,Child,High,Middle,1,111.1,Single
836,2,male,22.0,0,1,55.91,S,2,0,0,Young Adult,Medium,Middle,0,27.955,Small Family
837,3,male,33.0,0,0,24.27,S,1,1,0,Young Adult,Low,Lower,0,24.27,Single
838,2,male,27.0,0,0,107.7,S,1,1,1,Young Adult,High,Middle,0,107.7,Single
839,3,male,49.0,0,0,43.93,S,1,1,0,Adult,Medium,Lower,0,43.93,Single
840,3,male,11.0,0,0,46.59,S,1,1,0,Child,Medium,Lower,1,46.59,Single
841,1,male,20.0,1,0,243.31125,S,2,0,1,Young Adult,Very High,Upper,0,121.655625,Small Family
842,3,female,50.0,2,0,10.82,S,3,0,1,Adult,Low,Lower,0,3.606666666666667,Small Family
843,1,female,32.0,1,0,117.69,S,2,0,1,Young Adult,High,Upper,0,58.845,Small Family
844,3,female,42.0,0,0,55.0,S,1,1,1,Adult,Medium,Lower,0,55.0,Single
845,1,male,57.0,1,0,216.05,S,2,0,1,Adult,Very High,Upper,0,108.025,Small Family
846,2,female,21.0,0,1,76.45,Q,2,0,1,Young Adult,Medium,Middle,0,38.225,Small Family
847,1,female,29.0,1,1,140.18,S,3,0,1,Young Adult,High,Upper,0,46.72666666666667,Small Family
848,3,male,26.0,0,2,42.61,S,3,0,0,Young Adult,Medium,Lower,0,14.203333333333333,Small Family
849,3,female,5.0,0,0,14.11,S,1,1,1,Child,Low,Lower,1,14.11,Single
850,3,male,26.0,2,1,34.62,C,4,0,0,Young Adult,Medium,Lower,0,8.655,Small Family
851,1,female,41.0,1,1,228.96,S,3,0,1,Adult,Very High,Upper,0,76.32000000000001,Small Family
852,3,male,37.0,0,2,34.49,Q,3,0,0,Adult,Medium,Lower,0,11.496666666666668,Small Family
853,1,male,38.0,0,0,154.11,S,1,1,1,Adult,Very High,Upper,0,154.11,Single
854,3,male,25.0,0,1,29.89,S,2,0,0,Young Adult,Medium,Lower,0,14.945,Small Family
855,1,male,21.0,3,0,243.31125,S,4,0,1,Young Adult,Very High,Upper,0,60.8278125,Small Family
856,1,male,47.0,0,0,134.5,C,1,1,1,Adult,High,Upper,0,134.5,Single
857,1,female,24.0,4,0,110.88,S,5,0,1,Young Adult,High,Upper,0,22.176,Large Family
858,2,female,34.0,0,1,80.19,S,2,0,1,Young Adult,High,Middle,0,40.095,Small Family
859,3,female,32.0,0,1,26.45,S,2,0,1,Young Adult,Medium,Lower,0,13.225,Small Family
860,1,male,49.0,1,0,118.49,S,2,0,1,Adult,High,Upper,0,59.245,Small Family
861,3,male,43.0,0,0,33.19,Q,1,1,0,Adult,Medium,Lower,0,33.19,Single
862,2,male,13.0,0,0,61.31,S,1,1,0,Teen,Medium,Middle,1,61.31,Single
863,3,female,15.0,0,0,41.46,S,1,1,1,Teen,Medium,Lower,1,41.46,Single
864,2,male,38.0,1,0,69.51,S,2,0,1,Adult,Medium,Middle,0,34.755,Small Family
865,2,male,29.0,1,0,93.76,S,2,0,0,Young Adult,High,Middle,0,46.88,Small Family
866,3,male,24.0,1,2,58.29,S,4,0,0,Young Adult,Medium,Lower,0,14.5725,Small Family
867,1,male,43.0,1,0,180.73,S,2,0,1,Adult,Very High,Upper,0,90.365,Small Family
868,1,female,32.0,1,0,198.42,S,2,0,1,Young Adult,Very High,Upper,0,99.21,Small Family
869,3,male,31.0,0,2,14.17,Q,3,0,0,Young Adult,Low,Lower,0,4.723333333333334,Small Family
870,3,male,40.0,0,2,47.87,S,3,0,0,Adult,Medium,Lower,0,15.956666666666665,Small Family
871,2,female,25.0,1,1,88.56,C,3,0,1,Young Adult,High,Middle,0,29.52,Small Family
872,2,female,50.0,3,0,98.57,Q,4,0,1,Adult,High,Middle,0,24.6425,Small Family
873,3,male,20.0,0,1,55.37,S,2,0,1,Young Adult,Medium,Lower,0,27.685,Small Family
874,2,male,39.0,0,0,78.02,S,1,1,0,Adult,Medium,Middle,0,78.02,Single
875,1,male,49.0,0,2,120.43,C,3,0,1,Adult,High,Upper,0,40.14333333333334,Small Family
876,1,female,12.0,0,1,243.31125,C,2,0,1,Child,Very High,Upper,1,121.655625,Small Family
877,3,male,26.0,0,1,24.06,S,2,0,0,Young Adult,Low,Lower,0,12.03,Small Family
878,3,male,45.0,1,0,21.75,S,2,0,0,Adult,Low,Lower,0,10.875,Small Family
879,1,male,45.0,0,0,243.31125,S,1,1,0,Adult,Very High,Upper,0,243.31125,Single
880,1,male,28.0,1,1,134.62,S,3,0,1,Young Adult,High,Upper,0,44.873333333333335,Small Family
881,1,female,20.0,1,1,205.99,C,3,0,1,Young Adult,Very High,Upper,0,68.66333333333334,Small Family
882,3,male,42.0,3,0,47.14,S,4,0,0,Adult,Medium,Lower,0,11.785,Small Family
883,1,female,45.0,0,2,108.05,C,3,0,1,Adult,High,Upper,0,36.016666666666666,Small Family
884,1,male,15.0,0,0,243.31125,S,1,1,1,Teen,Very High,Upper,1,243.31125,Single
885,3,male,14.0,0,0,37.6,S,1,1,1,Teen,Medium,Lower,1,37.6,Single
886,1,male,33.0,0,1,159.13,S,2,0,1,Young Adult,Very High,Upper,0,79.565,Small Family
887,3,male,38.0,0,0,51.25,S,1,1,0,Adult,Medium,Lower,0,51.25,Single
888,1,male,26.0,1,0,243.31125,C,2,0,1,Young Adult,Very High,Upper,0,121.655625,Small Family
889,1,male,39.0,0,1,145.11,S,2,0,1,Adult,High,Upper,0,72.555,Small Family
890,1,male,21.0,3,0,110.11,C,4,0,0,Young Adult,High,Upper,0,27.5275,Small Family
891,3,male,3.0,1,0,30.76,C,2,0,0,Child,Medium,Lower,1,15.38,Small Family
892,3,male,24.0,1,1,31.98,S,3,0,0,Young Adult,Medium,Lower,0,10.66,Small Family
893,3,male,31.0,1,1,30.3,S,3,0,0,Young Adult,Medium,Lower,0,10.1,Small Family
894,2,female,26.0,0,0,49.21,Q,1,1,1,Young Adult,Medium,Middle,0,49.21,Single
895,3,male,15.0,1,0,22.51,S,2,0,0,Teen,Low,Lower,1,11.255,Small Family
896,1,female,6.0,0,0,243.31125,Q,1,1,1,Child,Very High,Upper,1,243.31125,Single
897,2,male,23.0,2,1,52.48,S,4,0,1,Young Adult,Medium,Middle,0,13.12,Small Family
898,3,female,42.0,0,0,18.84,S,1,1,1,Adult,Low,Lower,0,18.84,Single
899,1,male,46.0,0,0,243.31125,C,1,1,1,Adult,Very High,Upper,0,243.31125,Single
900,1,male,45.0,0,1,243.31125,C,2,0,1,Adult,Very High,Upper,0,121.655625,Small Family
901,1,male,19.0,0,0,178.1,C,1,1,1,Teen,Very High,Upper,0,178.1,Single
902,1,male,15.0,0,0,106.47,S,1,1,1,Teen,High,Upper,1,106.47,Single
903,1,female,36.0,0,2,153.59,C,3,0,1,Adult,Very High,Upper,0,51.196666666666665,Small Family
904,3,female,38.0,2,0,11.98,S,3,0,1,Adult,Low,Lower,0,3.9933333333333336,Small Family
905,2,female,35.0,0,0,117.43,S,1,1,1,Young Adult,High,Middle,0,117.43,Single
906,3,male,4.0,0,2,51.54,Q,3,0,0,Child,Medium,Lower,1,17.18,Small Family
907,3,male,19.0,0,2,24.13,S,3,0,0,Teen,Low,Lower,0,8.043333333333333,Small Family
908,2,male,30.0,0,0,44.58,S,1,1,0,Young Adult,Medium,Middle,0,44.58,Single
909,2,female,36.0,0,0,92.66,S,1,1,1,Adult,High,Middle,0,92.66,Single
910,2,female,40.0,1,3,83.92,S,5,0,1,Adult,High,Middle,0,16.784,Large Family
911,3,male,32.0,0,1,36.92,C,2,0,0,Young Adult,Medium,Lower,0,18.46,Small Family
912,2,male,34.0,0,0,69.16,S,1,1,0,Young Adult,Medium,Middle,0,69.16,Single
913,3,male,31.0,0,0,48.33,C,1,1,0,Young Adult,Medium,Lower,0,48.33,Single
914,2,male,39.0,0,0,66.52,C,1,1,0,Adult,Medium,Middle,0,66.52,Single
915,3,male,34.0,0,2,24.57,S,3,0,0,Young Adult,Low,Lower,0,8.19,Small Family
916,2,female,31.0,1,0,94.67,S,2,0,1,Young Adult,High,Middle,0,47.335,Small Family
917,2,male,27.0,0,1,40.61,S,2,0,1,Young Adult,Medium,Middle,0,20.305,Small Family
918,3,male,31.0,0,1,58.2,C,2,0,0,Young Adult,Medium,Lower,0,29.1,Small Family
919,3,female,36.0,1,1,53.99,S,3,0,0,Adult,Medium,Lower,0,17.996666666666666,Small Family
920,1,male,33.0,0,1,243.31125,C,2,0,1,Young Adult,Very High,Upper,0,121.655625,Small Family
921,3,female,35.0,1,1,52.12,S,3,0,1,Young Adult,Medium,Lower,0,17.37333333333333,Small Family
922,2,male,47.0,0,0,119.52,S,1,1,0,Adult,High,Middle,0,119.52,Single
923,3,female,33.0,0,0,25.74,S,1,1,1,Young Adult,Medium,Lower,0,25.74,Single
924,3,male,22.0,1,1,5.72,S,3,0,0,Young Adult,Low,Lower,0,1.9066666666666665,Small Family
925,2,female,41.0,0,0,104.38,C,1,1,1,Adult,High,Middle,0,104.38,Single
926,1,male,12.0,2,0,243.31125,C,3,0,1,Child,Very High,Upper,1,81.10375,Small Family
927,2,male,16.0,0,0,59.5,S,1,1,1,Teen,Medium,Middle,0,59.5,Single
928,3,male,34.0,1,0,39.8,S,2,0,0,Young Adult,Medium,Lower,0,19.9,Small Family
929,3,male,37.0,2,1,41.53,S,4,0,0,Adult,Medium,Lower,0,10.3825,Small Family
930,2,male,14.0,1,1,76.1,S,3,0,1,Teen,Medium,Middle,1,25.366666666666664,Small Family
931,1,female,25.0,1,0,243.31125,S,2,0,1,Young Adult,Very High,Upper,0,121.655625,Small Family
932,3,female,22.0,1,1,29.99,S,3,0,0,Young Adult,Medium,Lower,0,9.996666666666666,Small Family
933,3,female,24.0,0,0,40.83,S,1,1,0,Young Adult,Medium,Lower,0,40.83,Single
934,3,male,42.0,0,1,22.94,S,2,0,0,Adult,Low,Lower,0,11.47,Small Family
935,1,male,39.0,0,0,243.31125,C,1,1,1,Adult,Very High,Upper,0,243.31125,Single
936,2,male,30.0,0,1,94.89,S,2,0,0,Young Adult,High,Middle,0,47.445,Small Family
937,1,male,23.0,2,0,243.31125,S,3,0,1,Young Adult,Very High,Upper,0,81.10375,Small Family
938,3,female,12.0,0,0,13.09,S,1,1,1,Child,Low,Lower,1,13.09,Single
939,1,female,48.0,0,1,243.31125,C,2,0,1,Adult,Very High,Upper,0,121.655625,Small Family
940,3,female,38.0,1,0,25.59,S,2,0,1,Adult,Medium,Lower,0,12.795,Small Family
941,2,male,21.0,0,2,70.81,S,3,0,0,Young Adult,Medium,Middle,0,23.603333333333335,Small Family
942,3,female,39.0,0,0,43.85,Q,1,1,1,Adult,Medium,Lower,0,43.85,Single
943,3,female,29.0,0,0,54.99,S,1,1,1,Young Adult,Medium,Lower,0,54.99,Single
944,3,male,26.0,0,0,39.76,S,1,1,0,Young Adult,Medium,Lower,0,39.76,Single
945,1,male,36.0,1,0,133.06,S,2,0,1,Adult,High,Upper,0,66.53,Small Family
946,1,female,20.0,0,0,133.56,C,1,1,1,Young Adult,High,Upper,0,133.56,Single
947,1,female,26.0,0,3,105.89,S,4,0,1,Young Adult,High,Upper,0,26.4725,Small Family
948,3,female,32.0,1,0,15.64,S,2,0,1,Young Adult,Low,Lower,0,7.82,Small Family
949,3,male,24.0,0,1,46.11,S,2,0,0,Young Adult,Medium,Lower,0,23.055,Small Family
950,3,male,39.0,1,0,12.29,S,2,0,0,Adult,Low,Lower,0,6.145,Small Family
951,3,female,54.0,2,0,14.8,S,3,0,1,Adult,Low,Lower,0,4.933333333333334,Small Family
952,3,female,20.0,0,0,46.73,S,1,1,1,Young Adult,Medium,Lower,0,46.73,Single
953,1,male,8.0,0,0,222.09,S,1,1,1,Child,Very High,Upper,1,222.09,Single
954,3,male,4.0,0,3,48.49,S,4,0,0,Child,Medium,Lower,1,12.1225,Small Family
955,2,female,28.0,1,0,108.31,S,2,0,1,Young Adult,High,Middle,0,54.155,Small Family
956,2,male,21.0,0,0,54.21,S,1,1,0,Young Adult,Medium,Middle,0,54.21,Single
957,3,female,33.0,0,0,44.75,S,1,1,0,Young Adult,Medium,Lower,0,44.75,Single
958,1,female,32.0,1,0,172.65,S,2,0,1,Young Adult,Very High,Upper,0,86.325,Small Family
959,1,male,9.0,0,0,225.02,S,1,1,0,Child,Very High,Upper,1,225.02,Single
960,3,male,6.0,0,0,36.88,S,1,1,0,Child,Medium,Lower,1,36.88,Single
961,1,male,34.0,1,0,139.19,C,2,0,1,Young Adult,High,Upper,0,69.595,Small Family
962,3,male,32.0,0,2,44.1,C,3,0,0,Young Adult,Medium,Lower,0,14.700000000000001,Small Family
963,1,male,24.0,1,1,117.55,C,3,0,1,Young Adult,High,Upper,0,39.18333333333333,Small Family
964,2,male,8.0,1,0,109.41,S,2,0,1,Child,High,Middle,1,54.705,Small Family
965,2,male,36.0,0,0,83.67,S,1,1,0,Adult,High,Middle,0,83.67,Single
966,2,male,47.0,2,1,112.86,C,4,0,1,Adult,High,Middle,0,28.215,Small Family
967,3,male,34.0,0,3,35.77,S,4,0,0,Young Adult,Medium,Lower,0,8.9425,Small Family
968,2,female,19.0,4,2,116.65,S,7,0,1,Teen,High,Middle,0,16.664285714285715,Large Family
969,3,male,31.0,0,2,11.42,Q,3,0,0,Young Adult,Low,Lower,0,3.8066666666666666,Small Family
970,2,male,12.0,0,0,105.7,S,1,1,0,Child,High,Middle,1,105.7,Single
971,3,male,44.0,0,2,47.29,S,3,0,0,Adult,Medium,Lower,0,15.763333333333334,Small Family
972,3,female,31.0,0,1,19.93,S,2,0,1,Young Adult,Low,Lower,0,9.965,Small Family
973,3,male,7.0,1,0,5.12,C,2,0,0,Child,Low,Lower,1,2.56,Small Family
974,1,male,26.0,1,0,147.0,Q,2,0,1,Young Adult,High,Upper,0,73.5,Small Family
975,1,female,36.0,1,0,221.76,Q,2,0,1,Adult,Very High,Upper,0,110.88,Small Family
976,2,male,26.0,0,0,67.28,S,1,1,1,Young Adult,Medium,Middle,0,67.28,Single
977,3,female,26.0,0,0,55.98,S,1,1,1,Young Adult,Medium,Lower,0,55.98,Single
978,1,female,14.0,1,0,243.31125,S,2,0,1,Teen,Very High,Upper,1,121.655625,Small Family
979,2,male,37.0,0,0,46.52,S,1,1,0,Adult,Medium,Middle,0,46.52,Single
980,3,male,22.0,1,0,58.7,C,2,0,0,Young Adult,Medium,Lower,0,29.35,Small Family
981,2,male,2.0,1,0,99.65,S,2,0,0,Child,High,Middle,1,49.825,Small Family
982,3,female,25.0,0,1,35.68,S,2,0,0,Young Adult,Medium,Lower,0,17.84,Small Family
983,1,male,43.0,1,0,170.06,S,2,0,1,Adult,Very High,Upper,0,85.03,Small Family
984,1,female,25.0,1,2,235.49,S,4,0,1,Young Adult,Very High,Upper,0,58.8725,Small Family
985,3,female,53.0,1,2,51.3,S,4,0,1,Adult,Medium,Lower,0,12.825,Small Family
986,2,female,36.0,0,2,53.36,S,3,0,1,Adult,Medium,Middle,0,17.786666666666665,Small Family
987,3,male,34.0,0,1,51.52,S,2,0,0,Young Adult,Medium,Lower,0,25.76,Small Family
988,2,male,28.0,0,0,87.29,S,1,1,0,Young Adult,High,Middle,0,87.29,Single
989,1,male,29.0,0,0,243.31125,S,1,1,0,Young Adult,Very High,Upper,0,243.31125,Single
990,3,male,27.0,0,0,22.12,C,1,1,0,Young Adult,Low,Lower,0,22.12,Single
991,3,female,26.0,1,3,5.18,S,5,0,1,Young Adult,Low,Lower,0,1.036,Large Family
992,3,male,37.0,1,0,47.05,S,2,0,0,Adult,Medium,Lower,0,23.525,Small Family
993,2,male,18.0,0,0,115.54,S,1,1,0,Teen,High,Middle,0,115.54,Single
994,3,male,16.0,0,1,23.13,S,2,0,0,Teen,Low,Lower,0,11.565,Small Family
995,2,female,15.0,2,2,46.36,C,5,0,1,Teen,Medium,Middle,1,9.272,Large Family
996,1,male,57.0,0,1,139.85,Q,2,0,1,Adult,High,Upper,0,69.925,Small Family
997,3,male,37.0,1,0,56.02,S,2,0,0,Adult,Medium,Lower,0,28.01,Small Family
998,1,male,34.0,3,0,243.31125,S,4,0,1,Young Adult,Very High,Upper,0,60.8278125,Small Family
999,3,male,16.0,1,0,56.65,S,2,0,0,Teen,Medium,Lower,0,28.325,Small Family
1000,2,female,38.0,4,0,86.66,S,5,0,1,Adult,High,Middle,0,17.332,Large Family
1001,1,male,28.0,1,2,243.31125,Q,4,0,1,Young Adult,Very High,Upper,0,60.8278125,Small Family
1002,3,female,33.0,0,0,42.08,S,1,1,1,Young Adult,Medium,Lower,0,42.08,Single
1003,3,male,17.0,0,0,54.27,S,1,1,0,Teen,Medium,Lower,0,54.27,Single
1004,3,male,32.0,0,2,29.09,S,3,0,0,Young Adult,Medium,Lower,0,9.696666666666667,Small Family
1005,3,female,24.0,0,0,43.02,S,1,1,1,Young Adult,Medium,Lower,0,43.02,Single
1006,3,male,20.0,1,1,58.86,S,3,0,0,Young Adult,Medium,Lower,0,19.62,Small Family
1007,3,male,40.0,0,1,18.24,C,2,0,0,Adult,Low,Lower,0,9.12,Small Family
1008,3,female,10.0,1,1,50.12,S,3,0,1,Child,Medium,Lower,1,16.706666666666667,Small Family
1009,1,male,37.0,0,0,118.72,Q,1,1,1,Adult,High,Upper,0,118.72,Single
1010,2,female,39.0,0,0,81.32,S,1,1,1,Adult,High,Middle,0,81.32,Single
1011,1,male,19.0,3,1,243.31125,C,5,0,1,Teen,Very High,Upper,0,48.66225,Large Family
1012,3,male,19.0,0,2,29.53,S,3,0,0,Teen,Medium,Lower,0,9.843333333333334,Small Family
1013,3,male,27.0,1,0,5.28,S,2,0,0,Young Adult,Low,Lower,0,2.64,Small Family
1014,1,male,34.0,1,0,243.31125,S,2,0,1,Young Adult,Very High,Upper,0,121.655625,Small Family
1015,3,male,28.0,0,0,29.49,S,1,1,0,Young Adult,Medium,Lower,0,29.49,Single
1016,3,male,36.0,0,2,39.77,S,3,0,0,Adult,Medium,Lower,0,13.256666666666668,Small Family
1017,1,female,53.0,0,0,243.31125,S,1,1,1,Adult,Very High,Upper,0,243.31125,Single
1018,3,male,23.0,1,0,37.11,S,2,0,0,Young Adult,Medium,Lower,0,18.555,Small Family
1019,3,male,8.0,1,0,21.12,S,2,0,0,Child,Low,Lower,1,10.56,Small Family
1020,1,female,41.0,0,0,243.31125,C,1,1,1,Adult,Very High,Upper,0,243.31125,Single
1021,3,male,52.0,1,2,26.56,S,4,0,0,Adult,Medium,Lower,0,6.64,Small Family
1022,2,male,35.0,0,0,45.2,S,1,1,0,Young Adult,Medium,Middle,0,45.2,Single
1023,3,male,16.0,1,0,35.5,S,2,0,0,Teen,Medium,Lower,0,17.75,Small Family
1024,3,female,28.0,2,0,46.19,C,3,0,1,Young Adult,Medium,Lower,0,15.396666666666667,Small Family
1025,3,female,15.0,2,0,5.67,C,3,0,1,Teen,Low,Lower,1,1.89,Small Family
1026,2,female,38.0,1,0,103.17,S,2,0,1,Adult,High,Middle,0,51.585,Small Family
1027,3,male,12.0,0,0,50.37,C,1,1,1,Child,Medium,Lower,1,50.37,Single
1028,3,female,26.0,4,0,32.89,C,5,0,1,Young Adult,Medium,Lower,0,6.578,Large Family
1029,2,male,17.0,0,2,105.79,S,3,0,1,Teen,High,Middle,0,35.263333333333335,Small Family
1030,3,female,32.0,1,0,56.2,S,2,0,1,Young Adult,Medium,Lower,0,28.1,Small Family
1031,1,male,25.0,0,2,182.35,S,3,0,1,Young Adult,Very High,Upper,0,60.78333333333333,Small Family
1032,3,female,32.0,4,0,38.86,S,5,0,0,Young Adult,Medium,Lower,0,7.772,Large Family
1033,1,male,30.0,1,0,243.31125,S,2,0,1,Young Adult,Very High,Upper,0,121.655625,Small Family
1034,1,female,17.0,1,0,231.65,S,2,0,1,Teen,Very High,Upper,0,115.825,Small Family
1035,1,male,38.0,0,0,241.54,S,1,1,1,Adult,Very High,Upper,0,241.54,Single
1036,3,female,29.0,1,0,39.54,S,2,0,1,Young Adult,Medium,Lower,0,19.77,Small Family
1037,2,male,17.0,1,0,91.68,C,2,0,1,Teen,High,Middle,0,45.84,Small Family
1038,3,male,59.0,1,0,37.57,S,2,0,0,Adult,Medium,Lower,0,18.785,Small Family
1039,1,female,36.0,0,0,239.68,S,1,1,1,Adult,Very High,Upper,0,239.68,Single
1040,2,male,28.0,0,0,95.28,Q,1,1,1,Young Adult,High,Middle,0,95.28,Single
1041,3,male,48.0,0,0,24.01,S,1,1,0,Adult,Low,Lower,0,24.01,Single
1042,3,female,54.0,0,0,12.6,S,1,1,1,Adult,Low,Lower,0,12.6,Single
1043,2,male,28.0,0,1,118.06,S,2,0,1,Young Adult,High,Middle,0,59.03,Small Family
1044,3,female,35.0,0,0,26.61,C,1,1,1,Young Adult,Medium,Lower,0,26.61,Single
1045,3,male,17.0,0,2,58.45,S,3,0,0,Teen,Medium,Lower,0,19.483333333333334,Small Family
1046,3,male,28.0,0,0,59.44,C,1,1,0,Young Adult,Medium,Lower,0,59.44,Single
1047,1,female,27.0,0,2,243.31125,Q,3,0,1,Young Adult,Very High,Upper,0,81.10375,Small Family
1048,1,male,32.0,2,0,107.22,S,3,0,1,Young Adult,High,Upper,0,35.74,Small Family
1049,3,male,34.0,0,3,55.08,S,4,0,0,Young Adult,Medium,Lower,0,13.77,Small Family
1050,1,male,37.0,0,0,230.22,S,1,1,1,Adult,Very High,Upper,0,230.22,Single
1051,3,male,33.0,0,0,33.12,S,1,1,0,Young Adult,Medium,Lower,0,33.12,Single
1052,3,male,14.0,1,0,25.09,S,2,0,0,Teen,Medium,Lower,1,12.545,Small Family
1053,3,male,18.0,3,0,29.65,C,4,0,0,Teen,Medium,Lower,0,7.4125,Small Family
1054,3,male,23.0,0,2,54.6,S,3,0,0,Young Adult,Medium,Lower,0,18.2,Small Family
1055,3,male,26.0,0,0,15.16,S,1,1,0,Young Adult,Low,Lower,0,15.16,Single
1056,2,male,44.0,4,0,119.38,S,5,0,1,Adult,High,Middle,0,23.875999999999998,Large Family
1057,3,male,15.0,0,0,6.0,S,1,1,0,Teen,Low,Lower,1,6.0,Single
1058,2,male,25.0,0,0,109.83,S,1,1,0,Young Adult,High,Middle,0,109.83,Single
1059,2,male,42.0,0,0,104.62,S,1,1,1,Adult,High,Middle,0,104.62,Single
1060,3,male,26.0,0,0,17.47,C,1,1,0,Young Adult,Low,Lower,0,17.47,Single
1061,3,male,36.0,4,0,5.16,S,5,0,0,Adult,Low,Lower,0,1.032,Large Family
1062,3,female,28.0,0,0,35.78,Q,1,1,1,Young Adult,Medium,Lower,0,35.78,Single
1063,3,male,33.0,3,0,18.45,Q,4,0,0,Young Adult,Low,Lower,0,4.6125,Small Family
1064,2,male,27.0,4,0,87.25,S,5,0,0,Young Adult,High,Middle,0,17.45,Large Family
1065,2,female,39.0,0,0,89.79,S,1,1,1,Adult,High,Middle,0,89.79,Single
1066,3,male,10.0,0,0,9.84,S,1,1,0,Child,Low,Lower,1,9.84,Single
1067,1,male,25.0,0,0,114.76,S,1,1,0,Young Adult,High,Upper,0,114.76,Single
1068,1,female,34.0,0,2,183.73,S,3,0,1,Young Adult,Very High,Upper,0,61.24333333333333,Small Family
1069,2,female,37.0,0,1,88.16,S,2,0,1,Adult,High,Middle,0,44.08,Small Family
1070,2,female,49.0,1,3,117.8,S,5,0,1,Adult,High,Middle,0,23.56,Large Family
1071,2,male,25.0,0,0,116.33,S,1,1,1,Young Adult,High,Middle,0,116.33,Single
1072,1,female,49.0,3,1,243.31125,S,5,0,1,Adult,Very High,Upper,0,48.66225,Large Family
1073,1,female,21.0,0,0,243.31125,S,1,1,1,Young Adult,Very High,Upper,0,243.31125,Single
1074,1,male,47.0,1,0,229.84,S,2,0,1,Adult,Very High,Upper,0,114.92,Small Family
1075,3,female,41.0,2,0,12.8,S,3,0,1,Adult,Low,Lower,0,4.266666666666667,Small Family
1076,2,female,18.0,0,1,106.77,Q,2,0,1,Teen,High,Middle,0,53.385,Small Family
1077,2,female,34.0,0,2,113.26,S,3,0,1,Young Adult,High,Middle,0,37.75333333333334,Small Family
1078,3,male,29.0,0,0,28.64,Q,1,1,0,Young Adult,Medium,Lower,0,28.64,Single
1079,1,male,38.0,0,0,243.31125,S,1,1,1,Adult,Very High,Upper,0,243.31125,Single
1080,3,female,27.0,0,1,22.92,S,2,0,0,Young Adult,Low,Lower,0,11.46,Small Family
1081,3,male,26.0,0,2,36.25,S,3,0,0,Young Adult,Medium,Lower,0,12.083333333333334,Small Family
1082,1,male,48.0,0,1,149.19,C,2,0,1,Adult,High,Upper,0,74.595,Small Family
1083,2,female,29.0,4,0,91.75,S,5,0,1,Young Adult,High,Middle,0,18.35,Large Family
1084,3,female,41.0,0,0,43.24,Q,1,1,1,Adult,Medium,Lower,0,43.24,Single
1085,3,female,27.0,0,0,49.13,S,1,1,0,Young Adult,Medium,Lower,0,49.13,Single
1086,2,male,52.0,0,1,60.62,S,2,0,1,Adult,Medium,Middle,0,30.31,Small Family
1087,3,male,21.0,0,1,46.69,S,2,0,0,Young Adult,Medium,Lower,0,23.345,Small Family
1088,1,female,22.0,0,0,243.31125,C,1,1,1,Young Adult,Very High,Upper,0,243.31125,Single
1089,3,male,50.0,3,0,24.01,Q,4,0,0,Adult,Low,Lower,0,6.0025,Small Family
1090,1,female,24.0,0,2,228.18,S,3,0,1,Young Adult,Very High,Upper,0,76.06,Small Family
1091,3,male,51.0,0,0,56.94,C,1,1,0,Adult,Medium,Lower,0,56.94,Single
1092,3,male,42.0,0,2,55.3,C,3,0,0,Adult,Medium,Lower,0,18.433333333333334,Small Family
1093,3,female,28.0,0,0,35.17,S,1,1,1,Young Adult,Medium,Lower,0,35.17,Single
1094,3,male,6.0,0,1,25.16,S,2,0,1,Child,Medium,Lower,1,12.58,Small Family
1095,1,female,30.0,1,1,175.68,S,3,0,1,Young Adult,Very High,Upper,0,58.56,Small Family
1096,1,male,31.0,0,0,243.31125,S,1,1,1,Young Adult,Very High,Upper,0,243.31125,Single
1097,1,female,45.0,0,2,243.31125,C,3,0,1,Adult,Very High,Upper,0,81.10375,Small Family
1098,1,male,51.0,1,0,147.0,S,2,0,1,Adult,High,Upper,0,73.5,Small Family
1099,3,female,21.0,0,1,7.34,C,2,0,1,Young Adult,Low,Lower,0,3.67,Small Family
1100,2,male,40.0,0,2,52.27,C,3,0,0,Adult,Medium,Middle,0,17.423333333333336,Small Family
1101,1,female,40.0,4,0,243.31125,C,5,0,1,Adult,Very High,Upper,0,48.66225,Large Family
1102,3,male,44.0,0,0,21.24,S,1,1,0,Adult,Low,Lower,0,21.24,Single
1103,3,female,36.0,1,0,56.22,S,2,0,1,Adult,Medium,Lower,0,28.11,Small Family
1104,3,male,5.0,0,1,57.57,S,2,0,0,Child,Medium,Lower,1,28.785,Small Family
1105,3,female,28.0,0,1,49.87,Q,2,0,1,Young Adult,Medium,Lower,0,24.935,Small Family
1106,1,female,15.0,0,0,243.31125,S,1,1,1,Teen,Very High,Upper,1,243.31125,Single
1107,2,male,27.0,0,1,106.83,S,2,0,0,Young Adult,High,Middle,0,53.415,Small Family
1108,3,female,43.0,0,0,36.31,S,1,1,1,Adult,Medium,Lower,0,36.31,Single
1109,3,female,34.0,0,0,50.99,S,1,1,1,Young Adult,Medium,Lower,0,50.99,Single
1110,1,male,45.0,2,0,148.32,S,3,0,1,Adult,High,Upper,0,49.44,Small Family
1111,3,male,34.0,1,0,27.37,S,2,0,0,Young Adult,Medium,Lower,0,13.685,Small Family
1112,1,female,13.0,0,0,243.31125,S,1,1,1,Teen,Very High,Upper,1,243.31125,Single
1113,1,male,1.0,0,1,127.79,Q,2,0,1,Child,High,Upper,1,63.895,Small Family
1114,3,male,32.0,2,0,46.3,S,3,0,0,Young Adult,Medium,Lower,0,15.433333333333332,Small Family
1115,3,female,27.0,1,1,41.75,C,3,0,1,Young Adult,Medium,Lower,0,13.916666666666666,Small Family
1116,3,male,17.0,0,0,46.01,S,1,1,0,Teen,Medium,Lower,0,46.01,Single
1117,1,male,8.0,2,0,243.31125,C,3,0,1,Child,Very High,Upper,1,81.10375,Small Family
1118,3,male,20.0,0,0,31.42,Q,1,1,0,Young Adult,Medium,Lower,0,31.42,Single
1119,2,female,27.0,0,2,82.77,Q,3,0,1,Young Adult,High,Middle,0,27.59,Small Family
1120,1,male,39.0,0,1,243.31125,S,2,0,1,Adult,Very High,Upper,0,121.655625,Small Family
1121,3,female,32.0,2,1,6.69,C,4,0,1,Young Adult,Low,Lower,0,1.6725,Small Family
1122,3,female,51.0,3,2,59.59,S,6,0,1,Adult,Medium,Lower,0,9.931666666666667,Large Family
1123,3,female,17.0,3,0,50.57,S,4,0,1,Teen,Medium,Lower,0,12.6425,Small Family
1124,3,male,41.0,0,0,41.9,S,1,1,0,Adult,Medium,Lower,0,41.9,Single
1125,3,male,31.0,3,1,58.16,S,5,0,0,Young Adult,Medium,Lower,0,11.632,Large Family
1126,3,male,39.0,0,1,38.69,S,2,0,0,Adult,Medium,Lower,0,19.345,Small Family
1127,1,male,24.0,0,0,131.99,S,1,1,0,Young Adult,High,Upper,0,131.99,Single
1128,2,female,44.0,0,1,94.57,C,2,0,1,Adult,High,Middle,0,47.285,Small Family
1129,2,female,34.0,0,1,62.28,S,2,0,1,Young Adult,Medium,Middle,0,31.14,Small Family
1130,2,female,21.0,1,2,44.4,S,4,0,1,Young Adult,Medium,Middle,0,11.1,Small Family
1131,3,female,30.0,0,2,30.28,S,3,0,1,Young Adult,Medium,Lower,0,10.093333333333334,Small Family
1132,2,male,27.0,3,0,78.86,S,4,0,1,Young Adult,Medium,Middle,0,19.715,Small Family
1133,1,male,36.0,0,0,243.31125,S,1,1,1,Adult,Very High,Upper,0,243.31125,Single
1134,1,female,15.0,0,0,135.57,S,1,1,1,Teen,High,Upper,1,135.57,Single
1135,3,female,30.0,3,0,21.61,Q,4,0,1,Young Adult,Low,Lower,0,5.4025,Small Family
1136,1,female,35.0,0,2,182.18,C,3,0,1,Young Adult,Very High,Upper,0,60.72666666666667,Small Family
1137,3,male,30.0,1,0,18.66,S,2,0,0,Young Adult,Low,Lower,0,9.33,Small Family
1138,2,male,48.0,1,0,64.91,S,2,0,1,Adult,Medium,Middle,0,32.455,Small Family
1139,2,male,40.0,0,0,47.09,S,1,1,0,Adult,Medium,Middle,0,47.09,Single
1140,3,male,30.0,1,1,23.84,S,3,0,0,Young Adult,Low,Lower,0,7.946666666666666,Small Family
1141,3,male,33.0,0,0,7.83,S,1,1,0,Young Adult,Low,Lower,0,7.83,Single
1142,2,female,34.0,2,0,64.53,S,3,0,1,Young Adult,Medium,Middle,0,21.51,Small Family
1143,3,female,35.0,0,0,40.12,S,1,1,1,Young Adult,Medium,Lower,0,40.12,Single
1144,3,male,6.0,0,0,49.77,S,1,1,0,Child,Medium,Lower,1,49.77,Single
1145,2,male,26.0,0,3,93.02,S,4,0,0,Young Adult,High,Middle,0,23.255,Small Family
1146,3,female,11.0,0,1,46.04,Q,2,0,1,Child,Medium,Lower,1,23.02,Small Family
1147,3,male,47.0,1,0,28.59,Q,2,0,0,Adult,Medium,Lower,0,14.295,Small Family
1148,3,male,29.0,3,1,21.45,Q,5,0,0,Young Adult,Low,Lower,0,4.29,Large Family
1149,3,male,27.0,1,0,12.13,Q,2,0,0,Young Adult,Low,Lower,0,6.065,Small Family
1150,3,male,42.0,0,1,39.52,S,2,0,0,Adult,Medium,Lower,0,19.76,Small Family
1151,3,male,35.0,3,0,33.04,C,4,0,0,Young Adult,Medium,Lower,0,8.26,Small Family
1152,3,male,15.0,0,1,42.27,S,2,0,0,Teen,Medium,Lower,1,21.135,Small Family
1153,3,female,29.0,0,0,18.04,C,1,1,0,Young Adult,Low,Lower,0,18.04,Single
1154,3,female,26.0,0,0,22.8,C,1,1,1,Young Adult,Low,Lower,0,22.8,Single
1155,3,female,7.0,0,0,21.07,S,1,1,0,Child,Low,Lower,1,21.07,Single
1156,3,female,21.0,2,0,48.87,S,3,0,1,Young Adult,Medium,Lower,0,16.29,Small Family
1157,1,male,28.0,0,1,133.6,S,2,0,1,Young Adult,High,Upper,0,66.8,Small Family
1158,3,male,29.0,0,0,38.47,S,1,1,0,Young Adult,Medium,Lower,0,38.47,Single
1159,3,female,11.0,1,0,7.82,Q,2,0,1,Child,Low,Lower,1,3.91,Small Family
1160,1,male,45.0,2,1,243.31125,C,4,0,1,Adult,Very High,Upper,0,60.8278125,Small Family
1161,3,female,29.0,2,0,8.52,S,3,0,1,Young Adult,Low,Lower,0,2.84,Small Family
1162,1,female,30.0,0,1,185.57,S,2,0,1,Young Adult,Very High,Upper,0,92.785,Small Family
1163,2,female,35.0,1,0,91.25,S,2,0,1,Young Adult,High,Middle,0,45.625,Small Family
1164,3,female,20.0,0,0,24.07,Q,1,1,0,Young Adult,Low,Lower,0,24.07,Single
1165,1,female,36.0,0,2,243.31125,Q,3,0,1,Adult,Very High,Upper,0,81.10375,Small Family
1166,3,male,25.0,2,0,50.45,S,3,0,0,Young Adult,Medium,Lower,0,16.816666666666666,Small Family
1167,3,male,18.0,3,0,17.41,S,4,0,0,Teen,Low,Lower,0,4.3525,Small Family
1168,3,male,37.0,2,1,9.75,C,4,0,0,Adult,Low,Lower,0,2.4375,Small Family
1169,1,female,49.0,0,0,243.31125,S,1,1,1,Adult,Very High,Upper,0,243.31125,Single
1170,2,female,39.0,2,1,43.5,Q,4,0,1,Adult,Medium,Middle,0,10.875,Small Family
1171,3,female,42.0,3,2,21.22,S,6,0,1,Adult,Low,Lower,0,3.5366666666666666,Large Family
1172,3,male,23.0,0,0,38.15,S,1,1,0,Young Adult,Medium,Lower,0,38.15,Single
1173,3,female,9.0,0,1,47.68,S,2,0,1,Child,Medium,Lower,1,23.84,Small Family
1174,2,male,49.0,1,0,47.92,S,2,0,0,Adult,Medium,Middle,0,23.96,Small Family
1175,3,male,57.0,0,0,33.89,S,1,1,0,Adult,Medium,Lower,0,33.89,Single
1176,3,male,50.0,4,1,13.06,S,6,0,0,Adult,Low,Lower,0,2.1766666666666667,Large Family
1177,3,male,26.0,0,1,6.3,C,2,0,0,Young Adult,Low,Lower,0,3.15,Small Family
1178,1,female,15.0,1,2,176.07,C,4,0,1,Teen,Very High,Upper,1,44.0175,Small Family
1179,3,female,16.0,1,2,21.49,S,4,0,1,Teen,Low,Lower,0,5.3725,Small Family
1180,3,female,8.0,0,0,20.34,S,1,1,0,Child,Low,Lower,1,20.34,Single
1181,3,male,29.0,2,0,58.53,S,3,0,0,Young Adult,Medium,Lower,0,19.51,Small Family
1182,2,female,51.0,0,0,99.52,S,1,1,1,Adult,High,Middle,0,99.52,Single
1183,3,female,28.0,0,0,37.19,S,1,1,1,Young Adult,Medium,Lower,0,37.19,Single
1184,3,male,34.0,0,0,43.46,Q,1,1,0,Young Adult,Medium,Lower,0,43.46,Single
1185,1,female,48.0,0,1,243.31125,Q,2,0,1,Adult,Very High,Upper,0,121.655625,Small Family
1186,3,male,25.0,1,0,46.98,S,2,0,0,Young Adult,Medium,Lower,0,23.49,Small Family
1187,3,male,56.0,3,1,8.7,C,5,0,0,Adult,Low,Lower,0,1.7399999999999998,Large Family
1188,1,female,56.0,0,1,125.52,C,2,0,1,Adult,High,Upper,0,62.76,Small Family
1189,2,female,28.0,0,0,88.96,Q,1,1,1,Young Adult,High,Middle,0,88.96,Single
1190,3,female,22.0,0,0,8.88,S,1,1,1,Young Adult,Low,Lower,0,8.88,Single
1191,1,male,39.0,1,0,209.31,C,2,0,1,Adult,Very High,Upper,0,104.655,Small Family
1192,3,male,25.0,3,0,38.89,S,4,0,0,Young Adult,Medium,Lower,0,9.7225,Small Family
1193,2,male,15.0,1,1,62.62,S,3,0,0,Teen,Medium,Middle,1,20.87333333333333,Small Family
1194,3,male,47.0,1,0,21.78,S,2,0,0,Adult,Low,Lower,0,10.89,Small Family
1195,1,male,46.0,0,2,243.31125,S,3,0,1,Adult,Very High,Upper,0,81.10375,Small Family
1196,3,female,32.0,0,1,36.86,S,2,0,1,Young Adult,Medium,Lower,0,18.43,Small Family
1197,3,female,14.0,1,0,52.78,S,2,0,1,Teen,Medium,Lower,1,26.39,Small Family
1198,3,male,14.0,1,1,48.52,C,3,0,0,Teen,Medium,Lower,1,16.173333333333336,Small Family
1199,3,female,31.0,1,0,58.11,C,2,0,1,Young Adult,Medium,Lower,0,29.055,Small Family
1200,1,female,24.0,2,0,243.31125,Q,3,0,1,Young Adult,Very High,Upper,0,81.10375,Small Family
1201,3,male,26.0,1,0,43.42,S,2,0,0,Young Adult,Medium,Lower,0,21.71,Small Family
1202,1,male,43.0,1,0,243.31125,Q,2,0,1,Adult,Very High,Upper,0,121.655625,Small Family
1203,1,male,40.0,3,0,230.86,S,4,0,0,Adult,Very High,Upper,0,57.715,Small Family
1204,2,male,48.0,4,3,108.54,S,8,0,1,Adult,High,Middle,0,13.5675,Large Family
1205,2,female,17.0,0,0,101.45,S,1,1,1,Teen,High,Middle,0,101.45,Single
1206,3,male,26.0,0,0,20.03,C,1,1,0,Young Adult,Low,Lower,0,20.03,Single
1207,3,female,40.0,0,0,53.25,S,1,1,1,Adult,Medium,Lower,0,53.25,Single
1208,2,female,36.0,1,0,40.49,C,2,0,1,Adult,Medium,Middle,0,20.245,Small Family
1209,2,male,50.0,0,0,56.32,C,1,1,1,Adult,Medium,Middle,0,56.32,Single
1210,3,female,35.0,0,1,12.74,Q,2,0,1,Young Adult,Low,Lower,0,6.37,Small Family
1211,2,male,54.0,0,0,76.63,Q,1,1,0,Adult,Medium,Middle,0,76.63,Single
1212,2,female,37.0,1,0,86.82,S,2,0,1,Adult,High,Middle,0,43.41,Small Family
1213,1,male,44.0,0,0,243.31125,C,1,1,1,Adult,Very High,Upper,0,243.31125,Single
1214,3,female,26.0,0,1,54.11,Q,2,0,1,Young Adult,Medium,Lower,0,27.055,Small Family
1215,3,male,30.0,0,0,20.67,Q,1,1,0,Young Adult,Low,Lower,0,20.67,Single
1216,1,male,42.0,1,1,243.31125,C,3,0,1,Adult,Very High,Upper,0,81.10375,Small Family
1217,1,female,51.0,0,0,178.96,C,1,1,1,Adult,Very High,Upper,0,178.96,Single
1218,3,female,39.0,0,0,27.53,S,1,1,1,Adult,Medium,Lower,0,27.53,Single
1219,3,female,29.0,1,0,31.77,C,2,0,1,Young Adult,Medium,Lower,0,15.885,Small Family
1220,2,female,48.0,0,0,114.73,S,1,1,1,Adult,High,Middle,0,114.73,Single
1221,3,male,2.0,0,0,54.06,S,1,1,1,Child,Medium,Lower,1,54.06,Single
1222,1,male,12.0,1,2,243.31125,S,4,0,1,Child,Very High,Upper,1,60.8278125,Small Family
1223,2,female,39.0,0,0,80.25,S,1,1,1,Adult,High,Middle,0,80.25,Single
1224,3,female,30.0,1,3,40.61,S,5,0,1,Young Adult,Medium,Lower,0,8.122,Large Family
1225,2,female,38.0,0,0,116.88,C,1,1,1,Adult,High,Middle,0,116.88,Single
1226,3,male,31.0,0,0,59.2,C,1,1,0,Young Adult,Medium,Lower,0,59.2,Single
1227,2,female,37.0,1,0,55.79,S,2,0,1,Adult,Medium,Middle,0,27.895,Small Family
1228,2,male,19.0,1,0,111.11,S,2,0,0,Teen,High,Middle,0,55.555,Small Family
1229,3,male,37.0,0,2,32.94,Q,3,0,0,Adult,Medium,Lower,0,10.979999999999999,Small Family
1230,2,male,43.0,0,1,95.81,S,2,0,0,Adult,High,Middle,0,47.905,Small Family
1231,3,male,46.0,2,1,33.3,S,4,0,0,Adult,Medium,Lower,0,8.325,Small Family
1232,1,male,56.0,1,0,201.38,S,2,0,1,Adult,Very High,Upper,0,100.69,Small Family
1233,1,male,33.0,0,0,156.2,Q,1,1,1,Young Adult,Very High,Upper,0,156.2,Single
1234,1,female,34.0,1,3,104.83,S,5,0,1,Young Adult,High,Upper,0,20.966,Large Family
1235,3,female,10.0,0,0,37.66,Q,1,1,1,Child,Medium,Lower,1,37.66,Single
1236,2,male,23.0,0,1,53.75,S,2,0,1,Young Adult,Medium,Middle,0,26.875,Small Family
1237,3,male,27.0,0,0,6.41,S,1,1,0,Young Adult,Low,Lower,0,6.41,Single
1238,2,male,44.0,0,2,82.16,S,3,0,1,Adult,High,Middle,0,27.386666666666667,Small Family
1239,3,male,22.0,0,1,48.56,S,2,0,0,Young Adult,Medium,Lower,0,24.28,Small Family
1240,1,male,40.0,0,3,243.31125,S,4,0,1,Adult,Very High,Upper,0,60.8278125,Small Family
1241,3,male,30.0,0,0,23.44,S,1,1,0,Young Adult,Low,Lower,0,23.44,Single
1242,3,female,28.0,0,0,53.66,S,1,1,1,Young Adult,Medium,Lower,0,53.66,Single
1243,3,male,33.0,0,0,33.51,S,1,1,0,Young Adult,Medium,Lower,0,33.51,Single
1244,3,male,25.0,0,1,27.07,C,2,0,0,Young Adult,Medium,Lower,0,13.535,Small Family
1245,3,male,24.0,1,1,54.8,C,3,0,0,Young Adult,Medium,Lower,0,18.266666666666666,Small Family
1246,3,male,8.0,0,0,10.13,C,1,1,1,Child,Low,Lower,1,10.13,Single
1247,1,female,27.0,1,0,175.45,Q,2,0,1,Young Adult,Very High,Upper,0,87.725,Small Family
1248,1,male,24.0,0,0,153.26,S,1,1,1,Young Adult,Very High,Upper,0,153.26,Single
1249,3,male,23.0,0,1,38.47,S,2,0,0,Young Adult,Medium,Lower,0,19.235,Small Family
1250,3,female,35.0,0,0,19.54,S,1,1,0,Young Adult,Low,Lower,0,19.54,Single
1251,3,male,39.0,3,0,35.98,S,4,0,0,Adult,Medium,Lower,0,8.995,Small Family
1252,2,female,33.0,0,0,112.89,S,1,1,1,Young Adult,High,Middle,0,112.89,Single
1253,1,female,43.0,0,0,243.31125,Q,1,1,1,Adult,Very High,Upper,0,243.31125,Single
1254,1,female,37.0,1,2,243.31125,C,4,0,1,Adult,Very High,Upper,0,60.8278125,Small Family
1255,3,male,26.0,3,0,19.08,S,4,0,0,Young Adult,Low,Lower,0,4.77,Small Family
1256,2,male,24.0,4,0,115.16,S,5,0,1,Young Adult,High,Middle,0,23.032,Large Family
1257,1,male,34.0,0,0,242.39,S,1,1,1,Young Adult,Very High,Upper,0,242.39,Single
1258,2,male,37.0,0,0,43.46,Q,1,1,0,Adult,Medium,Middle,0,43.46,Single
1259,1,male,48.0,1,0,204.5,S,2,0,1,Adult,Very High,Upper,0,102.25,Small Family
1260,3,female,45.0,0,0,25.92,S,1,1,1,Adult,Medium,Lower,0,25.92,Single
1261,2,female,23.0,1,1,57.22,Q,3,0,1,Young Adult,Medium,Middle,0,19.073333333333334,Small Family
1262,3,male,29.0,2,0,35.56,Q,3,0,0,Young Adult,Medium,Lower,0,11.853333333333333,Small Family
1263,2,female,39.0,1,1,86.11,S,3,0,0,Adult,High,Middle,0,28.703333333333333,Small Family
1264,2,male,44.0,0,1,66.06,S,2,0,0,Adult,Medium,Middle,0,33.03,Small Family
1265,1,male,42.0,0,3,243.31125,S,4,0,1,Adult,Very High,Upper,0,60.8278125,Small Family
1266,1,male,29.0,1,2,194.14,C,4,0,1,Young Adult,Very High,Upper,0,48.535,Small Family
1267,2,male,14.0,0,0,41.79,S,1,1,1,Teen,Medium,Middle,1,41.79,Single
1268,2,female,17.0,0,0,85.7,Q,1,1,1,Teen,High,Middle,0,85.7,Single
1269,3,female,34.0,0,1,24.87,S,2,0,1,Young Adult,Low,Lower,0,12.435,Small Family
1270,2,male,34.0,0,0,95.17,S,1,1,1,Young Adult,High,Middle,0,95.17,Single
1271,3,female,16.0,0,0,17.15,C,1,1,1,Teen,Low,Lower,0,17.15,Single
1272,3,male,31.0,2,0,28.39,S,3,0,0,Young Adult,Medium,Lower,0,9.463333333333333,Small Family
1273,3,female,38.0,0,0,17.72,S,1,1,0,Adult,Low,Lower,0,17.72,Single
1274,1,male,15.0,0,0,193.72,S,1,1,1,Teen,Very High,Upper,1,193.72,Single
1275,2,male,44.0,0,0,90.45,C,1,1,1,Adult,High,Middle,0,90.45,Single
1276,1,male,25.0,0,0,173.77,S,1,1,0,Young Adult,Very High,Upper,0,173.77,Single
1277,1,female,46.0,3,1,129.27,S,5,0,1,Adult,High,Upper,0,25.854000000000003,Large Family
1278,3,female,23.0,2,0,32.81,S,3,0,1,Young Adult,Medium,Lower,0,10.936666666666667,Small Family
1279,1,male,17.0,0,2,196.84,S,3,0,1,Teen,Very High,Upper,0,65.61333333333333,Small Family
1280,2,female,24.0,1,0,51.9,Q,2,0,1,Young Adult,Medium,Middle,0,25.95,Small Family
1281,3,male,29.0,0,0,33.71,S,1,1,0,Young Adult,Medium,Lower,0,33.71,Single
1282,3,male,25.0,4,0,14.54,S,5,0,0,Young Adult,Low,Lower,0,2.908,Large Family
1283,3,male,27.0,0,0,20.0,S,1,1,0,Young Adult,Low,Lower,0,20.0,Single
1284,1,male,34.0,0,0,117.97,C,1,1,0,Young Adult,High,Upper,0,117.97,Single
1285,2,female,28.0,0,0,78.18,S,1,1,1,Young Adult,Medium,Middle,0,78.18,Single
1286,3,male,29.0,2,1,33.93,C,4,0,0,Young Adult,Medium,Lower,0,8.4825,Small Family
1287,1,male,8.0,0,1,114.52,S,2,0,1,Child,High,Upper,1,57.26,Small Family
1288,2,male,35.0,1,0,119.17,S,2,0,1,Young Adult,High,Middle,0,59.585,Small Family
1289,1,male,29.0,0,0,192.65,S,1,1,1,Young Adult,Very High,Upper,0,192.65,Single
1290,1,male,51.0,2,0,148.74,S,3,0,1,Adult,High,Upper,0,49.580000000000005,Small Family
1291,2,female,18.0,0,0,55.31,S,1,1,1,Teen,Medium,Middle,0,55.31,Single
1292,1,male,6.0,2,0,243.31125,S,3,0,1,Child,Very High,Upper,1,81.10375,Small Family
1293,3,male,38.0,0,3,58.33,S,4,0,0,Adult,Medium,Lower,0,14.5825,Small Family
1294,3,female,35.0,0,0,49.14,C,1,1,1,Young Adult,Medium,Lower,0,49.14,Single
1295,3,male,17.0,4,1,39.68,C,6,0,0,Teen,Medium,Lower,0,6.613333333333333,Large Family
1296,1,male,10.0,4,1,133.03,S,6,0,1,Child,High,Upper,1,22.171666666666667,Large Family
1297,1,female,50.0,1,1,159.31,S,3,0,1,Adult,Very High,Upper,0,53.10333333333333,Small Family
1298,1,female,48.0,0,0,243.31125,C,1,1,1,Adult,Very High,Upper,0,243.31125,Single
1299,3,male,1.0,0,1,10.6,S,2,0,1,Child,Low,Lower,1,5.3,Small Family
1300,3,female,24.0,0,2,8.57,Q,3,0,1,Young Adult,Low,Lower,0,2.856666666666667,Small Family
1301,1,male,52.0,0,0,152.08,S,1,1,1,Adult,Very High,Upper,0,152.08,Single
1302,3,male,24.0,0,0,41.17,C,1,1,0,Young Adult,Medium,Lower,0,41.17,Single
1303,1,male,24.0,0,2,243.31125,S,3,0,1,Young Adult,Very High,Upper,0,81.10375,Small Family
1304,3,male,26.0,1,1,10.98,S,3,0,0,Young Adult,Low,Lower,0,3.66,Small Family
1305,3,male,15.0,1,0,56.97,S,2,0,0,Teen,Medium,Lower,1,28.485,Small Family
1306,3,male,8.0,0,0,35.31,S,1,1,0,Child,Medium,Lower,1,35.31,Single
1307,3,female,44.0,0,0,40.73,S,1,1,1,Adult,Medium,Lower,0,40.73,Single
1308,3,female,6.0,0,0,6.92,S,1,1,1,Child,Low,Lower,1,6.92,Single
1309,2,male,33.0,1,0,51.87,S,2,0,0,Young Adult,Medium,Middle,0,25.935,Small Family
1310,3,male,42.0,0,0,35.94,S,1,1,0,Adult,Medium,Lower,0,35.94,Single
1311,1,female,11.0,1,0,193.11,S,2,0,1,Child,Very High,Upper,1,96.555,Small Family
1312,3,male,18.0,0,1,56.9,S,2,0,0,Teen,Medium,Lower,0,28.45,Small Family
1313,3,male,46.0,0,1,56.11,S,2,0,0,Adult,Medium,Lower,0,28.055,Small Family
1314,3,female,37.0,1,0,17.12,S,2,0,0,Adult,Low,Lower,0,8.56,Small Family
1315,2,female,22.0,1,1,56.3,S,3,0,1,Young Adult,Medium,Middle,0,18.766666666666666,Small Family
1316,3,male,46.0,0,0,45.51,Q,1,1,0,Adult,Medium,Lower,0,45.51,Single
1317,3,male,46.0,0,0,6.04,C,1,1,0,Adult,Low,Lower,0,6.04,Single
1318,3,male,33.0,3,2,18.19,S,6,0,0,Young Adult,Low,Lower,0,3.0316666666666667,Large Family
1319,1,male,18.0,0,0,243.31125,S,1,1,0,Teen,Very High,Upper,0,243.31125,Single
1320,1,female,25.0,2,0,172.78,S,3,0,1,Young Adult,Very High,Upper,0,57.593333333333334,Small Family
1321,1,male,34.0,1,0,161.27,S,2,0,1,Young Adult,Very High,Upper,0,80.635,Small Family
1322,1,male,28.0,1,0,181.06,S,2,0,1,Young Adult,Very High,Upper,0,90.53,Small Family
1323,3,male,42.0,0,1,51.02,S,2,0,0,Adult,Medium,Lower,0,25.51,Small Family
1324,1,female,10.0,0,3,243.31125,S,4,0,1,Child,Very High,Upper,1,60.8278125,Small Family
1325,3,female,11.0,2,1,39.92,S,4,0,1,Child,Medium,Lower,1,9.98,Small Family
1326,2,female,32.0,0,1,102.46,S,2,0,1,Young Adult,High,Middle,0,51.23,Small Family
1327,1,male,24.0,0,1,177.62,S,2,0,1,Young Adult,Very High,Upper,0,88.81,Small Family
1328,3,male,22.0,1,2,17.19,S,4,0,0,Young Adult,Low,Lower,0,4.2975,Small Family
1329,3,male,7.0,0,0,48.93,S,1,1,0,Child,Medium,Lower,1,48.93,Single
1330,2,female,30.0,1,2,85.85,S,4,0,1,Young Adult,High,Middle,0,21.4625,Small Family
1331,3,female,29.0,1,0,12.57,S,2,0,1,Young Adult,Low,Lower,0,6.285,Small Family
1332,3,male,38.0,2,2,58.83,S,5,0,0,Adult,Medium,Lower,0,11.766,Large Family
1333,1,male,31.0,1,0,211.79,S,2,0,1,Young Adult,Very High,Upper,0,105.895,Small Family
1334,3,male,28.0,0,1,33.72,C,2,0,0,Young Adult,Medium,Lower,0,16.86,Small Family
1335,3,female,45.0,0,1,47.56,S,2,0,1,Adult,Medium,Lower,0,23.78,Small Family
1336,3,male,13.0,1,3,48.47,S,5,0,0,Teen,Medium,Lower,1,9.693999999999999,Large Family
1337,1,female,37.0,0,1,243.31125,S,2,0,1,Adult,Very High,Upper,0,121.655625,Small Family
1338,3,female,8.0,4,0,34.11,S,5,0,1,Child,Medium,Lower,1,6.822,Large Family
1339,1,male,19.0,1,0,146.76,C,2,0,1,Teen,High,Upper,0,73.38,Small Family
1340,1,female,14.0,0,0,243.31125,C,1,1,1,Teen,Very High,Upper,1,243.31125,Single
1341,2,female,40.0,2,0,56.46,S,3,0,1,Adult,Medium,Middle,0,18.82,Small Family
1342,2,male,29.0,0,0,71.3,S,1,1,0,Young Adult,Medium,Middle,0,71.3,Single
1343,3,male,30.0,0,0,51.55,S,1,1,0,Young Adult,Medium,Lower,0,51.55,Single
1344,3,male,16.0,1,0,22.21,Q,2,0,0,Teen,Low,Lower,0,11.105,Small Family
1345,3,male,26.0,2,2,33.78,C,5,0,0,Young Adult,Medium,Lower,0,6.756,Large Family
1346,2,female,20.0,0,2,60.98,S,3,0,1,Young Adult,Medium,Middle,0,20.326666666666664,Small Family
1347,2,female,35.0,0,0,85.67,S,1,1,1,Young Adult,High,Middle,0,85.67,Single
1348,2,male,17.0,0,0,72.86,C,1,1,0,Teen,Medium,Middle,0,72.86,Single
1349,3,male,47.0,0,0,31.46,S,1,1,0,Adult,Medium,Lower,0,31.46,Single
1350,1,male,8.0,0,0,106.87,S,1,1,1,Child,High,Upper,1,106.87,Single
1351,3,female,20.0,0,0,6.29,S,1,1,1,Young Adult,Low,Lower,0,6.29,Single
1352,3,male,52.0,1,0,31.58,S,2,0,0,Adult,Medium,Lower,0,15.79,Small Family
1353,2,female,24.0,2,0,80.56,C,3,0,1,Young Adult,High,Middle,0,26.853333333333335,Small Family
1354,3,male,13.0,0,0,28.38,C,1,1,0,Teen,Medium,Lower,1,28.38,Single
1355,2,male,33.0,0,0,45.4,S,1,1,0,Young Adult,Medium,Middle,0,45.4,Single
1356,3,male,24.0,2,0,57.1,S,3,0,0,Young Adult,Medium,Lower,0,19.033333333333335,Small Family
1357,3,male,19.0,1,1,5.19,S,3,0,0,Teen,Low,Lower,0,1.7300000000000002,Small Family
1358,2,male,16.0,3,1,72.89,S,5,0,0,Teen,Medium,Middle,0,14.578,Large Family
1359,2,male,62.375,0,0,87.72,S,1,1,0,Senior,High,Middle,0,87.72,Single
1360,3,male,27.0,0,0,14.46,S,1,1,0,Young Adult,Low,Lower,0,14.46,Single
1361,3,female,5.0,0,0,30.97,Q,1,1,1,Child,Medium,Lower,1,30.97,Single
1362,1,male,49.0,1,0,188.34,S,2,0,1,Adult,Very High,Upper,0,94.17,Small Family
1363,3,female,38.0,0,0,40.4,S,1,1,1,Adult,Medium,Lower,0,40.4,Single
1364,3,male,20.0,0,0,12.01,S,1,1,0,Young Adult,Low,Lower,0,12.01,Single
1365,3,male,18.0,0,0,30.17,S,1,1,0,Teen,Medium,Lower,0,30.17,Single
1366,1,male,39.0,0,0,140.75,S,1,1,1,Adult,High,Upper,0,140.75,Single
1367,3,female,27.0,1,1,49.12,S,3,0,0,Young Adult,Medium,Lower,0,16.37333333333333,Small Family
1368,3,female,5.0,0,0,55.39,S,1,1,1,Child,Medium,Lower,1,55.39,Single
1369,1,male,53.0,1,0,181.61,S,2,0,1,Adult,Very High,Upper,0,90.805,Small Family
1370,1,male,24.0,0,0,236.64,S,1,1,1,Young Adult,Very High,Upper,0,236.64,Single
1371,3,male,49.0,0,0,21.41,S,1,1,0,Adult,Low,Lower,0,21.41,Single
1372,1,female,47.0,0,1,132.1,S,2,0,1,Adult,High,Upper,0,66.05,Small Family
1373,3,male,17.0,0,0,35.76,S,1,1,0,Teen,Medium,Lower,0,35.76,Single
1374,2,male,43.0,0,0,55.55,S,1,1,0,Adult,Medium,Middle,0,55.55,Single
1375,1,female,22.0,1,0,243.31125,S,2,0,1,Young Adult,Very High,Upper,0,121.655625,Small Family
1376,3,female,6.0,2,0,44.75,S,3,0,1,Child,Medium,Lower,1,14.916666666666666,Small Family
1377,2,male,24.0,0,0,57.0,S,1,1,0,Young Adult,Medium,Middle,0,57.0,Single
1378,3,male,35.0,0,0,55.15,S,1,1,0,Young Adult,Medium,Lower,0,55.15,Single
1379,2,male,24.0,4,2,59.57,S,7,0,0,Young Adult,Medium,Middle,0,8.51,Large Family
1380,3,male,26.0,0,0,49.2,S,1,1,0,Young Adult,Medium,Lower,0,49.2,Single
1381,1,male,45.0,0,0,243.31125,S,1,1,1,Adult,Very High,Upper,0,243.31125,Single
1382,2,male,31.0,0,0,93.17,S,1,1,0,Young Adult,High,Middle,0,93.17,Single
1383,3,female,19.0,1,1,27.28,Q,3,0,0,Teen,Medium,Lower,0,9.093333333333334,Small Family
1384,2,female,39.0,0,2,104.58,S,3,0,1,Adult,High,Middle,0,34.86,Small Family
1385,3,male,33.0,0,1,27.72,C,2,0,0,Young Adult,Medium,Lower,0,13.86,Small Family
1386,2,male,1.0,0,1,103.03,S,2,0,1,Child,High,Middle,1,51.515,Small Family
1387,3,male,36.0,0,3,13.35,S,4,0,0,Adult,Low,Lower,0,3.3375,Small Family
1388,1,male,35.0,0,1,102.78,Q,2,0,1,Young Adult,High,Upper,0,51.39,Small Family
1389,3,female,30.0,1,1,30.57,C,3,0,1,Young Adult,Medium,Lower,0,10.19,Small Family
1390,2,male,42.0,1,3,89.94,S,5,0,0,Adult,High,Middle,0,17.988,Large Family
1391,1,female,21.0,0,0,243.31125,S,1,1,1,Young Adult,Very High,Upper,0,243.31125,Single
1392,1,male,34.0,0,0,222.88,S,1,1,1,Young Adult,Very High,Upper,0,222.88,Single
1393,1,male,10.0,1,1,243.31125,C,3,0,1,Child,Very High,Upper,1,81.10375,Small Family
1394,3,male,35.0,1,2,14.97,S,4,0,0,Young Adult,Low,Lower,0,3.7425,Small Family
1395,2,male,55.0,0,2,47.28,S,3,0,1,Adult,Medium,Middle,0,15.76,Small Family
1396,3,female,17.0,0,1,13.95,S,2,0,1,Teen,Low,Lower,0,6.975,Small Family
1397,2,male,20.0,0,2,72.72,S,3,0,0,Young Adult,Medium,Middle,0,24.24,Small Family
1398,1,female,21.0,0,0,243.31125,C,1,1,1,Young Adult,Very High,Upper,0,243.31125,Single
1399,3,male,32.0,0,0,58.25,C,1,1,0,Young Adult,Medium,Lower,0,58.25,Single
1400,3,male,16.0,1,0,8.64,S,2,0,0,Teen,Low,Lower,0,4.32,Small Family
1401,1,male,35.0,0,0,100.31,S,1,1,1,Young Adult,High,Upper,0,100.31,Single
1402,1,male,41.0,1,0,115.89,C,2,0,1,Adult,High,Upper,0,57.945,Small Family
1403,1,female,37.0,1,0,243.31125,S,2,0,1,Adult,Very High,Upper,0,121.655625,Small Family
1404,3,male,7.0,2,0,19.5,S,3,0,0,Child,Low,Lower,1,6.5,Small Family
1405,3,female,43.0,0,2,27.42,S,3,0,1,Adult,Medium,Lower,0,9.14,Small Family
1406,2,male,42.0,0,0,112.05,S,1,1,1,Adult,High,Middle,0,112.05,Single
1407,3,female,41.0,4,1,24.93,Q,6,0,0,Adult,Low,Lower,0,4.155,Large Family
1408,3,female,35.0,1,2,55.42,S,4,0,1,Young Adult,Medium,Lower,0,13.855,Small Family
1409,3,male,33.0,2,0,24.85,S,3,0,0,Young Adult,Low,Lower,0,8.283333333333333,Small Family
1410,3,male,43.0,0,0,28.04,C,1,1,0,Adult,Medium,Lower,0,28.04,Single
1411,1,female,55.0,0,1,243.31125,S,2,0,1,Adult,Very High,Upper,0,121.655625,Small Family
1412,1,female,18.0,1,1,123.11,S,3,0,1,Teen,High,Upper,0,41.03666666666667,Small Family
1413,2,male,44.0,0,0,77.13,C,1,1,0,Adult,Medium,Middle,0,77.13,Single
1414,1,male,29.0,0,0,206.27,S,1,1,0,Young Adult,Very High,Upper,0,206.27,Single
1415,3,female,28.0,0,0,31.54,S,1,1,0,Young Adult,Medium,Lower,0,31.54,Single
1416,3,male,10.0,0,0,12.36,S,1,1,0,Child,Low,Lower,1,12.36,Single
1417,1,male,26.0,0,0,243.31125,S,1,1,1,Young Adult,Very High,Upper,0,243.31125,Single
1418,1,male,17.0,0,0,243.31125,C,1,1,1,Teen,Very High,Upper,0,243.31125,Single
1419,2,male,24.0,0,0,81.17,S,1,1,0,Young Adult,High,Middle,0,81.17,Single
1420,3,male,16.0,1,2,19.05,C,4,0,0,Teen,Low,Lower,0,4.7625,Small Family
1421,2,male,24.0,0,1,91.51,S,2,0,1,Young Adult,High,Middle,0,45.755,Small Family
1422,3,male,25.0,0,2,36.92,Q,3,0,0,Young Adult,Medium,Lower,0,12.306666666666667,Small Family
1423,1,female,31.0,2,1,243.31125,S,4,0,1,Young Adult,Very High,Upper,0,60.8278125,Small Family
1424,1,female,9.0,0,1,243.31125,S,2,0,1,Child,Very High,Upper,1,121.655625,Small Family
1425,3,male,11.0,0,0,42.31,Q,1,1,1,Child,Medium,Lower,1,42.31,Single
1426,3,female,35.0,1,0,52.61,S,2,0,1,Young Adult,Medium,Lower,0,26.305,Small Family
1427,1,male,20.0,2,1,243.31125,S,4,0,1,Young Adult,Very High,Upper,0,60.8278125,Small Family
1428,3,male,44.0,0,2,52.34,Q,3,0,0,Adult,Medium,Lower,0,17.44666666666667,Small Family
1429,3,female,33.0,0,0,13.42,Q,1,1,1,Young Adult,Low,Lower,0,13.42,Single
1430,3,male,38.0,1,0,18.81,C,2,0,0,Adult,Low,Lower,0,9.405,Small Family
1431,2,male,48.0,0,1,103.39,S,2,0,1,Adult,High,Middle,0,51.695,Small Family
1432,3,male,26.0,1,0,24.73,S,2,0,0,Young Adult,Low,Lower,0,12.365,Small Family
1433,2,male,23.0,4,0,70.51,S,5,0,0,Young Adult,Medium,Middle,0,14.102,Large Family
1434,3,male,41.0,3,1,20.83,S,5,0,0,Adult,Low,Lower,0,4.1659999999999995,Large Family
1435,1,male,37.0,0,0,144.84,S,1,1,0,Adult,High,Upper,0,144.84,Single
1436,1,male,28.0,0,1,159.15,S,2,0,1,Young Adult,Very High,Upper,0,79.575,Small Family
1437,2,male,48.0,3,2,46.25,S,6,0,0,Adult,Medium,Middle,0,7.708333333333333,Large Family
1438,3,female,27.0,0,0,5.35,S,1,1,1,Young Adult,Low,Lower,0,5.35,Single
1439,1,female,30.0,0,0,180.41,S,1,1,1,Young Adult,Very High,Upper,0,180.41,Single
1440,3,male,30.0,1,0,27.75,S,2,0,0,Young Adult,Medium,Lower,0,13.875,Small Family
1441,3,female,18.0,0,0,10.67,C,1,1,1,Teen,Low,Lower,0,10.67,Single
1442,1,female,31.0,0,1,104.92,S,2,0,1,Young Adult,High,Upper,0,52.46,Small Family
1443,3,male,48.0,2,0,47.76,S,3,0,0,Adult,Medium,Lower,0,15.92,Small Family
1444,2,female,36.0,0,0,84.57,S,1,1,1,Adult,High,Middle,0,84.57,Single
1445,3,male,30.0,0,0,57.68,S,1,1,0,Young Adult,Medium,Lower,0,57.68,Single
1446,1,male,28.0,0,0,243.31125,S,1,1,0,Young Adult,Very High,Upper,0,243.31125,Single
1447,3,male,34.0,1,0,44.52,S,2,0,0,Young Adult,Medium,Lower,0,22.26,Small Family
1448,3,male,40.0,0,0,16.34,S,1,1,0,Adult,Low,Lower,0,16.34,Single
1449,3,female,38.0,0,0,43.34,Q,1,1,1,Adult,Medium,Lower,0,43.34,Single
1450,3,male,26.0,1,0,5.77,S,2,0,0,Young Adult,Low,Lower,0,2.885,Small Family
1451,2,male,34.0,2,0,117.52,S,3,0,1,Young Adult,High,Middle,0,39.17333333333333,Small Family
1452,3,male,36.0,0,2,28.39,S,3,0,0,Adult,Medium,Lower,0,9.463333333333333,Small Family
1453,3,male,17.0,1,0,5.67,C,2,0,0,Teen,Low,Lower,0,2.835,Small Family
1454,3,female,32.0,0,1,30.41,S,2,0,0,Young Adult,Medium,Lower,0,15.205,Small Family
1455,1,male,2.0,1,0,139.22,C,2,0,1,Child,High,Upper,1,69.61,Small Family
1456,3,female,36.0,0,1,39.19,C,2,0,1,Adult,Medium,Lower,0,19.595,Small Family
1457,3,male,39.0,0,0,10.52,S,1,1,0,Adult,Low,Lower,0,10.52,Single
1458,3,male,40.0,1,2,14.96,S,4,0,0,Adult,Low,Lower,0,3.74,Small Family
1459,1,female,25.0,0,0,243.31125,S,1,1,1,Young Adult,Very High,Upper,0,243.31125,Single
1460,3,female,34.0,0,1,41.2,S,2,0,1,Young Adult,Medium,Lower,0,20.6,Small Family
1461,2,female,49.0,0,0,60.49,S,1,1,1,Adult,Medium,Middle,0,60.49,Single
1462,3,male,48.0,1,1,34.72,C,3,0,0,Adult,Medium,Lower,0,11.573333333333332,Small Family
1463,1,male,30.0,0,1,123.22,S,2,0,0,Young Adult,High,Upper,0,61.61,Small Family
1464,3,female,32.0,0,0,8.8,S,1,1,1,Young Adult,Low,Lower,0,8.8,Single
1465,3,male,44.0,0,0,27.72,S,1,1,0,Adult,Medium,Lower,0,27.72,Single
1466,1,female,10.0,0,0,243.31125,S,1,1,1,Child,Very High,Upper,1,243.31125,Single
1467,3,male,26.0,0,0,55.25,C,1,1,0,Young Adult,Medium,Lower,0,55.25,Single
1468,2,female,47.0,0,1,83.62,S,2,0,1,Adult,High,Middle,0,41.81,Small Family
1469,3,male,43.0,0,0,22.51,S,1,1,0,Adult,Low,Lower,0,22.51,Single
1470,3,male,35.0,0,0,54.41,S,1,1,0,Young Adult,Medium,Lower,0,54.41,Single
1471,3,male,10.0,1,0,23.19,C,2,0,1,Child,Low,Lower,1,11.595,Small Family
1472,3,male,29.0,1,0,34.22,S,2,0,0,Young Adult,Medium,Lower,0,17.11,Small Family
1473,3,male,22.0,2,2,6.82,S,5,0,0,Young Adult,Low,Lower,0,1.364,Large Family
1474,2,male,34.0,0,1,45.18,Q,2,0,0,Young Adult,Medium,Middle,0,22.59,Small Family
1475,2,male,19.0,3,0,97.97,C,4,0,0,Teen,High,Middle,0,24.4925,Small Family
1476,3,male,17.0,0,1,39.89,S,2,0,0,Teen,Medium,Lower,0,19.945,Small Family
1477,3,male,3.0,4,2,8.34,S,7,0,0,Child,Low,Lower,1,1.1914285714285715,Large Family
1478,3,female,46.0,0,0,9.12,Q,1,1,1,Adult,Low,Lower,0,9.12,Single
1479,3,male,25.0,0,1,34.97,C,2,0,1,Young Adult,Medium,Lower,0,17.485,Small Family
1480,2,female,32.0,0,0,96.56,S,1,1,1,Young Adult,High,Middle,0,96.56,Single
1481,3,male,30.0,0,0,39.25,S,1,1,0,Young Adult,Medium,Lower,0,39.25,Single
1482,1,male,16.0,2,0,243.31125,S,3,0,1,Teen,Very High,Upper,0,81.10375,Small Family
1483,3,male,14.0,1,1,51.13,S,3,0,0,Teen,Medium,Lower,1,17.043333333333333,Small Family
1484,1,female,17.0,4,0,219.34,S,5,0,1,Teen,Very High,Upper,0,43.868,Large Family
1485,2,female,21.0,1,0,66.85,S,2,0,1,Young Adult,Medium,Middle,0,33.425,Small Family
1486,2,male,35.0,0,0,115.48,C,1,1,1,Young Adult,High,Middle,0,115.48,Single
1487,2,male,20.0,0,0,104.39,S,1,1,0,Young Adult,High,Middle,0,104.39,Single
1488,3,male,53.0,4,1,50.69,C,6,0,0,Adult,Medium,Lower,0,8.448333333333332,Large Family
1489,2,male,43.0,0,0,119.89,S,1,1,1,Adult,High,Middle,0,119.89,Single
1490,2,male,41.0,1,0,74.7,S,2,0,0,Adult,Medium,Middle,0,37.35,Small Family
1491,1,male,28.0,0,0,243.31125,S,1,1,1,Young Adult,Very High,Upper,0,243.31125,Single
1492,2,female,50.0,0,0,84.8,S,1,1,1,Adult,High,Middle,0,84.8,Single
1493,1,male,27.0,3,0,141.39,S,4,0,1,Young Adult,High,Upper,0,35.3475,Small Family
1494,1,female,30.0,0,0,243.31125,S,1,1,1,Young Adult,Very High,Upper,0,243.31125,Single
1495,3,male,32.0,0,0,40.28,C,1,1,0,Young Adult,Medium,Lower,0,40.28,Single
1496,3,female,39.0,0,0,35.38,S,1,1,0,Adult,Medium,Lower,0,35.38,Single
1497,3,female,38.0,1,0,7.22,C,2,0,1,Adult,Low,Lower,0,3.61,Small Family
1498,2,female,24.0,0,0,70.96,C,1,1,1,Young Adult,Medium,Middle,0,70.96,Single
1499,2,female,23.0,0,1,68.14,C,2,0,1,Young Adult,Medium,Middle,0,34.07,Small Family
1500,3,male,38.0,0,0,54.89,S,1,1,0,Adult,Medium,Lower,0,54.89,Single
1501,3,female,39.0,0,1,35.02,Q,2,0,0,Adult,Medium,Lower,0,17.51,Small Family
1502,2,female,25.0,0,0,117.77,S,1,1,1,Young Adult,High,Middle,0,117.77,Single
1503,1,male,9.0,0,0,127.18,C,1,1,1,Child,High,Upper,1,127.18,Single
1504,2,female,27.0,3,0,115.65,S,4,0,1,Young Adult,High,Middle,0,28.9125,Small Family
1505,2,female,38.0,3,0,83.84,S,4,0,1,Adult,High,Middle,0,20.96,Small Family
1506,2,male,53.0,0,1,96.2,Q,2,0,1,Adult,High,Middle,0,48.1,Small Family
1507,3,male,14.0,1,1,25.47,S,3,0,0,Teen,Medium,Lower,1,8.49,Small Family
1508,3,male,24.0,0,0,9.78,S,1,1,0,Young Adult,Low,Lower,0,9.78,Single
1509,3,male,25.0,0,0,6.18,S,1,1,0,Young Adult,Low,Lower,0,6.18,Single
1510,3,male,48.0,0,1,28.55,S,2,0,0,Adult,Medium,Lower,0,14.275,Small Family
1511,3,female,30.0,0,1,31.47,C,2,0,1,Young Adult,Medium,Lower,0,15.735,Small Family
1512,3,male,18.0,0,3,50.25,S,4,0,0,Teen,Medium,Lower,0,12.5625,Small Family
1513,3,male,37.0,0,1,27.79,C,2,0,0,Adult,Medium,Lower,0,13.895,Small Family
1514,1,male,25.0,1,1,243.31125,S,3,0,1,Young Adult,Very High,Upper,0,81.10375,Small Family
1515,1,male,14.0,0,0,243.31125,S,1,1,1,Teen,Very High,Upper,1,243.31125,Single
1516,1,female,18.0,1,1,243.31125,S,3,0,1,Teen,Very High,Upper,0,81.10375,Small Family
1517,3,male,53.0,0,3,10.02,S,4,0,0,Adult,Low,Lower,0,2.505,Small Family
1518,3,male,35.0,0,1,11.22,Q,2,0,0,Young Adult,Low,Lower,0,5.61,Small Family
1519,1,male,31.0,0,0,117.32,C,1,1,1,Young Adult,High,Upper,0,117.32,Single
1520,3,female,27.0,0,0,5.7,S,1,1,0,Young Adult,Low,Lower,0,5.7,Single
1521,1,female,34.0,1,1,123.16,S,3,0,1,Young Adult,High,Upper,0,41.053333333333335,Small Family
1522,3,female,34.0,1,1,48.31,S,3,0,1,Young Adult,Medium,Lower,0,16.103333333333335,Small Family
1523,2,male,34.0,0,1,67.47,S,2,0,1,Young Adult,Medium,Middle,0,33.735,Small Family
1524,1,female,31.0,1,0,243.31125,C,2,0,1,Young Adult,Very High,Upper,0,121.655625,Small Family
1525,2,female,41.0,3,0,114.35,C,4,0,1,Adult,High,Middle,0,28.5875,Small Family
1526,2,male,30.0,1,0,99.4,S,2,0,0,Young Adult,High,Middle,0,49.7,Small Family
1527,2,female,17.0,0,1,50.71,C,2,0,1,Teen,Medium,Middle,0,25.355,Small Family
1528,2,male,22.0,1,0,78.08,S,2,0,1,Young Adult,Medium,Middle,0,39.04,Small Family
1529,3,female,4.0,0,1,38.67,S,2,0,1,Child,Medium,Lower,1,19.335,Small Family
1530,3,male,56.0,2,0,34.71,C,3,0,0,Adult,Medium,Lower,0,11.57,Small Family
1531,2,male,41.0,0,0,118.24,S,1,1,1,Adult,High,Middle,0,118.24,Single
1532,3,male,19.0,0,0,17.34,S,1,1,0,Teen,Low,Lower,0,17.34,Single
1533,3,male,26.0,0,0,56.1,S,1,1,0,Young Adult,Medium,Lower,0,56.1,Single
1534,2,female,22.0,0,0,87.95,S,1,1,1,Young Adult,High,Middle,0,87.95,Single
1535,2,female,50.0,2,2,78.34,S,5,0,1,Adult,Medium,Middle,0,15.668000000000001,Large Family
1536,1,female,12.0,0,2,243.31125,S,3,0,1,Child,Very High,Upper,1,81.10375,Small Family
1537,1,male,31.0,0,0,138.15,S,1,1,1,Young Adult,High,Upper,0,138.15,Single
1538,3,male,29.0,3,1,27.14,S,5,0,0,Young Adult,Medium,Lower,0,5.428,Large Family
1539,1,male,41.0,0,0,126.62,S,1,1,1,Adult,High,Upper,0,126.62,Single
1540,3,male,29.0,0,2,7.68,S,3,0,0,Young Adult,Low,Lower,0,2.56,Small Family
1541,3,female,7.0,0,1,59.5,S,2,0,1,Child,Medium,Lower,1,29.75,Small Family
1542,1,male,27.0,0,0,243.31125,C,1,1,1,Young Adult,Very High,Upper,0,243.31125,Single
1543,3,male,17.0,0,0,27.48,C,1,1,0,Teen,Medium,Lower,0,27.48,Single
1544,2,female,31.0,0,0,96.38,S,1,1,1,Young Adult,High,Middle,0,96.38,Single
1545,3,male,49.0,1,1,37.16,C,3,0,0,Adult,Medium,Lower,0,12.386666666666665,Small Family
1546,2,female,7.0,3,0,49.29,S,4,0,1,Child,Medium,Middle,1,12.3225,Small Family
1547,3,male,20.0,0,1,41.67,S,2,0,0,Young Adult,Medium,Lower,0,20.835,Small Family
1548,3,male,23.0,0,0,34.85,S,1,1,0,Young Adult,Medium,Lower,0,34.85,Single
1549,1,female,25.0,0,2,242.32,S,3,0,1,Young Adult,Very High,Upper,0,80.77333333333333,Small Family
1550,3,male,40.0,1,2,45.58,S,4,0,0,Adult,Medium,Lower,0,11.395,Small Family
1551,3,female,28.0,0,0,6.38,S,1,1,1,Young Adult,Low,Lower,0,6.38,Single
1552,3,male,35.0,2,1,34.76,S,4,0,0,Young Adult,Medium,Lower,0,8.69,Small Family
1553,3,male,22.0,0,1,11.26,S,2,0,0,Young Adult,Low,Lower,0,5.63,Small Family
1554,3,female,33.0,3,2,28.98,S,6,0,1,Young Adult,Medium,Lower,0,4.83,Large Family
1555,1,male,40.0,0,0,243.31125,S,1,1,1,Adult,Very High,Upper,0,243.31125,Single
1556,1,male,20.0,1,0,202.32,S,2,0,1,Young Adult,Very High,Upper,0,101.16,Small Family
1557,3,female,40.0,0,0,56.47,S,1,1,1,Adult,Medium,Lower,0,56.47,Single
1558,2,female,31.0,1,0,76.67,S,2,0,1,Young Adult,Medium,Middle,0,38.335,Small Family
1559,3,male,44.0,0,0,27.82,C,1,1,0,Adult,Medium,Lower,0,27.82,Single
1560,3,male,27.0,0,0,5.33,S,1,1,0,Young Adult,Low,Lower,0,5.33,Single
1561,2,female,35.0,0,0,85.49,S,1,1,1,Young Adult,High,Middle,0,85.49,Single
1562,1,female,29.0,2,0,171.34,S,3,0,1,Young Adult,Very High,Upper,0,57.11333333333334,Small Family
1563,3,female,29.0,1,0,14.61,C,2,0,1,Young Adult,Low,Lower,0,7.305,Small Family
1564,2,male,33.0,0,0,75.2,S,1,1,1,Young Adult,Medium,Middle,0,75.2,Single
1565,3,female,37.0,0,1,55.28,S,2,0,1,Adult,Medium,Lower,0,27.64,Small Family
1566,2,female,14.0,0,2,105.97,S,3,0,1,Teen,High,Middle,1,35.32333333333333,Small Family
1567,3,male,49.0,2,0,48.89,S,3,0,0,Adult,Medium,Lower,0,16.296666666666667,Small Family
1568,1,male,6.0,1,2,243.31125,S,4,0,1,Child,Very High,Upper,1,60.8278125,Small Family
1569,3,male,21.0,1,0,36.02,S,2,0,0,Young Adult,Medium,Lower,0,18.01,Small Family
1570,2,male,29.0,0,1,106.4,S,2,0,0,Young Adult,High,Middle,0,53.2,Small Family
1571,3,male,35.0,3,0,13.77,S,4,0,0,Young Adult,Low,Lower,0,3.4425,Small Family
1572,1,female,50.0,2,0,163.84,S,3,0,1,Adult,Very High,Upper,0,54.61333333333334,Small Family
1573,3,female,6.0,1,0,5.08,C,2,0,1,Child,Low,Lower,1,2.54,Small Family
1574,3,male,23.0,0,0,36.88,S,1,1,0,Young Adult,Medium,Lower,0,36.88,Single
1575,1,female,2.0,1,0,243.31125,Q,2,0,1,Child,Very High,Upper,1,121.655625,Small Family
1576,1,male,30.0,0,0,198.69,Q,1,1,1,Young Adult,Very High,Upper,0,198.69,Single
1577,1,male,34.0,0,0,109.79,C,1,1,1,Young Adult,High,Upper,0,109.79,Single
1578,3,female,51.0,0,1,37.31,Q,2,0,1,Adult,Medium,Lower,0,18.655,Small Family
1579,3,female,32.0,0,0,18.58,S,1,1,0,Young Adult,Low,Lower,0,18.58,Single
1580,3,male,44.0,0,0,51.61,C,1,1,0,Adult,Medium,Lower,0,51.61,Single
1581,1,male,38.0,0,0,224.22,S,1,1,1,Adult,Very High,Upper,0,224.22,Single
1582,2,male,24.0,0,1,43.31,C,2,0,0,Young Adult,Medium,Middle,0,21.655,Small Family
1583,3,male,12.0,1,0,17.44,S,2,0,0,Child,Low,Lower,1,8.72,Small Family
1584,2,female,34.0,0,0,105.45,S,1,1,1,Young Adult,High,Middle,0,105.45,Single
1585,3,male,11.0,0,0,14.55,Q,1,1,0,Child,Low,Lower,1,14.55,Single
1586,1,male,47.0,0,0,152.05,S,1,1,1,Adult,Very High,Upper,0,152.05,Single
1587,3,male,28.0,2,0,30.77,C,3,0,0,Young Adult,Medium,Lower,0,10.256666666666666,Small Family
1588,2,female,46.0,1,0,104.35,S,2,0,1,Adult,High,Middle,0,52.175,Small Family
1589,2,female,24.0,0,0,100.19,S,1,1,1,Young Adult,High,Middle,0,100.19,Single
1590,3,male,33.0,3,0,9.98,S,4,0,0,Young Adult,Low,Lower,0,2.495,Small Family
1591,3,male,33.0,0,0,31.7,S,1,1,0,Young Adult,Medium,Lower,0,31.7,Single
1592,3,female,29.0,3,0,48.95,Q,4,0,1,Young Adult,Medium,Lower,0,12.2375,Small Family
1593,1,male,24.0,0,0,243.31125,Q,1,1,1,Young Adult,Very High,Upper,0,243.31125,Single
1594,1,male,35.0,0,2,206.4,C,3,0,1,Young Adult,Very High,Upper,0,68.8,Small Family
1595,3,male,18.0,0,0,53.81,C,1,1,0,Teen,Medium,Lower,0,53.81,Single
1596,3,female,14.0,0,1,55.46,S,2,0,1,Teen,Medium,Lower,1,27.73,Small Family
1597,2,female,46.0,0,0,119.5,S,1,1,1,Adult,High,Middle,0,119.5,Single
1598,1,female,39.0,1,0,145.81,S,2,0,1,Adult,High,Upper,0,72.905,Small Family
1599,1,male,31.0,2,1,243.31125,S,4,0,1,Young Adult,Very High,Upper,0,60.8278125,Small Family
1600,3,male,52.0,0,0,56.81,S,1,1,0,Adult,Medium,Lower,0,56.81,Single
1601,1,male,27.0,0,0,243.31125,S,1,1,1,Young Adult,Very High,Upper,0,243.31125,Single
1602,2,male,47.0,0,0,105.17,S,1,1,1,Adult,High,Middle,0,105.17,Single
1603,1,female,32.0,0,0,232.18,S,1,1,1,Young Adult,Very High,Upper,0,232.18,Single
1604,2,male,17.0,1,1,82.17,S,3,0,1,Teen,High,Middle,0,27.39,Small Family
1605,1,male,54.0,0,0,243.31125,S,1,1,1,Adult,Very High,Upper,0,243.31125,Single
1606,3,female,43.0,1,0,48.1,C,2,0,1,Adult,Medium,Lower,0,24.05,Small Family
1607,1,female,28.0,0,1,153.5,S,2,0,1,Young Adult,Very High,Upper,0,76.75,Small Family
1608,3,male,39.0,0,2,52.28,S,3,0,0,Adult,Medium,Lower,0,17.426666666666666,Small Family
1609,1,male,25.0,0,1,243.31125,C,2,0,1,Young Adult,Very High,Upper,0,121.655625,Small Family
1610,3,female,41.0,0,0,39.98,S,1,1,0,Adult,Medium,Lower,0,39.98,Single
1611,3,male,1.0,0,1,30.24,S,2,0,0,Child,Medium,Lower,1,15.12,Small Family
1612,3,male,17.0,1,1,30.69,C,3,0,0,Teen,Medium,Lower,0,10.23,Small Family
1613,3,female,43.0,0,1,27.34,S,2,0,1,Adult,Medium,Lower,0,13.67,Small Family
1614,2,female,27.0,0,1,44.65,S,2,0,1,Young Adult,Medium,Middle,0,22.325,Small Family
1615,2,female,33.0,1,2,110.59,S,4,0,1,Young Adult,High,Middle,0,27.6475,Small Family
1616,3,male,12.0,0,0,13.11,S,1,1,0,Child,Low,Lower,1,13.11,Single
1617,3,female,54.0,1,0,10.86,S,2,0,1,Adult,Low,Lower,0,5.43,Small Family
1618,3,female,45.0,0,1,55.85,S,2,0,1,Adult,Medium,Lower,0,27.925,Small Family
1619,3,male,27.0,0,0,6.36,C,1,1,0,Young Adult,Low,Lower,0,6.36,Single
1620,3,male,25.0,2,0,10.8,S,3,0,0,Young Adult,Low,Lower,0,3.6,Small Family
1621,2,female,43.0,1,0,54.52,S,2,0,1,Adult,Medium,Middle,0,27.26,Small Family
1622,1,male,56.0,0,1,243.31125,S,2,0,1,Adult,Very High,Upper,0,121.655625,Small Family
1623,3,male,42.0,0,0,27.32,C,1,1,0,Adult,Medium,Lower,0,27.32,Single
1624,3,male,58.0,2,0,11.46,S,3,0,0,Adult,Low,Lower,0,3.8200000000000003,Small Family
1625,1,male,18.0,0,0,152.12,S,1,1,1,Teen,Very High,Upper,0,152.12,Single
1626,3,female,19.0,0,0,49.04,S,1,1,1,Teen,Medium,Lower,0,49.04,Single
1627,1,male,15.0,1,0,243.31125,S,2,0,1,Teen,Very High,Upper,1,121.655625,Small Family
1628,3,male,36.0,1,0,10.73,S,2,0,0,Adult,Low,Lower,0,5.365,Small Family
1629,1,male,32.0,1,1,243.31125,S,3,0,1,Young Adult,Very High,Upper,0,81.10375,Small Family
1630,2,male,28.0,1,1,50.03,S,3,0,0,Young Adult,Medium,Middle,0,16.676666666666666,Small Family
1631,3,male,41.0,1,1,44.23,S,3,0,0,Adult,Medium,Lower,0,14.743333333333332,Small Family
1632,2,female,46.0,2,0,56.61,S,3,0,1,Adult,Medium,Middle,0,18.87,Small Family
1633,3,male,10.0,1,0,19.85,S,2,0,0,Child,Low,Lower,1,9.925,Small Family
1634,3,male,22.0,0,0,41.5,S,1,1,0,Young Adult,Medium,Lower,0,41.5,Single
1635,3,male,41.0,0,0,25.42,S,1,1,0,Adult,Medium,Lower,0,25.42,Single
1636,1,female,24.0,1,0,243.31125,C,2,0,1,Young Adult,Very High,Upper,0,121.655625,Small Family
1637,2,male,20.0,2,1,73.59,S,4,0,0,Young Adult,Medium,Middle,0,18.3975,Small Family
1638,1,male,43.0,0,0,218.73,Q,1,1,1,Adult,Very High,Upper,0,218.73,Single
1639,3,female,13.0,0,0,31.17,S,1,1,1,Teen,Medium,Lower,1,31.17,Single
1640,3,male,26.0,3,2,21.49,S,6,0,0,Young Adult,Low,Lower,0,3.5816666666666666,Large Family
1641,3,male,34.0,0,0,50.75,C,1,1,0,Young Adult,Medium,Lower,0,50.75,Single
1642,3,male,23.0,0,2,53.49,S,3,0,0,Young Adult,Medium,Lower,0,17.830000000000002,Small Family
1643,3,male,40.0,1,3,28.83,S,5,0,0,Adult,Medium,Lower,0,5.766,Large Family
1644,3,male,23.0,4,0,25.61,S,5,0,0,Young Adult,Medium,Lower,0,5.122,Large Family
1645,1,female,48.0,2,0,243.31125,S,3,0,1,Adult,Very High,Upper,0,81.10375,Small Family
1646,3,male,28.0,1,1,8.19,C,3,0,0,Young Adult,Low,Lower,0,2.73,Small Family
1647,1,male,39.0,0,0,243.31125,S,1,1,1,Adult,Very High,Upper,0,243.31125,Single
1648,3,male,40.0,2,0,48.03,Q,3,0,1,Adult,Medium,Lower,0,16.01,Small Family
1649,3,male,22.0,0,1,26.86,Q,2,0,0,Young Adult,Medium,Lower,0,13.43,Small Family
1650,3,male,3.0,2,0,14.6,S,3,0,0,Child,Low,Lower,1,4.866666666666666,Small Family
1651,1,female,35.0,0,0,243.31125,S,1,1,1,Young Adult,Very High,Upper,0,243.31125,Single
1652,2,male,31.0,0,0,75.39,S,1,1,1,Young Adult,Medium,Middle,0,75.39,Single
1653,2,female,37.0,0,1,109.12,S,2,0,1,Adult,High,Middle,0,54.56,Small Family
1654,2,female,27.0,0,0,67.87,S,1,1,1,Young Adult,Medium,Middle,0,67.87,Single
1655,1,female,24.0,1,0,189.62,S,2,0,1,Young Adult,Very High,Upper,0,94.81,Small Family
1656,3,male,56.0,3,0,14.62,S,4,0,0,Adult,Low,Lower,0,3.655,Small Family
1657,3,female,11.0,1,0,32.96,S,2,0,1,Child,Medium,Lower,1,16.48,Small Family
1658,2,female,40.0,2,1,91.87,S,4,0,1,Adult,High,Middle,0,22.9675,Small Family
1659,2,female,23.0,0,1,100.98,S,2,0,1,Young Adult,High,Middle,0,50.49,Small Family
1660,2,female,26.0,1,0,76.97,S,2,0,1,Young Adult,Medium,Middle,0,38.485,Small Family
1661,3,male,26.0,2,0,16.81,C,3,0,0,Young Adult,Low,Lower,0,5.603333333333333,Small Family
1662,3,male,20.0,1,0,49.79,C,2,0,0,Young Adult,Medium,Lower,0,24.895,Small Family
1663,3,female,37.0,0,0,43.62,S,1,1,1,Adult,Medium,Lower,0,43.62,Single
1664,2,male,48.0,1,0,97.66,Q,2,0,1,Adult,High,Middle,0,48.83,Small Family
1665,3,male,36.0,1,0,11.78,S,2,0,0,Adult,Low,Lower,0,5.89,Small Family
1666,3,male,31.0,0,0,17.32,C,1,1,0,Young Adult,Low,Lower,0,17.32,Single
1667,1,female,17.0,1,0,243.31125,S,2,0,1,Teen,Very High,Upper,0,121.655625,Small Family
1668,3,male,37.0,3,1,52.15,S,5,0,0,Adult,Medium,Lower,0,10.43,Large Family
1669,1,female,58.0,0,1,243.31125,S,2,0,1,Adult,Very High,Upper,0,121.655625,Small Family
1670,3,female,25.0,1,0,50.76,S,2,0,1,Young Adult,Medium,Lower,0,25.38,Small Family
1671,2,female,25.0,1,0,71.29,C,2,0,1,Young Adult,Medium,Middle,0,35.645,Small Family
1672,3,male,23.0,1,2,50.15,S,4,0,0,Young Adult,Medium,Lower,0,12.5375,Small Family
1673,3,female,24.0,0,2,54.45,S,3,0,1,Young Adult,Medium,Lower,0,18.150000000000002,Small Family
1674,3,female,1.0,2,0,8.12,S,3,0,1,Child,Low,Lower,1,2.7066666666666666,Small Family
1675,3,female,35.0,0,1,27.9,S,2,0,1,Young Adult,Medium,Lower,0,13.95,Small Family
1676,2,male,19.0,0,1,98.41,S,2,0,0,Teen,High,Middle,0,49.205,Small Family
1677,1,male,9.0,2,0,243.31125,Q,3,0,1,Child,Very High,Upper,1,81.10375,Small Family
1678,2,female,40.0,1,0,84.27,S,2,0,1,Adult,High,Middle,0,42.135,Small Family
1679,1,male,16.0,2,0,171.33,S,3,0,1,Teen,Very High,Upper,0,57.11000000000001,Small Family
1680,3,male,26.0,0,0,52.68,Q,1,1,0,Young Adult,Medium,Lower,0,52.68,Single
1681,2,male,49.0,0,0,99.65,S,1,1,0,Adult,High,Middle,0,99.65,Single
1682,3,female,12.0,3,2,31.63,S,6,0,1,Child,Medium,Lower,1,5.2716666666666665,Large Family
1683,3,male,10.0,0,1,27.58,S,2,0,0,Child,Medium,Lower,1,13.79,Small Family
1684,3,female,34.0,1,0,41.62,S,2,0,1,Young Adult,Medium,Lower,0,20.81,Small Family
1685,1,male,45.0,2,0,161.75,S,3,0,1,Adult,Very High,Upper,0,53.916666666666664,Small Family
1686,3,female,10.0,1,1,7.31,S,3,0,1,Child,Low,Lower,1,2.4366666666666665,Small Family
1687,3,female,35.0,0,0,44.6,S,1,1,0,Young Adult,Medium,Lower,0,44.6,Single
1688,2,female,38.0,1,0,99.9,C,2,0,1,Adult,High,Middle,0,49.95,Small Family
1689,3,male,3.0,2,2,7.7,S,5,0,0,Child,Low,Lower,1,1.54,Large Family
1690,3,female,40.0,0,0,6.13,C,1,1,1,Adult,Low,Lower,0,6.13,Single
1691,1,male,41.0,0,0,123.56,S,1,1,1,Adult,High,Upper,0,123.56,Single
1692,3,female,26.0,0,0,18.86,S,1,1,1,Young Adult,Low,Lower,0,18.86,Single
1693,2,male,46.0,0,0,83.12,S,1,1,0,Adult,High,Middle,0,83.12,Single
1694,1,male,45.0,2,0,130.66,S,3,0,1,Adult,High,Upper,0,43.553333333333335,Small Family
1695,2,male,31.0,2,0,93.05,S,3,0,1,Young Adult,High,Middle,0,31.016666666666666,Small Family
1696,1,male,24.0,4,0,156.57,S,5,0,1,Young Adult,Very High,Upper,0,31.314,Large Family
1697,1,male,17.0,0,0,243.31125,C,1,1,1,Teen,Very High,Upper,0,243.31125,Single
1698,1,female,30.0,1,0,110.72,S,2,0,1,Young Adult,High,Upper,0,55.36,Small Family
1699,3,male,37.0,0,0,10.23,S,1,1,0,Adult,Low,Lower,0,10.23,Single
1700,3,female,26.0,1,0,51.83,S,2,0,1,Young Adult,Medium,Lower,0,25.915,Small Family
1701,3,male,1.0,1,2,20.92,C,4,0,0,Child,Low,Lower,1,5.23,Small Family
1702,2,male,46.0,2,0,72.94,S,3,0,1,Adult,Medium,Middle,0,24.313333333333333,Small Family
1703,2,female,32.0,2,0,69.24,S,3,0,1,Young Adult,Medium,Middle,0,23.08,Small Family
1704,3,female,25.0,3,0,17.23,C,4,0,1,Young Adult,Low,Lower,0,4.3075,Small Family
1705,2,male,41.0,2,0,78.18,C,3,0,0,Adult,Medium,Middle,0,26.060000000000002,Small Family
1706,1,male,50.0,2,1,224.76,S,4,0,1,Adult,Very High,Upper,0,56.19,Small Family
1707,3,male,1.0,0,0,24.1,S,1,1,0,Child,Low,Lower,1,24.1,Single
1708,1,male,36.0,2,1,231.21,S,4,0,1,Adult,Very High,Upper,0,57.8025,Small Family
1709,3,male,11.0,1,0,17.56,Q,2,0,0,Child,Low,Lower,1,8.78,Small Family
1710,3,male,36.0,0,0,41.31,S,1,1,0,Adult,Medium,Lower,0,41.31,Single
1711,1,female,32.0,0,1,121.87,S,2,0,1,Young Adult,High,Upper,0,60.935,Small Family
1712,1,female,38.0,1,0,243.31125,S,2,0,1,Adult,Very High,Upper,0,121.655625,Small Family
1713,3,male,24.0,0,0,44.32,S,1,1,0,Young Adult,Medium,Lower,0,44.32,Single
1714,2,male,6.0,0,1,115.29,S,2,0,1,Child,High,Middle,1,57.645,Small Family
1715,1,male,24.0,1,2,171.09,S,4,0,1,Young Adult,Very High,Upper,0,42.7725,Small Family
1716,3,male,35.0,2,0,39.77,S,3,0,0,Young Adult,Medium,Lower,0,13.256666666666668,Small Family
1717,1,female,43.0,2,0,152.6,Q,3,0,1,Adult,Very High,Upper,0,50.86666666666667,Small Family
1718,3,male,15.0,0,0,20.63,C,1,1,0,Teen,Low,Lower,1,20.63,Single
1719,3,female,43.0,0,0,56.63,Q,1,1,1,Adult,Medium,Lower,0,56.63,Single
1720,1,female,22.0,0,0,243.31125,C,1,1,1,Young Adult,Very High,Upper,0,243.31125,Single
1721,1,male,35.0,0,1,243.31125,S,2,0,0,Young Adult,Very High,Upper,0,121.655625,Small Family
1722,1,female,23.0,0,0,243.31125,S,1,1,1,Young Adult,Very High,Upper,0,243.31125,Single
1723,2,male,32.0,4,1,118.87,S,6,0,1,Young Adult,High,Middle,0,19.811666666666667,Large Family
1724,1,male,42.0,0,0,152.14,S,1,1,0,Adult,Very High,Upper,0,152.14,Single
1725,3,male,14.0,0,0,34.79,S,1,1,0,Teen,Medium,Lower,1,34.79,Single
1726,1,female,21.0,0,2,130.49,S,3,0,1,Young Adult,High,Upper,0,43.49666666666667,Small Family
1727,3,female,32.0,0,0,29.48,Q,1,1,1,Young Adult,Medium,Lower,0,29.48,Single
1728,3,female,61.0,0,0,13.01,S,1,1,0,Senior,Low,Lower,0,13.01,Single
1729,3,male,19.0,0,0,35.44,S,1,1,0,Teen,Medium,Lower,0,35.44,Single
1730,3,male,57.0,3,1,58.76,S,5,0,0,Adult,Medium,Lower,0,11.751999999999999,Large Family
1731,2,male,56.0,0,0,65.45,C,1,1,0,Adult,Medium,Middle,0,65.45,Single
1732,3,female,29.0,0,0,46.11,Q,1,1,0,Young Adult,Medium,Lower,0,46.11,Single
1733,3,male,26.0,0,0,40.38,S,1,1,0,Young Adult,Medium,Lower,0,40.38,Single
1734,2,female,21.0,0,0,65.63,S,1,1,1,Young Adult,Medium,Middle,0,65.63,Single
1735,1,female,29.0,0,1,196.75,S,2,0,1,Young Adult,Very High,Upper,0,98.375,Small Family
1736,3,male,12.0,0,0,17.35,Q,1,1,0,Child,Low,Lower,1,17.35,Single
1737,2,male,29.0,0,0,84.65,S,1,1,0,Young Adult,High,Middle,0,84.65,Single
1738,1,female,49.0,1,0,243.31125,C,2,0,1,Adult,Very High,Upper,0,121.655625,Small Family
1739,2,female,22.0,0,1,42.82,S,2,0,1,Young Adult,Medium,Middle,0,21.41,Small Family
1740,2,male,27.0,0,1,107.21,S,2,0,0,Young Adult,High,Middle,0,53.605,Small Family
1741,3,female,8.0,0,1,10.05,S,2,0,1,Child,Low,Lower,1,5.025,Small Family
1742,3,female,35.0,0,0,23.46,C,1,1,1,Young Adult,Low,Lower,0,23.46,Single
1743,3,male,33.0,0,0,21.06,Q,1,1,0,Young Adult,Low,Lower,0,21.06,Single
1744,1,male,31.0,0,0,181.6,C,1,1,1,Young Adult,Very High,Upper,0,181.6,Single
1745,2,male,27.0,0,1,76.14,S,2,0,0,Young Adult,Medium,Middle,0,38.07,Small Family
1746,2,male,26.0,0,1,119.6,S,2,0,0,Young Adult,High,Middle,0,59.8,Small Family
1747,1,male,37.0,0,2,241.25,C,3,0,1,Adult,Very High,Upper,0,80.41666666666667,Small Family
1748,2,female,30.0,0,0,61.56,S,1,1,1,Young Adult,Medium,Middle,0,61.56,Single
1749,3,male,34.0,0,0,48.2,Q,1,1,0,Young Adult,Medium,Lower,0,48.2,Single
1750,1,male,33.0,2,0,243.31125,S,3,0,1,Young Adult,Very High,Upper,0,81.10375,Small Family
1751,3,female,45.0,1,1,23.56,Q,3,0,1,Adult,Low,Lower,0,7.853333333333333,Small Family
1752,1,male,39.0,1,0,243.31125,C,2,0,1,Adult,Very High,Upper,0,121.655625,Small Family
1753,1,female,33.0,2,1,206.54,S,4,0,1,Young Adult,Very High,Upper,0,51.635,Small Family
1754,1,female,50.0,4,0,243.31125,S,5,0,1,Adult,Very High,Upper,0,48.66225,Large Family
1755,3,female,35.0,1,0,8.78,S,2,0,1,Young Adult,Low,Lower,0,4.39,Small Family
1756,3,male,47.0,1,0,46.4,S,2,0,0,Adult,Medium,Lower,0,23.2,Small Family
1757,3,male,38.0,0,0,29.56,S,1,1,0,Adult,Medium,Lower,0,29.56,Single
1758,2,male,6.0,0,0,85.76,S,1,1,1,Child,High,Middle,1,85.76,Single
1759,1,male,47.0,1,0,101.65,S,2,0,1,Adult,High,Upper,0,50.825,Small Family
1760,3,female,32.0,4,0,13.65,S,5,0,1,Young Adult,Low,Lower,0,2.73,Large Family
1761,2,female,29.0,0,0,109.76,Q,1,1,1,Young Adult,High,Middle,0,109.76,Single
1762,3,female,34.0,1,2,50.6,S,4,0,1,Young Adult,Medium,Lower,0,12.65,Small Family
1763,1,female,26.0,0,1,184.06,C,2,0,1,Young Adult,Very High,Upper,0,92.03,Small Family
1764,2,female,33.0,0,0,90.41,S,1,1,1,Young Adult,High,Middle,0,90.41,Single
1765,1,male,22.0,0,0,219.34,C,1,1,0,Young Adult,Very High,Upper,0,219.34,Single
1766,2,male,47.0,0,0,71.68,S,1,1,1,Adult,Medium,Middle,0,71.68,Single
1767,3,male,29.0,0,2,48.82,S,3,0,0,Young Adult,Medium,Lower,0,16.273333333333333,Small Family
1768,2,female,25.0,1,0,114.97,S,2,0,1,Young Adult,High,Middle,0,57.485,Small Family
1769,2,male,18.0,2,0,72.43,Q,3,0,1,Teen,Medium,Middle,0,24.143333333333334,Small Family
1770,2,female,33.0,2,1,92.33,S,4,0,1,Young Adult,High,Middle,0,23.0825,Small Family
1771,2,female,32.0,0,0,98.56,S,1,1,1,Young Adult,High,Middle,0,98.56,Single
1772,3,male,35.0,2,2,44.96,C,5,0,0,Young Adult,Medium,Lower,0,8.992,Large Family
1773,3,male,17.0,0,0,41.17,S,1,1,0,Teen,Medium,Lower,0,41.17,Single
1774,3,female,9.0,0,0,13.37,S,1,1,1,Child,Low,Lower,1,13.37,Single
1775,3,male,38.0,1,0,47.62,S,2,0,0,Adult,Medium,Lower,0,23.81,Small Family
1776,2,female,49.0,0,2,83.92,S,3,0,1,Adult,High,Middle,0,27.973333333333333,Small Family
1777,3,male,17.0,0,1,45.04,S,2,0,0,Teen,Medium,Lower,0,22.52,Small Family
1778,2,male,51.0,0,0,40.07,S,1,1,0,Adult,Medium,Middle,0,40.07,Single
1779,2,male,34.0,1,0,60.66,S,2,0,1,Young Adult,Medium,Middle,0,30.33,Small Family
1780,3,female,30.0,0,0,49.01,S,1,1,0,Young Adult,Medium,Lower,0,49.01,Single
1781,1,female,25.0,1,2,106.9,S,4,0,1,Young Adult,High,Upper,0,26.725,Small Family
1782,3,male,12.0,1,0,42.12,C,2,0,0,Child,Medium,Lower,1,21.06,Small Family
1783,2,male,43.0,1,1,54.93,Q,3,0,0,Adult,Medium,Middle,0,18.31,Small Family
1784,3,female,20.0,2,0,5.46,S,3,0,1,Young Adult,Low,Lower,0,1.82,Small Family
1785,3,male,20.0,0,0,10.63,C,1,1,0,Young Adult,Low,Lower,0,10.63,Single
1786,3,male,43.0,0,0,37.84,Q,1,1,0,Adult,Medium,Lower,0,37.84,Single
1787,3,male,6.0,0,1,5.36,S,2,0,1,Child,Low,Lower,1,2.68,Small Family
1788,3,male,10.0,0,1,54.99,Q,2,0,0,Child,Medium,Lower,1,27.495,Small Family
1789,1,male,30.0,1,0,126.05,S,2,0,1,Young Adult,High,Upper,0,63.025,Small Family
1790,3,male,34.0,0,0,19.18,C,1,1,0,Young Adult,Low,Lower,0,19.18,Single
1791,1,male,36.0,0,0,159.27,S,1,1,1,Adult,Very High,Upper,0,159.27,Single
1792,3,female,26.0,1,0,51.79,S,2,0,1,Young Adult,Medium,Lower,0,25.895,Small Family
1793,3,male,62.375,1,2,56.0,C,4,0,0,Senior,Medium,Lower,0,14.0,Small Family
1794,3,female,27.0,1,0,11.39,S,2,0,1,Young Adult,Low,Lower,0,5.695,Small Family
1795,1,male,27.0,1,1,169.7,S,3,0,1,Young Adult,Very High,Upper,0,56.56666666666666,Small Family
1796,1,female,20.0,1,1,169.11,S,3,0,1,Young Adult,Very High,Upper,0,56.370000000000005,Small Family
1797,3,male,32.0,1,1,37.2,C,3,0,1,Young Adult,Medium,Lower,0,12.4,Small Family
1798,1,female,38.0,0,2,136.96,C,3,0,1,Adult,High,Upper,0,45.653333333333336,Small Family
1799,1,female,46.0,4,0,243.31125,S,5,0,1,Adult,Very High,Upper,0,48.66225,Large Family
1800,1,male,11.0,0,2,243.31125,S,3,0,1,Child,Very High,Upper,1,81.10375,Small Family
1801,3,female,27.0,0,0,22.56,S,1,1,1,Young Adult,Low,Lower,0,22.56,Single
1802,3,female,36.0,0,0,10.2,S,1,1,1,Adult,Low,Lower,0,10.2,Single
1803,2,female,38.0,1,1,105.72,C,3,0,1,Adult,High,Middle,0,35.24,Small Family
1804,2,male,30.0,3,0,87.25,C,4,0,1,Young Adult,High,Middle,0,21.8125,Small Family
1805,2,male,37.0,0,1,81.51,S,2,0,1,Adult,High,Middle,0,40.755,Small Family
1806,3,male,19.0,0,1,10.82,Q,2,0,1,Teen,Low,Lower,0,5.41,Small Family
1807,3,male,50.0,2,1,36.36,C,4,0,0,Adult,Medium,Lower,0,9.09,Small Family
1808,1,male,43.0,2,0,243.31125,S,3,0,1,Adult,Very High,Upper,0,81.10375,Small Family
1809,1,female,13.0,0,1,243.31125,S,2,0,1,Teen,Very High,Upper,1,121.655625,Small Family
1810,1,female,16.0,0,0,158.42,S,1,1,1,Teen,Very High,Upper,0,158.42,Single
1811,3,male,16.0,1,1,59.21,S,3,0,0,Teen,Medium,Lower,0,19.736666666666668,Small Family
1812,3,female,39.0,0,0,6.7,C,1,1,1,Adult,Low,Lower,0,6.7,Single
1813,2,female,13.0,2,0,58.87,S,3,0,1,Teen,Medium,Middle,1,19.62333333333333,Small Family
1814,1,male,26.0,0,0,243.31125,C,1,1,1,Young Adult,Very High,Upper,0,243.31125,Single
1815,1,male,36.0,0,0,243.31125,S,1,1,0,Adult,Very High,Upper,0,243.31125,Single
1816,3,female,29.0,0,0,26.22,C,1,1,1,Young Adult,Medium,Lower,0,26.22,Single
1817,2,female,33.0,0,0,62.7,S,1,1,1,Young Adult,Medium,Middle,0,62.7,Single
1818,3,male,16.0,0,0,22.02,S,1,1,0,Teen,Low,Lower,0,22.02,Single
1819,3,male,38.0,0,1,13.75,S,2,0,0,Adult,Low,Lower,0,6.875,Small Family
1820,2,male,22.0,1,0,85.32,C,2,0,1,Young Adult,High,Middle,0,42.66,Small Family
1821,1,male,26.0,0,0,228.46,C,1,1,1,Young Adult,Very High,Upper,0,228.46,Single
1822,1,male,33.0,2,0,243.31125,S,3,0,1,Young Adult,Very High,Upper,0,81.10375,Small Family
1823,3,male,31.0,0,1,55.64,S,2,0,0,Young Adult,Medium,Lower,0,27.82,Small Family
1824,3,male,30.0,1,0,12.71,S,2,0,0,Young Adult,Low,Lower,0,6.355,Small Family
1825,3,female,20.0,0,0,45.46,C,1,1,0,Young Adult,Medium,Lower,0,45.46,Single
1826,3,male,26.0,0,0,57.77,S,1,1,0,Young Adult,Medium,Lower,0,57.77,Single
1827,1,female,30.0,0,0,229.81,S,1,1,1,Young Adult,Very High,Upper,0,229.81,Single
1828,3,female,12.0,0,0,28.93,S,1,1,1,Child,Medium,Lower,1,28.93,Single
1829,3,male,24.0,1,0,23.56,S,2,0,0,Young Adult,Low,Lower,0,11.78,Small Family
1830,2,male,35.0,1,1,40.12,S,3,0,0,Young Adult,Medium,Middle,0,13.373333333333333,Small Family
1831,3,male,13.0,1,0,46.42,Q,2,0,0,Teen,Medium,Lower,1,23.21,Small Family
1832,3,female,45.0,0,0,41.37,C,1,1,1,Adult,Medium,Lower,0,41.37,Single
1833,3,male,47.0,2,0,58.28,C,3,0,0,Adult,Medium,Lower,0,19.426666666666666,Small Family
1834,3,male,14.0,1,0,15.2,S,2,0,1,Teen,Low,Lower,1,7.6,Small Family
1835,3,male,48.0,4,2,34.88,S,7,0,0,Adult,Medium,Lower,0,4.982857142857143,Large Family
1836,3,female,28.0,1,0,29.7,Q,2,0,1,Young Adult,Medium,Lower,0,14.85,Small Family
1837,1,female,35.0,0,1,164.87,S,2,0,1,Young Adult,Very High,Upper,0,82.435,Small Family
1838,2,male,24.0,0,1,53.35,S,2,0,0,Young Adult,Medium,Middle,0,26.675,Small Family
1839,3,female,42.0,0,0,59.4,S,1,1,0,Adult,Medium,Lower,0,59.4,Single
1840,1,male,35.0,1,2,102.7,S,4,0,1,Young Adult,High,Upper,0,25.675,Small Family
1841,2,male,19.0,0,0,96.57,S,1,1,0,Teen,High,Middle,0,96.57,Single
1842,2,female,15.0,1,0,119.32,C,2,0,1,Teen,High,Middle,1,59.66,Small Family
1843,2,female,11.0,0,0,47.22,Q,1,1,1,Child,Medium,Middle,1,47.22,Single
1844,3,female,32.0,0,0,35.91,S,1,1,1,Young Adult,Medium,Lower,0,35.91,Single
1845,3,male,37.0,0,0,41.45,S,1,1,0,Adult,Medium,Lower,0,41.45,Single
1846,1,female,38.0,0,0,177.59,S,1,1,1,Adult,Very High,Upper,0,177.59,Single
1847,1,male,28.0,1,0,109.41,S,2,0,1,Young Adult,High,Upper,0,54.705,Small Family
1848,1,male,15.0,0,0,227.87,Q,1,1,1,Teen,Very High,Upper,1,227.87,Single
1849,3,male,21.0,1,0,49.42,S,2,0,0,Young Adult,Medium,Lower,0,24.71,Small Family
1850,3,female,45.0,0,0,20.93,S,1,1,0,Adult,Low,Lower,0,20.93,Single
1851,2,female,24.0,0,0,69.0,S,1,1,1,Young Adult,Medium,Middle,0,69.0,Single
1852,3,male,32.0,1,0,38.48,C,2,0,0,Young Adult,Medium,Lower,0,19.24,Small Family
1853,3,male,16.0,0,0,24.45,S,1,1,0,Teen,Low,Lower,0,24.45,Single
1854,3,male,34.0,1,0,37.68,S,2,0,0,Young Adult,Medium,Lower,0,18.84,Small Family
1855,3,female,24.0,2,0,40.5,S,3,0,1,Young Adult,Medium,Lower,0,13.5,Small Family
1856,2,female,44.0,2,0,40.81,S,3,0,1,Adult,Medium,Middle,0,13.603333333333333,Small Family
1857,3,male,40.0,0,0,50.23,S,1,1,0,Adult,Medium,Lower,0,50.23,Single
1858,2,female,24.0,0,2,98.12,C,3,0,1,Young Adult,High,Middle,0,32.70666666666667,Small Family
1859,3,male,28.0,1,0,56.93,S,2,0,0,Young Adult,Medium,Lower,0,28.465,Small Family
1860,3,male,23.0,1,0,27.6,S,2,0,0,Young Adult,Medium,Lower,0,13.8,Small Family
1861,3,female,12.0,1,0,52.32,C,2,0,1,Child,Medium,Lower,1,26.16,Small Family
1862,3,male,19.0,0,0,17.13,S,1,1,0,Teen,Low,Lower,0,17.13,Single
1863,1,male,33.0,0,0,152.42,C,1,1,1,Young Adult,Very High,Upper,0,152.42,Single
1864,3,female,34.0,0,0,36.53,C,1,1,1,Young Adult,Medium,Lower,0,36.53,Single
1865,3,male,32.0,1,0,22.86,S,2,0,0,Young Adult,Low,Lower,0,11.43,Small Family
1866,3,female,26.0,0,0,59.15,C,1,1,0,Young Adult,Medium,Lower,0,59.15,Single
1867,1,male,42.0,0,1,243.31125,S,2,0,1,Adult,Very High,Upper,0,121.655625,Small Family
1868,1,female,31.0,1,0,123.49,S,2,0,1,Young Adult,High,Upper,0,61.745,Small Family
1869,1,male,39.0,0,0,243.31125,C,1,1,1,Adult,Very High,Upper,0,243.31125,Single
1870,3,male,7.0,0,1,16.93,C,2,0,0,Child,Low,Lower,1,8.465,Small Family
1871,3,male,1.0,0,0,36.86,S,1,1,0,Child,Medium,Lower,1,36.86,Single
1872,1,female,34.0,0,1,192.06,S,2,0,1,Young Adult,Very High,Upper,0,96.03,Small Family
1873,3,male,11.0,0,0,24.25,S,1,1,0,Child,Low,Lower,1,24.25,Single
1874,3,female,27.0,0,0,9.88,C,1,1,1,Young Adult,Low,Lower,0,9.88,Single
1875,3,male,26.0,0,0,17.86,Q,1,1,0,Young Adult,Low,Lower,0,17.86,Single
1876,3,male,51.0,0,2,15.13,S,3,0,0,Adult,Low,Lower,0,5.043333333333334,Small Family
1877,3,female,35.0,0,0,46.01,S,1,1,1,Young Adult,Medium,Lower,0,46.01,Single
1878,3,female,32.0,1,2,47.9,C,4,0,1,Young Adult,Medium,Lower,0,11.975,Small Family
1879,2,male,41.0,0,0,117.12,S,1,1,1,Adult,High,Middle,0,117.12,Single
1880,3,female,35.0,0,0,58.3,S,1,1,1,Young Adult,Medium,Lower,0,58.3,Single
1881,3,male,24.0,0,2,53.63,S,3,0,0,Young Adult,Medium,Lower,0,17.87666666666667,Small Family
1882,3,female,44.0,0,0,32.38,S,1,1,1,Adult,Medium,Lower,0,32.38,Single
1883,3,female,16.0,0,2,27.82,Q,3,0,1,Teen,Medium,Lower,0,9.273333333333333,Small Family
1884,3,male,34.0,0,0,55.37,Q,1,1,0,Young Adult,Medium,Lower,0,55.37,Single
1885,1,male,10.0,1,2,213.18,S,4,0,1,Child,Very High,Upper,1,53.295,Small Family
1886,2,male,33.0,0,0,86.65,Q,1,1,1,Young Adult,High,Middle,0,86.65,Single
1887,1,female,33.0,2,0,153.7,S,3,0,1,Young Adult,Very High,Upper,0,51.23333333333333,Small Family
1888,1,female,52.0,0,1,167.09,C,2,0,1,Adult,Very High,Upper,0,83.545,Small Family
1889,3,female,10.0,0,0,51.72,S,1,1,1,Child,Medium,Lower,1,51.72,Single
1890,3,male,22.0,0,0,20.47,C,1,1,0,Young Adult,Low,Lower,0,20.47,Single
1891,1,male,41.0,1,0,213.75,S,2,0,1,Adult,Very High,Upper,0,106.875,Small Family
1892,2,male,34.0,0,0,92.6,S,1,1,0,Young Adult,High,Middle,0,92.6,Single
1893,3,male,32.0,0,2,17.71,Q,3,0,1,Young Adult,Low,Lower,0,5.903333333333333,Small Family
1894,1,male,18.0,0,0,117.58,S,1,1,1,Teen,High,Upper,0,117.58,Single
1895,3,male,22.0,0,0,53.58,Q,1,1,0,Young Adult,Medium,Lower,0,53.58,Single
1896,3,male,46.0,3,0,7.19,S,4,0,0,Adult,Low,Lower,0,1.7975,Small Family
1897,3,male,29.0,0,1,41.83,S,2,0,0,Young Adult,Medium,Lower,0,20.915,Small Family
1898,1,female,35.0,1,0,187.39,C,2,0,1,Young Adult,Very High,Upper,0,93.695,Small Family
1899,2,female,29.0,1,0,76.44,S,2,0,1,Young Adult,Medium,Middle,0,38.22,Small Family
1900,3,male,15.0,0,0,55.25,S,1,1,0,Teen,Medium,Lower,1,55.25,Single
1901,3,female,42.0,0,0,32.43,S,1,1,1,Adult,Medium,Lower,0,32.43,Single
1902,1,female,37.0,1,1,243.31125,S,3,0,1,Adult,Very High,Upper,0,81.10375,Small Family
1903,3,female,60.0,0,0,55.68,S,1,1,1,Adult,Medium,Lower,0,55.68,Single
1904,1,male,17.0,0,0,160.55,S,1,1,1,Teen,Very High,Upper,0,160.55,Single
1905,3,female,41.0,1,0,8.42,S,2,0,1,Adult,Low,Lower,0,4.21,Small Family
1906,1,female,13.0,1,1,148.79,S,3,0,1,Teen,High,Upper,1,49.596666666666664,Small Family
1907,3,female,32.0,1,0,9.55,Q,2,0,1,Young Adult,Low,Lower,0,4.775,Small Family
1908,2,male,43.0,1,0,99.51,S,2,0,0,Adult,High,Middle,0,49.755,Small Family
1909,2,male,3.0,0,0,113.31,S,1,1,1,Child,High,Middle,1,113.31,Single
1910,1,male,27.0,0,1,228.35,S,2,0,1,Young Adult,Very High,Upper,0,114.175,Small Family
1911,2,male,23.0,0,0,114.89,S,1,1,0,Young Adult,High,Middle,0,114.89,Single
1912,3,male,21.0,1,0,7.15,S,2,0,0,Young Adult,Low,Lower,0,3.575,Small Family
1913,3,female,35.0,3,0,12.31,S,4,0,1,Young Adult,Low,Lower,0,3.0775,Small Family
1914,2,female,45.0,0,0,119.51,C,1,1,1,Adult,High,Middle,0,119.51,Single
1915,2,female,28.0,0,2,94.53,C,3,0,1,Young Adult,High,Middle,0,31.51,Small Family
1916,3,female,33.0,0,0,9.32,S,1,1,0,Young Adult,Low,Lower,0,9.32,Single
1917,3,female,31.0,2,2,50.96,S,5,0,1,Young Adult,Medium,Lower,0,10.192,Large Family
1918,3,male,30.0,0,0,40.27,S,1,1,0,Young Adult,Medium,Lower,0,40.27,Single
1919,2,male,16.0,0,0,95.82,S,1,1,1,Teen,High,Middle,0,95.82,Single
1920,2,male,44.0,4,0,53.66,C,5,0,0,Adult,Medium,Middle,0,10.732,Large Family
1921,3,male,34.0,2,2,53.63,C,5,0,0,Young Adult,Medium,Lower,0,10.726,Large Family
1922,1,female,35.0,0,0,180.64,S,1,1,1,Young Adult,Very High,Upper,0,180.64,Single
1923,3,female,20.0,3,1,7.75,C,5,0,1,Young Adult,Low,Lower,0,1.55,Large Family
1924,2,male,24.0,0,0,93.45,C,1,1,0,Young Adult,High,Middle,0,93.45,Single
1925,3,male,28.0,0,0,19.37,S,1,1,0,Young Adult,Low,Lower,0,19.37,Single
1926,1,female,10.0,0,1,243.31125,S,2,0,1,Child,Very High,Upper,1,121.655625,Small Family
1927,3,male,8.0,2,2,24.03,C,5,0,1,Child,Low,Lower,1,4.806,Large Family
1928,2,male,22.0,1,0,77.04,S,2,0,0,Young Adult,Medium,Middle,0,38.52,Small Family
1929,3,male,37.0,0,0,34.67,C,1,1,0,Adult,Medium,Lower,0,34.67,Single
1930,1,male,22.0,3,0,195.72,S,4,0,1,Young Adult,Very High,Upper,0,48.93,Small Family
1931,3,female,17.0,0,0,52.19,S,1,1,1,Teen,Medium,Lower,0,52.19,Single
1932,3,female,19.0,1,0,30.87,S,2,0,1,Teen,Medium,Lower,0,15.435,Small Family
1933,3,male,24.0,1,0,51.51,S,2,0,0,Young Adult,Medium,Lower,0,25.755,Small Family
1934,3,female,25.0,0,0,24.99,S,1,1,1,Young Adult,Low,Lower,0,24.99,Single
1935,3,male,58.0,0,0,14.61,C,1,1,0,Adult,Low,Lower,0,14.61,Single
1936,3,male,44.0,2,2,30.05,C,5,0,0,Adult,Medium,Lower,0,6.01,Large Family
1937,2,female,43.0,0,0,82.72,Q,1,1,1,Adult,High,Middle,0,82.72,Single
1938,3,male,45.0,1,0,31.31,S,2,0,0,Adult,Medium,Lower,0,15.655,Small Family
1939,2,male,17.0,0,3,113.79,S,4,0,1,Teen,High,Middle,0,28.4475,Small Family
1940,1,female,14.0,1,0,106.73,S,2,0,1,Teen,High,Upper,1,53.365,Small Family
1941,1,male,16.0,0,0,243.31125,S,1,1,1,Teen,Very High,Upper,0,243.31125,Single
1942,2,male,47.0,0,0,65.91,S,1,1,0,Adult,Medium,Middle,0,65.91,Single
1943,3,male,23.0,0,0,17.36,S,1,1,0,Young Adult,Low,Lower,0,17.36,Single
1944,3,female,14.0,2,1,12.12,S,4,0,1,Teen,Low,Lower,1,3.03,Small Family
1945,3,male,24.0,0,0,52.76,S,1,1,0,Young Adult,Medium,Lower,0,52.76,Single
1946,3,male,27.0,0,0,8.09,S,1,1,0,Young Adult,Low,Lower,0,8.09,Single
1947,2,female,33.0,3,0,55.33,S,4,0,1,Young Adult,Medium,Middle,0,13.8325,Small Family
1948,1,female,33.0,1,2,207.04,C,4,0,1,Young Adult,Very High,Upper,0,51.76,Small Family
1949,2,male,19.0,0,1,65.03,C,2,0,0,Teen,Medium,Middle,0,32.515,Small Family
1950,2,female,39.0,4,0,47.56,S,5,0,1,Adult,Medium,Middle,0,9.512,Large Family
1951,1,male,22.0,1,0,162.12,C,2,0,1,Young Adult,Very High,Upper,0,81.06,Small Family
1952,1,male,28.0,0,0,243.31125,S,1,1,0,Young Adult,Very High,Upper,0,243.31125,Single
1953,3,male,39.0,0,0,26.66,S,1,1,0,Adult,Medium,Lower,0,26.66,Single
1954,3,female,22.0,1,0,47.55,S,2,0,1,Young Adult,Medium,Lower,0,23.775,Small Family
1955,3,male,23.0,1,0,50.65,C,2,0,0,Young Adult,Medium,Lower,0,25.325,Small Family
1956,3,female,38.0,0,1,42.67,S,2,0,1,Adult,Medium,Lower,0,21.335,Small Family
1957,3,male,19.0,0,0,31.04,S,1,1,0,Teen,Medium,Lower,0,31.04,Single
1958,2,male,25.0,0,0,118.81,S,1,1,1,Young Adult,High,Middle,0,118.81,Single
1959,3,male,37.0,0,1,51.59,S,2,0,0,Adult,Medium,Lower,0,25.795,Small Family
1960,3,male,57.0,0,0,23.79,S,1,1,0,Adult,Low,Lower,0,23.79,Single
1961,1,male,38.0,0,0,185.51,C,1,1,1,Adult,Very High,Upper,0,185.51,Single
1962,2,male,36.0,1,0,84.22,C,2,0,0,Adult,High,Middle,0,42.11,Small Family
1963,3,male,37.0,1,0,58.66,Q,2,0,0,Adult,Medium,Lower,0,29.33,Small Family
1964,2,male,16.0,0,1,95.02,C,2,0,0,Teen,High,Middle,0,47.51,Small Family
1965,3,female,32.0,0,1,59.9,S,2,0,1,Young Adult,Medium,Lower,0,29.95,Small Family
1966,3,female,30.0,0,0,52.79,S,1,1,1,Young Adult,Medium,Lower,0,52.79,Single
1967,1,male,34.0,0,2,131.78,S,3,0,1,Young Adult,High,Upper,0,43.92666666666667,Small Family
1968,2,female,32.0,3,2,45.6,S,6,0,1,Young Adult,Medium,Middle,0,7.6000000000000005,Large Family
1969,2,male,35.0,1,0,78.09,S,2,0,1,Young Adult,Medium,Middle,0,39.045,Small Family
1970,1,male,26.0,0,1,243.31125,C,2,0,1,Young Adult,Very High,Upper,0,121.655625,Small Family
1971,1,female,31.0,0,0,176.3,S,1,1,1,Young Adult,Very High,Upper,0,176.3,Single
1972,3,male,14.0,0,0,31.9,C,1,1,0,Teen,Medium,Lower,1,31.9,Single
1973,2,female,26.0,1,0,58.34,S,2,0,1,Young Adult,Medium,Middle,0,29.17,Small Family
1974,3,male,48.0,0,0,57.43,S,1,1,0,Adult,Medium,Lower,0,57.43,Single
1975,2,male,34.0,1,2,47.03,S,4,0,0,Young Adult,Medium,Middle,0,11.7575,Small Family
1976,3,male,30.0,1,1,18.49,S,3,0,0,Young Adult,Low,Lower,0,6.163333333333333,Small Family
1977,2,male,55.0,0,1,66.33,S,2,0,0,Adult,Medium,Middle,0,33.165,Small Family
1978,2,male,12.0,2,0,105.22,S,3,0,1,Child,High,Middle,1,35.07333333333333,Small Family
1979,3,male,16.0,1,0,38.86,S,2,0,0,Teen,Medium,Lower,0,19.43,Small Family
1980,3,female,52.0,1,0,28.14,S,2,0,1,Adult,Medium,Lower,0,14.07,Small Family
1981,1,female,31.0,3,0,104.07,C,4,0,1,Young Adult,High,Upper,0,26.0175,Small Family
1982,3,male,27.0,0,0,10.42,S,1,1,0,Young Adult,Low,Lower,0,10.42,Single
1983,2,male,14.0,0,0,56.44,C,1,1,1,Teen,Medium,Middle,1,56.44,Single
1984,2,male,36.0,2,0,88.78,S,3,0,1,Adult,High,Middle,0,29.593333333333334,Small Family
1985,1,male,37.0,1,0,233.18,S,2,0,1,Adult,Very High,Upper,0,116.59,Small Family
1986,1,female,16.0,3,0,150.88,C,4,0,1,Teen,Very High,Upper,0,37.72,Small Family
1987,3,male,28.0,0,0,36.14,C,1,1,0,Young Adult,Medium,Lower,0,36.14,Single
1988,2,male,26.0,1,2,108.9,C,4,0,1,Young Adult,High,Middle,0,27.225,Small Family
1989,2,female,33.0,0,0,45.08,S,1,1,1,Young Adult,Medium,Middle,0,45.08,Single
1990,3,female,15.0,0,0,21.15,S,1,1,1,Teen,Low,Lower,1,21.15,Single
1991,3,male,46.0,0,1,8.95,S,2,0,0,Adult,Low,Lower,0,4.475,Small Family
1992,1,female,42.0,0,3,243.31125,S,4,0,1,Adult,Very High,Upper,0,60.8278125,Small Family
1993,3,female,25.0,0,1,10.25,Q,2,0,1,Young Adult,Low,Lower,0,5.125,Small Family
1994,1,female,27.0,1,0,243.31125,S,2,0,1,Young Adult,Very High,Upper,0,121.655625,Small Family
1995,3,male,28.0,0,0,27.92,S,1,1,0,Young Adult,Medium,Lower,0,27.92,Single
1996,3,male,20.0,0,2,45.59,S,3,0,0,Young Adult,Medium,Lower,0,15.196666666666667,Small Family
1997,3,male,24.0,0,1,19.98,C,2,0,0,Young Adult,Low,Lower,0,9.99,Small Family
1998,1,male,26.0,0,0,243.31125,S,1,1,1,Young Adult,Very High,Upper,0,243.31125,Single
1999,1,female,51.0,3,0,226.96,Q,4,0,1,Adult,Very High,Upper,0,56.74,Small Family
2000,2,male,42.0,0,0,97.77,S,1,1,1,Adult,High,Middle,0,97.77,Single
2001,2,female,42.0,0,0,84.37,C,1,1,1,Adult,High,Middle,0,84.37,Single
2002,1,female,35.0,2,0,213.61,S,3,0,1,Young Adult,Very High,Upper,0,71.20333333333333,Small Family
2003,3,male,15.0,1,0,14.81,C,2,0,1,Teen,Low,Lower,1,7.405,Small Family
2004,1,male,29.0,1,3,168.64,S,5,0,1,Young Adult,Very High,Upper,0,33.727999999999994,Large Family
2005,2,female,43.0,1,0,100.24,C,2,0,1,Adult,High,Middle,0,50.12,Small Family
2006,3,female,14.0,3,1,54.67,S,5,0,1,Teen,Medium,Lower,1,10.934000000000001,Large Family
2007,2,male,38.0,0,0,60.66,S,1,1,0,Adult,Medium,Middle,0,60.66,Single
2008,3,female,60.0,4,0,37.85,S,5,0,1,Adult,Medium,Lower,0,7.57,Large Family
2009,1,female,44.0,2,0,243.31125,C,3,0,1,Adult,Very High,Upper,0,81.10375,Small Family
2010,2,female,48.0,0,1,65.47,S,2,0,1,Adult,Medium,Middle,0,32.735,Small Family
2011,1,female,33.0,1,0,243.31125,S,2,0,1,Young Adult,Very High,Upper,0,121.655625,Small Family
2012,1,male,43.0,1,0,243.31125,S,2,0,1,Adult,Very High,Upper,0,121.655625,Small Family
2013,3,female,21.0,0,1,44.77,S,2,0,1,Young Adult,Medium,Lower,0,22.385,Small Family
2014,1,female,40.0,0,0,188.98,S,1,1,1,Adult,Very High,Upper,0,188.98,Single
2015,3,male,39.0,3,2,22.76,S,6,0,0,Adult,Low,Lower,0,3.7933333333333334,Large Family
2016,2,male,34.0,0,2,108.37,S,3,0,1,Young Adult,High,Middle,0,36.123333333333335,Small Family
2017,2,female,47.0,0,2,86.3,S,3,0,1,Adult,High,Middle,0,28.766666666666666,Small Family
2018,3,female,23.0,1,0,16.08,S,2,0,1,Young Adult,Low,Lower,0,8.04,Small Family
2019,1,female,28.0,0,0,243.31125,S,1,1,1,Young Adult,Very High,Upper,0,243.31125,Single
2020,3,male,31.0,0,3,58.0,S,4,0,0,Young Adult,Medium,Lower,0,14.5,Small Family
2021,3,male,17.0,1,0,29.25,S,2,0,0,Teen,Medium,Lower,0,14.625,Small Family
2022,3,male,33.0,1,0,5.72,S,2,0,0,Young Adult,Low,Lower,0,2.86,Small Family
2023,3,male,8.0,0,1,5.49,C,2,0,1,Child,Low,Lower,1,2.745,Small Family
2024,1,male,44.0,3,0,101.16,S,4,0,1,Adult,High,Upper,0,25.29,Small Family
2025,2,male,31.0,0,1,97.85,C,2,0,0,Young Adult,High,Middle,0,48.925,Small Family
2026,2,male,23.0,0,1,53.56,S,2,0,0,Young Adult,Medium,Middle,0,26.78,Small Family
2027,3,female,19.0,0,1,8.46,C,2,0,1,Teen,Low,Lower,0,4.23,Small Family
2028,3,male,27.0,1,0,7.16,S,2,0,0,Young Adult,Low,Lower,0,3.58,Small Family
2029,2,male,39.0,0,0,111.87,S,1,1,0,Adult,High,Middle,0,111.87,Single
2030,3,female,37.0,0,0,54.88,S,1,1,1,Adult,Medium,Lower,0,54.88,Single
2031,1,male,21.0,2,0,136.26,C,3,0,1,Young Adult,High,Upper,0,45.419999999999995,Small Family
2032,3,female,19.0,0,0,51.02,S,1,1,1,Teen,Medium,Lower,0,51.02,Single
2033,2,male,39.0,1,0,70.17,S,2,0,1,Adult,Medium,Middle,0,35.085,Small Family
2034,3,male,21.0,0,0,47.77,S,1,1,0,Young Adult,Medium,Lower,0,47.77,Single
2035,3,male,31.0,4,0,8.45,Q,5,0,0,Young Adult,Low,Lower,0,1.69,Large Family
2036,2,male,32.0,0,1,73.26,C,2,0,1,Young Adult,Medium,Middle,0,36.63,Small Family
2037,1,female,34.0,0,0,206.12,S,1,1,1,Young Adult,Very High,Upper,0,206.12,Single
2038,1,male,41.0,0,0,178.54,C,1,1,1,Adult,Very High,Upper,0,178.54,Single
2039,1,male,14.0,2,0,243.31125,S,3,0,1,Teen,Very High,Upper,1,81.10375,Small Family
2040,2,male,5.0,2,1,117.72,C,4,0,1,Child,High,Middle,1,29.43,Small Family
2041,3,male,23.0,0,0,19.57,S,1,1,0,Young Adult,Low,Lower,0,19.57,Single
2042,3,male,53.0,1,0,40.38,S,2,0,0,Adult,Medium,Lower,0,20.19,Small Family
2043,3,male,56.0,0,0,29.17,S,1,1,0,Adult,Medium,Lower,0,29.17,Single
2044,1,female,54.0,3,0,127.89,Q,4,0,1,Adult,High,Upper,0,31.9725,Small Family
2045,3,male,27.0,3,2,31.23,C,6,0,0,Young Adult,Medium,Lower,0,5.205,Large Family
2046,3,male,7.0,4,2,40.82,C,7,0,0,Child,Medium,Lower,1,5.831428571428572,Large Family
2047,1,male,1.0,2,0,168.15,S,3,0,1,Child,Very High,Upper,1,56.050000000000004,Small Family
2048,3,female,22.0,2,1,39.17,S,4,0,1,Young Adult,Medium,Lower,0,9.7925,Small Family
2049,3,female,27.0,0,1,40.89,S,2,0,1,Young Adult,Medium,Lower,0,20.445,Small Family
2050,1,male,47.0,2,2,137.51,C,5,0,1,Adult,High,Upper,0,27.502,Large Family
2051,2,male,41.0,1,0,74.84,Q,2,0,1,Adult,Medium,Middle,0,37.42,Small Family
2052,2,male,33.0,3,0,81.97,S,4,0,1,Young Adult,High,Middle,0,20.4925,Small Family
2053,1,male,18.0,0,0,243.31125,S,1,1,1,Teen,Very High,Upper,0,243.31125,Single
2054,3,male,18.0,0,0,27.6,C,1,1,0,Teen,Medium,Lower,0,27.6,Single
2055,3,male,33.0,0,0,24.24,S,1,1,0,Young Adult,Low,Lower,0,24.24,Single
2056,3,female,39.0,1,1,11.82,S,3,0,1,Adult,Low,Lower,0,3.94,Small Family
2057,2,male,35.0,0,1,62.1,S,2,0,1,Young Adult,Medium,Middle,0,31.05,Small Family
2058,2,female,17.0,0,2,114.81,S,3,0,1,Teen,High,Middle,0,38.27,Small Family
2059,3,male,38.0,0,0,56.72,C,1,1,0,Adult,Medium,Lower,0,56.72,Single
2060,3,male,36.0,0,0,57.72,C,1,1,0,Adult,Medium,Lower,0,57.72,Single
2061,1,male,16.0,0,0,197.34,S,1,1,0,Teen,Very High,Upper,0,197.34,Single
2062,3,male,20.0,0,0,24.3,S,1,1,0,Young Adult,Low,Lower,0,24.3,Single
2063,3,male,39.0,3,2,12.9,S,6,0,0,Adult,Low,Lower,0,2.15,Large Family
2064,2,male,27.0,1,0,109.19,C,2,0,1,Young Adult,High,Middle,0,54.595,Small Family
2065,1,female,51.0,0,1,206.52,S,2,0,1,Adult,Very High,Upper,0,103.26,Small Family
2066,3,male,37.0,1,0,28.35,S,2,0,0,Adult,Medium,Lower,0,14.175,Small Family
2067,1,female,24.0,1,0,243.31125,Q,2,0,1,Young Adult,Very High,Upper,0,121.655625,Small Family
2068,2,male,30.0,0,0,108.79,C,1,1,0,Young Adult,High,Middle,0,108.79,Single
2069,1,female,31.0,0,0,125.82,C,1,1,1,Young Adult,High,Upper,0,125.82,Single
2070,2,female,21.0,1,0,119.43,Q,2,0,1,Young Adult,High,Middle,0,59.715,Small Family
2071,3,female,18.0,0,0,48.54,S,1,1,0,Teen,Medium,Lower,0,48.54,Single
2072,3,male,39.0,1,0,6.4,C,2,0,0,Adult,Low,Lower,0,3.2,Small Family
2073,1,male,41.0,0,2,243.31125,S,3,0,1,Adult,Very High,Upper,0,81.10375,Small Family
2074,3,female,38.0,0,1,17.96,S,2,0,1,Adult,Low,Lower,0,8.98,Small Family
2075,3,male,50.0,4,2,19.88,S,7,0,0,Adult,Low,Lower,0,2.84,Large Family
2076,3,female,23.0,0,1,10.02,S,2,0,1,Young Adult,Low,Lower,0,5.01,Small Family
2077,1,male,52.0,1,1,243.31125,S,3,0,1,Adult,Very High,Upper,0,81.10375,Small Family
2078,2,male,18.0,0,0,103.67,Q,1,1,1,Teen,High,Middle,0,103.67,Single
2079,3,male,17.0,0,0,27.85,S,1,1,0,Teen,Medium,Lower,0,27.85,Single
2080,3,male,7.0,0,0,56.03,Q,1,1,0,Child,Medium,Lower,1,56.03,Single
2081,1,female,24.0,0,1,222.88,S,2,0,1,Young Adult,Very High,Upper,0,111.44,Small Family
2082,1,male,23.0,0,0,243.31125,S,1,1,1,Young Adult,Very High,Upper,0,243.31125,Single
2083,2,male,37.0,0,0,110.75,S,1,1,0,Adult,High,Middle,0,110.75,Single
2084,3,male,33.0,0,2,24.22,C,3,0,0,Young Adult,Low,Lower,0,8.073333333333332,Small Family
2085,3,male,14.0,1,0,40.42,S,2,0,1,Teen,Medium,Lower,1,20.21,Small Family
2086,2,female,25.0,0,2,107.04,Q,3,0,1,Young Adult,High,Middle,0,35.68,Small Family
2087,1,male,25.0,2,1,214.4,C,4,0,1,Young Adult,Very High,Upper,0,53.6,Small Family
2088,3,male,7.0,0,0,28.74,C,1,1,0,Child,Medium,Lower,1,28.74,Single
2089,3,female,17.0,0,1,36.48,S,2,0,1,Teen,Medium,Lower,0,18.24,Small Family
2090,2,female,20.0,1,1,108.61,S,3,0,1,Young Adult,High,Middle,0,36.20333333333333,Small Family
2091,3,female,49.0,0,0,43.72,Q,1,1,1,Adult,Medium,Lower,0,43.72,Single
2092,3,male,32.0,0,1,41.01,S,2,0,0,Young Adult,Medium,Lower,0,20.505,Small Family
2093,1,male,39.0,0,1,204.48,S,2,0,0,Adult,Very High,Upper,0,102.24,Small Family
2094,3,female,11.0,1,0,20.18,S,2,0,1,Child,Low,Lower,1,10.09,Small Family
2095,2,female,46.0,1,0,110.41,Q,2,0,1,Adult,High,Middle,0,55.205,Small Family
2096,3,male,47.0,0,0,56.87,S,1,1,0,Adult,Medium,Lower,0,56.87,Single
2097,3,male,4.0,0,0,12.3,S,1,1,1,Child,Low,Lower,1,12.3,Single
2098,3,female,21.0,1,0,48.95,S,2,0,1,Young Adult,Medium,Lower,0,24.475,Small Family
2099,3,female,36.0,0,1,34.86,Q,2,0,1,Adult,Medium,Lower,0,17.43,Small Family
2100,2,male,38.0,0,0,50.71,S,1,1,0,Adult,Medium,Middle,0,50.71,Single
2101,3,female,21.0,0,2,57.89,S,3,0,1,Young Adult,Medium,Lower,0,19.296666666666667,Small Family
2102,3,female,26.0,0,0,38.32,S,1,1,1,Young Adult,Medium,Lower,0,38.32,Single
2103,1,male,22.0,0,0,227.13,S,1,1,0,Young Adult,Very High,Upper,0,227.13,Single
2104,3,male,31.0,2,0,33.3,S,3,0,0,Young Adult,Medium,Lower,0,11.1,Small Family
2105,3,female,46.0,0,1,18.74,S,2,0,1,Adult,Low,Lower,0,9.37,Small Family
2106,2,female,20.0,0,0,49.61,S,1,1,1,Young Adult,Medium,Middle,0,49.61,Single
2107,3,female,43.0,2,0,55.77,S,3,0,1,Adult,Medium,Lower,0,18.59,Small Family
2108,3,female,20.0,0,1,51.27,S,2,0,1,Young Adult,Medium,Lower,0,25.635,Small Family
2109,2,male,19.0,0,0,55.25,Q,1,1,0,Teen,Medium,Middle,0,55.25,Single
2110,3,male,41.0,0,0,22.43,S,1,1,0,Adult,Low,Lower,0,22.43,Single
2111,1,male,42.0,1,0,243.31125,S,2,0,1,Adult,Very High,Upper,0,121.655625,Small Family
2112,1,male,41.0,0,1,117.63,S,2,0,1,Adult,High,Upper,0,58.815,Small Family
2113,1,male,13.0,0,0,116.24,S,1,1,1,Teen,High,Upper,1,116.24,Single
2114,3,female,24.0,4,0,17.65,C,5,0,1,Young Adult,Low,Lower,0,3.53,Large Family
2115,3,male,41.0,2,0,46.74,C,3,0,0,Adult,Medium,Lower,0,15.58,Small Family
2116,1,male,31.0,1,2,173.62,S,4,0,1,Young Adult,Very High,Upper,0,43.405,Small Family
2117,2,male,16.0,0,0,65.45,C,1,1,0,Teen,Medium,Middle,0,65.45,Single
2118,3,female,36.0,0,0,56.31,C,1,1,1,Adult,Medium,Lower,0,56.31,Single
2119,1,male,21.0,0,0,145.37,S,1,1,1,Young Adult,High,Upper,0,145.37,Single
2120,3,male,53.0,0,0,52.28,S,1,1,0,Adult,Medium,Lower,0,52.28,Single
2121,3,male,50.0,1,1,41.63,S,3,0,0,Adult,Medium,Lower,0,13.876666666666667,Small Family
2122,3,female,38.0,0,0,57.68,Q,1,1,1,Adult,Medium,Lower,0,57.68,Single
2123,3,male,48.0,2,1,19.96,S,4,0,0,Adult,Low,Lower,0,4.99,Small Family
2124,2,male,31.0,0,1,116.42,S,2,0,1,Young Adult,High,Middle,0,58.21,Small Family
2125,3,male,40.0,0,2,43.74,C,3,0,0,Adult,Medium,Lower,0,14.58,Small Family
2126,3,male,49.0,1,0,56.06,S,2,0,0,Adult,Medium,Lower,0,28.03,Small Family
2127,3,female,33.0,0,3,50.35,S,4,0,1,Young Adult,Medium,Lower,0,12.5875,Small Family
2128,1,female,27.0,2,0,243.31125,S,3,0,1,Young Adult,Very High,Upper,0,81.10375,Small Family
2129,3,female,8.0,4,1,26.3,S,6,0,1,Child,Medium,Lower,1,4.383333333333334,Large Family
2130,2,male,29.0,0,0,48.06,S,1,1,0,Young Adult,Medium,Middle,0,48.06,Single
2131,1,female,41.0,0,1,138.36,S,2,0,1,Adult,High,Upper,0,69.18,Small Family
2132,1,male,42.0,0,0,125.68,S,1,1,1,Adult,High,Upper,0,125.68,Single
2133,3,male,37.0,1,1,42.22,C,3,0,0,Adult,Medium,Lower,0,14.073333333333332,Small Family
2134,3,female,23.0,0,2,7.59,S,3,0,1,Young Adult,Low,Lower,0,2.53,Small Family
2135,3,male,4.0,1,1,41.28,S,3,0,0,Child,Medium,Lower,1,13.76,Small Family
2136,3,male,24.0,0,1,31.31,S,2,0,0,Young Adult,Medium,Lower,0,15.655,Small Family
2137,1,male,26.0,1,0,156.44,C,2,0,0,Young Adult,Very High,Upper,0,78.22,Small Family
2138,3,male,26.0,1,0,38.4,C,2,0,0,Young Adult,Medium,Lower,0,19.2,Small Family
2139,1,male,38.0,0,2,150.67,S,3,0,1,Adult,Very High,Upper,0,50.22333333333333,Small Family
2140,3,female,56.0,0,1,59.67,S,2,0,1,Adult,Medium,Lower,0,29.835,Small Family
2141,3,male,32.0,0,0,10.15,C,1,1,0,Young Adult,Low,Lower,0,10.15,Single
2142,3,female,27.0,0,0,20.2,S,1,1,0,Young Adult,Low,Lower,0,20.2,Single
2143,3,male,27.0,0,0,41.08,S,1,1,0,Young Adult,Medium,Lower,0,41.08,Single
2144,2,female,32.0,0,0,47.38,S,1,1,1,Young Adult,Medium,Middle,0,47.38,Single
2145,2,male,19.0,2,0,74.61,Q,3,0,1,Teen,Medium,Middle,0,24.87,Small Family
2146,3,male,32.0,2,0,54.1,Q,3,0,0,Young Adult,Medium,Lower,0,18.033333333333335,Small Family
2147,2,male,36.0,2,0,49.48,S,3,0,0,Adult,Medium,Middle,0,16.493333333333332,Small Family
2148,2,female,33.0,0,0,90.45,S,1,1,1,Young Adult,High,Middle,0,90.45,Single
2149,2,male,36.0,1,0,111.43,C,2,0,1,Adult,High,Middle,0,55.715,Small Family
2150,3,male,36.0,0,0,9.18,S,1,1,0,Adult,Low,Lower,0,9.18,Single
2151,2,male,7.0,0,0,57.76,S,1,1,1,Child,Medium,Middle,1,57.76,Single
2152,1,female,38.0,0,2,229.02,S,3,0,1,Adult,Very High,Upper,0,76.34,Small Family
2153,3,male,21.0,0,0,52.14,S,1,1,0,Young Adult,Medium,Lower,0,52.14,Single
2154,3,male,16.0,0,1,36.75,C,2,0,0,Teen,Medium,Lower,0,18.375,Small Family
2155,1,female,16.0,0,2,243.31125,S,3,0,1,Teen,Very High,Upper,0,81.10375,Small Family
2156,1,male,36.0,3,0,151.4,S,4,0,1,Adult,Very High,Upper,0,37.85,Small Family
2157,1,male,27.0,0,0,128.97,S,1,1,1,Young Adult,High,Upper,0,128.97,Single
2158,2,male,8.0,2,0,89.48,C,3,0,0,Child,High,Middle,1,29.826666666666668,Small Family
2159,2,female,36.0,0,0,85.37,C,1,1,1,Adult,High,Middle,0,85.37,Single
2160,3,male,11.0,0,0,55.01,S,1,1,0,Child,Medium,Lower,1,55.01,Single
2161,3,male,32.0,0,0,24.25,Q,1,1,0,Young Adult,Low,Lower,0,24.25,Single
2162,3,male,33.0,1,0,23.47,S,2,0,0,Young Adult,Low,Lower,0,11.735,Small Family
2163,2,male,42.0,0,0,119.29,C,1,1,1,Adult,High,Middle,0,119.29,Single
2164,3,male,53.0,0,2,22.53,S,3,0,0,Adult,Low,Lower,0,7.510000000000001,Small Family
2165,2,male,12.0,0,0,103.28,S,1,1,1,Child,High,Middle,1,103.28,Single
2166,3,female,29.0,0,2,14.95,S,3,0,1,Young Adult,Low,Lower,0,4.983333333333333,Small Family
2167,3,male,26.0,1,0,57.18,S,2,0,0,Young Adult,Medium,Lower,0,28.59,Small Family
2168,1,male,36.0,0,0,227.22,C,1,1,1,Adult,Very High,Upper,0,227.22,Single
2169,3,female,33.0,0,0,17.36,C,1,1,1,Young Adult,Low,Lower,0,17.36,Single
2170,2,female,25.0,2,3,57.39,S,6,0,1,Young Adult,Medium,Middle,0,9.565,Large Family
2171,3,male,24.0,0,0,12.56,S,1,1,0,Young Adult,Low,Lower,0,12.56,Single
2172,1,male,15.0,1,0,220.86,Q,2,0,1,Teen,Very High,Upper,1,110.43,Small Family
2173,1,female,43.0,1,1,191.98,S,3,0,1,Adult,Very High,Upper,0,63.99333333333333,Small Family
2174,3,male,36.0,3,0,7.74,S,4,0,0,Adult,Low,Lower,0,1.935,Small Family
2175,1,female,42.0,0,0,243.31125,C,1,1,1,Adult,Very High,Upper,0,243.31125,Single
2176,3,male,26.0,1,2,22.9,S,4,0,0,Young Adult,Low,Lower,0,5.725,Small Family
2177,2,male,21.0,0,2,81.95,S,3,0,0,Young Adult,High,Middle,0,27.316666666666666,Small Family
2178,3,male,16.0,1,0,50.86,S,2,0,0,Teen,Medium,Lower,0,25.43,Small Family
2179,3,female,35.0,0,0,46.93,S,1,1,0,Young Adult,Medium,Lower,0,46.93,Single
2180,3,male,16.0,0,2,42.61,C,3,0,0,Teen,Medium,Lower,0,14.203333333333333,Small Family
2181,2,female,54.0,2,3,59.66,S,6,0,1,Adult,Medium,Middle,0,9.943333333333333,Large Family
2182,1,male,13.0,0,0,243.31125,S,1,1,1,Teen,Very High,Upper,1,243.31125,Single
2183,1,male,34.0,2,1,243.31125,S,4,0,1,Young Adult,Very High,Upper,0,60.8278125,Small Family
2184,2,male,50.0,2,0,55.87,S,3,0,0,Adult,Medium,Middle,0,18.62333333333333,Small Family
2185,3,female,38.0,0,0,22.51,S,1,1,1,Adult,Low,Lower,0,22.51,Single
2186,3,male,32.0,0,0,9.78,C,1,1,0,Young Adult,Low,Lower,0,9.78,Single
2187,3,male,17.0,0,0,34.45,S,1,1,0,Teen,Medium,Lower,0,34.45,Single
2188,3,female,12.0,4,0,5.8,C,5,0,1,Child,Low,Lower,1,1.16,Large Family
2189,3,male,40.0,0,0,29.41,S,1,1,0,Adult,Medium,Lower,0,29.41,Single
2190,3,male,50.0,0,0,14.82,S,1,1,0,Adult,Low,Lower,0,14.82,Single
2191,2,male,24.0,1,0,119.54,C,2,0,0,Young Adult,High,Middle,0,59.77,Small Family
2192,3,male,15.0,3,0,42.13,S,4,0,0,Teen,Medium,Lower,1,10.5325,Small Family
2193,3,male,1.0,1,3,24.3,S,5,0,0,Child,Low,Lower,1,4.86,Large Family
2194,3,female,17.0,1,1,23.77,S,3,0,1,Teen,Low,Lower,0,7.923333333333333,Small Family
2195,1,male,29.0,0,0,148.28,S,1,1,1,Young Adult,High,Upper,0,148.28,Single
2196,2,male,51.0,0,2,85.27,Q,3,0,1,Adult,High,Middle,0,28.423333333333332,Small Family
2197,2,female,39.0,0,0,85.54,S,1,1,1,Adult,High,Middle,0,85.54,Single
2198,3,male,34.0,2,0,36.87,C,3,0,0,Young Adult,Medium,Lower,0,12.29,Small Family
2199,3,male,25.0,1,2,39.11,S,4,0,0,Young Adult,Medium,Lower,0,9.7775,Small Family
2200,2,male,22.0,1,0,44.03,S,2,0,0,Young Adult,Medium,Middle,0,22.015,Small Family
2201,3,female,48.0,1,0,9.41,Q,2,0,1,Adult,Low,Lower,0,4.705,Small Family
2202,1,female,33.0,0,0,129.32,Q,1,1,1,Young Adult,High,Upper,0,129.32,Single
2203,2,male,3.0,0,0,107.91,Q,1,1,1,Child,High,Middle,1,107.91,Single
2204,1,female,21.0,0,0,243.31125,S,1,1,1,Young Adult,Very High,Upper,0,243.31125,Single
2205,3,male,19.0,0,2,21.36,S,3,0,0,Teen,Low,Lower,0,7.12,Small Family
2206,3,female,23.0,1,0,12.17,S,2,0,1,Young Adult,Low,Lower,0,6.085,Small Family
2207,2,female,37.0,0,2,97.7,S,3,0,1,Adult,High,Middle,0,32.56666666666667,Small Family
2208,3,male,29.0,1,2,16.16,S,4,0,0,Young Adult,Low,Lower,0,4.04,Small Family
2209,2,male,29.0,1,0,94.49,C,2,0,1,Young Adult,High,Middle,0,47.245,Small Family
2210,3,male,47.0,0,0,39.44,C,1,1,0,Adult,Medium,Lower,0,39.44,Single
2211,3,male,21.0,0,0,33.71,S,1,1,0,Young Adult,Medium,Lower,0,33.71,Single
2212,3,female,54.0,0,0,36.68,S,1,1,1,Adult,Medium,Lower,0,36.68,Single
2213,1,female,21.0,0,0,110.15,Q,1,1,1,Young Adult,High,Upper,0,110.15,Single
2214,3,male,31.0,1,3,30.69,S,5,0,0,Young Adult,Medium,Lower,0,6.138,Large Family
2215,3,female,26.0,0,1,47.83,S,2,0,1,Young Adult,Medium,Lower,0,23.915,Small Family
2216,2,male,32.0,2,0,46.5,S,3,0,0,Young Adult,Medium,Middle,0,15.5,Small Family
2217,3,male,36.0,1,0,26.81,S,2,0,0,Adult,Medium,Lower,0,13.405,Small Family
2218,2,male,36.0,0,0,89.41,S,1,1,0,Adult,High,Middle,0,89.41,Single
2219,3,male,20.0,1,0,15.45,S,2,0,0,Young Adult,Low,Lower,0,7.725,Small Family
2220,1,male,15.0,1,2,216.56,S,4,0,1,Teen,Very High,Upper,1,54.14,Small Family
2221,3,male,62.375,1,2,15.54,S,4,0,0,Senior,Low,Lower,0,3.885,Small Family
2222,3,female,24.0,0,0,6.13,S,1,1,1,Young Adult,Low,Lower,0,6.13,Single
2223,1,female,39.0,0,0,243.31125,S,1,1,1,Adult,Very High,Upper,0,243.31125,Single
2224,1,female,9.0,0,1,243.31125,C,2,0,1,Child,Very High,Upper,1,121.655625,Small Family
2225,1,male,26.0,0,0,182.49,S,1,1,1,Young Adult,Very High,Upper,0,182.49,Single
2226,2,male,28.0,1,0,55.4,S,2,0,1,Young Adult,Medium,Middle,0,27.7,Small Family
2227,2,male,36.0,1,0,42.46,C,2,0,1,Adult,Medium,Middle,0,21.23,Small Family
2228,3,female,1.0,3,0,46.41,S,4,0,1,Child,Medium,Lower,1,11.6025,Small Family
2229,2,male,32.0,0,0,87.89,S,1,1,1,Young Adult,High,Middle,0,87.89,Single
2230,2,male,15.0,0,0,51.34,C,1,1,1,Teen,Medium,Middle,1,51.34,Single
2231,3,female,34.0,1,0,59.16,S,2,0,0,Young Adult,Medium,Lower,0,29.58,Small Family
2232,1,male,17.0,0,0,243.31125,C,1,1,1,Teen,Very High,Upper,0,243.31125,Single
2233,3,female,19.0,0,0,45.9,C,1,1,1,Teen,Medium,Lower,0,45.9,Single
2234,3,male,26.0,0,0,15.58,S,1,1,0,Young Adult,Low,Lower,0,15.58,Single
2235,3,female,16.0,0,0,51.06,S,1,1,0,Teen,Medium,Lower,0,51.06,Single
2236,3,male,24.0,1,1,56.98,S,3,0,0,Young Adult,Medium,Lower,0,18.993333333333332,Small Family
2237,3,male,14.0,0,0,18.0,S,1,1,0,Teen,Low,Lower,1,18.0,Single
2238,1,male,6.0,1,0,243.31125,C,2,0,1,Child,Very High,Upper,1,121.655625,Small Family
2239,1,male,43.0,2,2,160.34,S,5,0,1,Adult,Very High,Upper,0,32.068,Large Family
2240,1,male,13.0,0,0,243.31125,S,1,1,1,Teen,Very High,Upper,1,243.31125,Single
2241,3,male,28.0,3,1,31.13,S,5,0,0,Young Adult,Medium,Lower,0,6.226,Large Family
2242,1,male,40.0,0,0,107.95,S,1,1,1,Adult,High,Upper,0,107.95,Single
2243,3,female,22.0,3,0,14.52,S,4,0,1,Young Adult,Low,Lower,0,3.63,Small Family
2244,3,male,19.0,0,0,8.39,S,1,1,0,Teen,Low,Lower,0,8.39,Single
2245,3,female,33.0,1,0,35.81,C,2,0,0,Young Adult,Medium,Lower,0,17.905,Small Family
2246,3,female,45.0,0,0,39.39,S,1,1,1,Adult,Medium,Lower,0,39.39,Single
2247,1,male,15.0,1,0,159.07,S,2,0,1,Teen,Very High,Upper,1,79.535,Small Family
2248,3,male,28.0,1,2,34.82,S,4,0,0,Young Adult,Medium,Lower,0,8.705,Small Family
2249,3,female,7.0,0,0,19.33,S,1,1,1,Child,Low,Lower,1,19.33,Single
2250,1,male,25.0,2,0,243.31125,S,3,0,1,Young Adult,Very High,Upper,0,81.10375,Small Family
2251,1,male,30.0,0,0,204.33,S,1,1,0,Young Adult,Very High,Upper,0,204.33,Single
2252,3,male,19.0,0,1,31.34,S,2,0,0,Teen,Medium,Lower,0,15.67,Small Family
2253,3,female,24.0,1,1,45.55,S,3,0,1,Young Adult,Medium,Lower,0,15.183333333333332,Small Family
2254,3,male,12.0,1,1,5.81,S,3,0,0,Child,Low,Lower,1,1.9366666666666665,Small Family
2255,3,female,31.0,0,0,31.85,C,1,1,0,Young Adult,Medium,Lower,0,31.85,Single
2256,3,male,44.0,0,0,22.91,S,1,1,0,Adult,Low,Lower,0,22.91,Single
2257,3,female,16.0,3,0,6.67,C,4,0,1,Teen,Low,Lower,0,1.6675,Small Family
2258,2,female,22.0,1,0,111.9,S,2,0,1,Young Adult,High,Middle,0,55.95,Small Family
2259,2,male,37.0,0,1,43.26,C,2,0,1,Adult,Medium,Middle,0,21.63,Small Family
2260,2,male,46.0,0,2,43.46,S,3,0,0,Adult,Medium,Middle,0,14.486666666666666,Small Family
2261,3,female,11.0,4,0,49.32,S,5,0,1,Child,Medium,Lower,1,9.864,Large Family
2262,3,female,28.0,1,0,29.58,C,2,0,1,Young Adult,Medium,Lower,0,14.79,Small Family
2263,3,male,34.0,2,0,5.19,C,3,0,0,Young Adult,Low,Lower,0,1.7300000000000002,Small Family
2264,2,female,29.0,0,0,54.31,Q,1,1,1,Young Adult,Medium,Middle,0,54.31,Single
2265,3,male,1.0,1,0,19.06,S,2,0,0,Child,Low,Lower,1,9.53,Small Family
2266,3,female,37.0,1,0,50.68,S,2,0,1,Adult,Medium,Lower,0,25.34,Small Family
2267,3,female,50.0,0,2,49.9,S,3,0,0,Adult,Medium,Lower,0,16.633333333333333,Small Family
2268,3,male,32.0,0,0,13.93,S,1,1,0,Young Adult,Low,Lower,0,13.93,Single
2269,1,male,17.0,1,3,243.31125,Q,5,0,1,Teen,Very High,Upper,0,48.66225,Large Family
2270,3,female,23.0,0,0,7.21,S,1,1,0,Young Adult,Low,Lower,0,7.21,Single
2271,1,female,53.0,2,0,243.31125,S,3,0,1,Adult,Very High,Upper,0,81.10375,Small Family
2272,2,male,42.0,2,0,105.05,S,3,0,0,Adult,High,Middle,0,35.016666666666666,Small Family
2273,2,male,38.0,2,0,53.65,S,3,0,1,Adult,Medium,Middle,0,17.883333333333333,Small Family
2274,3,female,35.0,1,0,11.44,S,2,0,0,Young Adult,Low,Lower,0,5.72,Small Family
2275,3,male,21.0,0,0,32.89,S,1,1,0,Young Adult,Medium,Lower,0,32.89,Single
2276,3,male,27.0,0,0,34.53,S,1,1,0,Young Adult,Medium,Lower,0,34.53,Single
2277,3,female,29.0,2,3,42.17,S,6,0,1,Young Adult,Medium,Lower,0,7.028333333333333,Large Family
2278,3,female,37.0,0,0,46.75,S,1,1,1,Adult,Medium,Lower,0,46.75,Single
2279,3,male,50.0,0,1,43.27,S,2,0,0,Adult,Medium,Lower,0,21.635,Small Family
2280,1,male,45.0,0,0,232.69,C,1,1,1,Adult,Very High,Upper,0,232.69,Single
2281,2,male,12.0,0,0,102.12,S,1,1,1,Child,High,Middle,1,102.12,Single
2282,2,female,33.0,1,0,59.15,S,2,0,1,Young Adult,Medium,Middle,0,29.575,Small Family
2283,2,female,40.0,0,2,74.31,S,3,0,1,Adult,Medium,Middle,0,24.77,Small Family
2284,1,male,38.0,0,0,237.57,C,1,1,1,Adult,Very High,Upper,0,237.57,Single
2285,1,female,22.0,3,0,243.31125,S,4,0,1,Young Adult,Very High,Upper,0,60.8278125,Small Family
2286,2,male,62.375,1,0,96.14,Q,2,0,0,Senior,High,Middle,0,48.07,Small Family
2287,3,male,13.0,1,0,47.3,S,2,0,0,Teen,Medium,Lower,1,23.65,Small Family
2288,2,female,16.0,1,1,96.75,S,3,0,1,Teen,High,Middle,0,32.25,Small Family
2289,2,male,33.0,2,0,64.7,S,3,0,0,Young Adult,Medium,Middle,0,21.566666666666666,Small Family
2290,1,male,58.0,1,0,243.31125,S,2,0,1,Adult,Very High,Upper,0,121.655625,Small Family
2291,3,male,19.0,0,1,33.96,S,2,0,0,Teen,Medium,Lower,0,16.98,Small Family
2292,2,female,27.0,3,0,115.56,S,4,0,1,Young Adult,High,Middle,0,28.89,Small Family
2293,1,female,44.0,0,0,243.31125,S,1,1,1,Adult,Very High,Upper,0,243.31125,Single
2294,3,male,30.0,3,0,48.69,S,4,0,0,Young Adult,Medium,Lower,0,12.1725,Small Family
2295,1,female,26.0,0,1,243.31125,S,2,0,1,Young Adult,Very High,Upper,0,121.655625,Small Family
2296,1,male,37.0,0,2,243.31125,C,3,0,1,Adult,Very High,Upper,0,81.10375,Small Family
2297,1,female,34.0,0,0,225.94,S,1,1,1,Young Adult,Very High,Upper,0,225.94,Single
2298,1,male,43.0,0,1,177.22,S,2,0,1,Adult,Very High,Upper,0,88.61,Small Family
2299,1,female,47.0,1,0,201.36,S,2,0,1,Adult,Very High,Upper,0,100.68,Small Family
2300,2,male,34.0,4,0,65.9,S,5,0,1,Young Adult,Medium,Middle,0,13.180000000000001,Large Family
2301,3,female,34.0,4,0,47.92,C,5,0,0,Young Adult,Medium,Lower,0,9.584,Large Family
2302,3,male,33.0,3,0,12.99,S,4,0,0,Young Adult,Low,Lower,0,3.2475,Small Family
2303,3,female,36.0,0,0,38.09,S,1,1,0,Adult,Medium,Lower,0,38.09,Single
2304,2,male,31.0,4,1,84.87,S,6,0,0,Young Adult,High,Middle,0,14.145000000000001,Large Family
2305,3,female,30.0,0,1,36.25,S,2,0,1,Young Adult,Medium,Lower,0,18.125,Small Family
2306,2,male,46.0,2,3,48.01,C,6,0,1,Adult,Medium,Middle,0,8.001666666666667,Large Family
2307,1,male,50.0,0,0,243.31125,S,1,1,1,Adult,Very High,Upper,0,243.31125,Single
2308,3,female,10.0,0,0,17.97,Q,1,1,1,Child,Low,Lower,1,17.97,Single
2309,1,male,30.0,3,0,229.13,Q,4,0,1,Young Adult,Very High,Upper,0,57.2825,Small Family
2310,2,female,21.0,3,0,81.15,C,4,0,1,Young Adult,High,Middle,0,20.2875,Small Family
2311,3,male,26.0,1,1,47.84,S,3,0,0,Young Adult,Medium,Lower,0,15.946666666666667,Small Family
2312,3,male,35.0,1,0,33.97,S,2,0,0,Young Adult,Medium,Lower,0,16.985,Small Family
2313,2,female,39.0,0,2,86.94,S,3,0,1,Adult,High,Middle,0,28.98,Small Family
2314,3,female,29.0,1,3,59.85,Q,5,0,1,Young Adult,Medium,Lower,0,11.97,Large Family
2315,3,female,5.0,1,0,41.49,S,2,0,1,Child,Medium,Lower,1,20.745,Small Family
2316,1,male,17.0,0,0,243.31125,C,1,1,0,Teen,Very High,Upper,0,243.31125,Single
2317,2,female,42.0,0,0,100.06,Q,1,1,1,Adult,High,Middle,0,100.06,Single
2318,2,male,1.0,0,0,107.42,C,1,1,1,Child,High,Middle,1,107.42,Single
2319,2,male,45.0,1,0,48.46,S,2,0,0,Adult,Medium,Middle,0,24.23,Small Family
2320,2,male,37.0,0,0,55.85,S,1,1,1,Adult,Medium,Middle,0,55.85,Single
2321,3,female,47.0,0,0,49.3,S,1,1,1,Adult,Medium,Lower,0,49.3,Single
2322,3,male,27.0,0,1,19.4,S,2,0,0,Young Adult,Low,Lower,0,9.7,Small Family
2323,3,male,3.0,0,0,28.08,Q,1,1,0,Child,Medium,Lower,1,28.08,Single
2324,2,male,36.0,1,0,119.18,Q,2,0,1,Adult,High,Middle,0,59.59,Small Family
2325,3,female,47.0,1,0,54.93,S,2,0,0,Adult,Medium,Lower,0,27.465,Small Family
2326,3,female,42.0,0,2,12.62,S,3,0,1,Adult,Low,Lower,0,4.206666666666666,Small Family
2327,3,female,21.0,0,1,18.03,S,2,0,0,Young Adult,Low,Lower,0,9.015,Small Family
2328,1,male,31.0,0,0,118.19,S,1,1,1,Young Adult,High,Upper,0,118.19,Single
2329,3,female,23.0,2,1,7.17,S,4,0,1,Young Adult,Low,Lower,0,1.7925,Small Family
2330,1,male,19.0,0,1,243.31125,S,2,0,1,Teen,Very High,Upper,0,121.655625,Small Family
2331,2,female,42.0,0,2,101.67,Q,3,0,1,Adult,High,Middle,0,33.89,Small Family
2332,1,male,14.0,1,0,243.31125,Q,2,0,1,Teen,Very High,Upper,1,121.655625,Small Family
2333,3,male,18.0,0,1,30.75,S,2,0,0,Teen,Medium,Lower,0,15.375,Small Family
2334,3,male,16.0,2,0,52.02,S,3,0,0,Teen,Medium,Lower,0,17.34,Small Family
2335,1,female,11.0,0,2,243.31125,S,3,0,1,Child,Very High,Upper,1,81.10375,Small Family
2336,2,female,32.0,1,0,108.91,C,2,0,1,Young Adult,High,Middle,0,54.455,Small Family
2337,2,female,45.0,0,2,46.92,S,3,0,1,Adult,Medium,Middle,0,15.64,Small Family
2338,2,female,28.0,0,2,81.42,S,3,0,1,Young Adult,High,Middle,0,27.14,Small Family
2339,1,male,10.0,0,0,144.59,S,1,1,1,Child,High,Upper,1,144.59,Single
2340,2,male,41.0,1,2,111.59,S,4,0,0,Adult,High,Middle,0,27.8975,Small Family
2341,3,male,52.0,3,0,55.44,C,4,0,0,Adult,Medium,Lower,0,13.86,Small Family
2342,1,male,22.0,0,0,243.31125,Q,1,1,1,Young Adult,Very High,Upper,0,243.31125,Single
2343,1,male,24.0,2,0,243.31125,S,3,0,1,Young Adult,Very High,Upper,0,81.10375,Small Family
2344,2,male,37.0,1,3,98.92,C,5,0,1,Adult,High,Middle,0,19.784,Large Family
2345,3,male,51.0,3,0,56.03,S,4,0,0,Adult,Medium,Lower,0,14.0075,Small Family
2346,3,female,23.0,1,0,26.88,S,2,0,1,Young Adult,Medium,Lower,0,13.44,Small Family
2347,3,male,13.0,0,1,29.73,C,2,0,0,Teen,Medium,Lower,1,14.865,Small Family
2348,2,male,38.0,1,2,87.11,S,4,0,0,Adult,High,Middle,0,21.7775,Small Family
2349,3,male,40.0,0,1,33.21,S,2,0,0,Adult,Medium,Lower,0,16.605,Small Family
2350,1,male,30.0,0,0,243.31125,C,1,1,1,Young Adult,Very High,Upper,0,243.31125,Single
2351,3,female,23.0,0,0,29.08,S,1,1,1,Young Adult,Medium,Lower,0,29.08,Single
2352,3,female,43.0,3,0,39.68,S,4,0,1,Adult,Medium,Lower,0,9.92,Small Family
2353,3,male,37.0,3,0,44.56,S,4,0,0,Adult,Medium,Lower,0,11.14,Small Family
2354,3,male,20.0,1,0,40.49,S,2,0,0,Young Adult,Medium,Lower,0,20.245,Small Family
2355,3,female,31.0,4,0,11.55,S,5,0,1,Young Adult,Low,Lower,0,2.31,Large Family
2356,1,male,12.0,1,2,243.31125,S,4,0,1,Child,Very High,Upper,1,60.8278125,Small Family
2357,3,male,39.0,0,0,45.35,S,1,1,0,Adult,Medium,Lower,0,45.35,Single
2358,1,male,27.0,0,0,221.13,Q,1,1,1,Young Adult,Very High,Upper,0,221.13,Single
2359,3,female,24.0,0,0,7.6,C,1,1,0,Young Adult,Low,Lower,0,7.6,Single
2360,1,male,30.0,0,0,190.49,S,1,1,1,Young Adult,Very High,Upper,0,190.49,Single
2361,1,male,31.0,0,0,188.3,C,1,1,1,Young Adult,Very High,Upper,0,188.3,Single
2362,2,male,42.0,0,0,43.61,S,1,1,0,Adult,Medium,Middle,0,43.61,Single
2363,2,male,38.0,2,2,46.67,C,5,0,0,Adult,Medium,Middle,0,9.334,Large Family
2364,2,male,28.0,2,0,46.13,C,3,0,0,Young Adult,Medium,Middle,0,15.376666666666667,Small Family
2365,3,male,40.0,1,0,58.6,S,2,0,0,Adult,Medium,Lower,0,29.3,Small Family
2366,1,female,35.0,3,1,153.27,S,5,0,1,Young Adult,Very High,Upper,0,30.654000000000003,Large Family
2367,1,male,24.0,0,1,187.9,C,2,0,1,Young Adult,Very High,Upper,0,93.95,Small Family
2368,3,male,28.0,2,1,50.51,S,4,0,0,Young Adult,Medium,Lower,0,12.6275,Small Family
2369,2,female,28.0,0,2,67.68,S,3,0,1,Young Adult,Medium,Middle,0,22.560000000000002,Small Family
2370,3,male,37.0,0,1,27.79,S,2,0,0,Adult,Medium,Lower,0,13.895,Small Family
2371,3,male,25.0,2,0,34.03,S,3,0,0,Young Adult,Medium,Lower,0,11.343333333333334,Small Family
2372,3,male,25.0,0,1,32.75,S,2,0,0,Young Adult,Medium,Lower,0,16.375,Small Family
2373,3,female,56.0,0,0,55.65,S,1,1,1,Adult,Medium,Lower,0,55.65,Single
2374,2,male,42.0,0,0,119.98,S,1,1,1,Adult,High,Middle,0,119.98,Single
2375,3,female,20.0,1,0,8.11,S,2,0,1,Young Adult,Low,Lower,0,4.055,Small Family
2376,2,female,37.0,4,0,93.97,S,5,0,1,Adult,High,Middle,0,18.794,Large Family
2377,2,male,32.0,0,0,115.92,Q,1,1,1,Young Adult,High,Middle,0,115.92,Single
2378,3,male,35.0,2,0,25.85,Q,3,0,0,Young Adult,Medium,Lower,0,8.616666666666667,Small Family
2379,2,male,32.0,0,0,98.75,S,1,1,0,Young Adult,High,Middle,0,98.75,Single
2380,3,female,45.0,0,2,58.67,C,3,0,1,Adult,Medium,Lower,0,19.55666666666667,Small Family
2381,3,male,34.0,0,2,34.44,Q,3,0,0,Young Adult,Medium,Lower,0,11.479999999999999,Small Family
2382,3,female,29.0,1,0,29.63,Q,2,0,0,Young Adult,Medium,Lower,0,14.815,Small Family
2383,3,male,44.0,0,1,37.1,C,2,0,0,Adult,Medium,Lower,0,18.55,Small Family
2384,2,male,33.0,0,0,60.59,C,1,1,0,Young Adult,Medium,Middle,0,60.59,Single
2385,2,male,32.0,0,2,62.65,S,3,0,1,Young Adult,Medium,Middle,0,20.883333333333333,Small Family
2386,3,female,34.0,0,0,14.29,S,1,1,1,Young Adult,Low,Lower,0,14.29,Single
2387,2,female,29.0,1,0,66.18,S,2,0,1,Young Adult,Medium,Middle,0,33.09,Small Family
2388,3,male,30.0,0,0,51.26,S,1,1,0,Young Adult,Medium,Lower,0,51.26,Single
2389,3,female,22.0,0,0,42.99,Q,1,1,1,Young Adult,Medium,Lower,0,42.99,Single
2390,3,male,20.0,0,0,41.15,S,1,1,0,Young Adult,Medium,Lower,0,41.15,Single
2391,2,male,17.0,0,0,69.29,Q,1,1,0,Teen,Medium,Middle,0,69.29,Single
2392,1,female,12.0,1,0,213.39,C,2,0,1,Child,Very High,Upper,1,106.695,Small Family
2393,2,male,19.0,0,0,64.95,S,1,1,1,Teen,Medium,Middle,0,64.95,Single
2394,1,male,28.0,0,0,154.15,S,1,1,1,Young Adult,Very High,Upper,0,154.15,Single
2395,3,female,31.0,0,3,19.15,S,4,0,1,Young Adult,Low,Lower,0,4.7875,Small Family
2396,2,female,26.0,0,0,96.05,S,1,1,1,Young Adult,High,Middle,0,96.05,Single
2397,1,female,1.0,2,0,183.28,C,3,0,1,Child,Very High,Upper,1,61.093333333333334,Small Family
2398,1,male,50.0,1,1,145.15,Q,3,0,1,Adult,High,Upper,0,48.38333333333333,Small Family
2399,3,male,44.0,1,1,29.79,S,3,0,0,Adult,Medium,Lower,0,9.93,Small Family
2400,3,female,36.0,0,0,50.43,S,1,1,1,Adult,Medium,Lower,0,50.43,Single
2401,2,female,55.0,1,1,92.34,S,3,0,1,Adult,High,Middle,0,30.78,Small Family
2402,1,male,17.0,2,0,111.59,S,3,0,0,Teen,High,Upper,0,37.196666666666665,Small Family
2403,2,male,55.0,0,0,88.54,C,1,1,1,Adult,High,Middle,0,88.54,Single
2404,2,male,17.0,1,0,80.35,S,2,0,1,Teen,High,Middle,0,40.175,Small Family
2405,3,female,33.0,1,0,43.87,S,2,0,1,Young Adult,Medium,Lower,0,21.935,Small Family
2406,3,female,13.0,0,0,16.41,S,1,1,1,Teen,Low,Lower,1,16.41,Single
2407,2,male,30.0,0,0,53.65,S,1,1,0,Young Adult,Medium,Middle,0,53.65,Single
2408,1,male,35.0,1,0,243.31125,S,2,0,1,Young Adult,Very High,Upper,0,121.655625,Small Family
2409,3,female,28.0,0,1,48.69,S,2,0,0,Young Adult,Medium,Lower,0,24.345,Small Family
2410,2,male,39.0,1,0,93.82,S,2,0,0,Adult,High,Middle,0,46.91,Small Family
2411,3,male,31.0,1,0,32.11,S,2,0,0,Young Adult,Medium,Lower,0,16.055,Small Family
2412,1,male,23.0,2,0,243.31125,S,3,0,1,Young Adult,Very High,Upper,0,81.10375,Small Family
2413,2,female,23.0,0,1,118.57,S,2,0,1,Young Adult,High,Middle,0,59.285,Small Family
2414,1,male,41.0,0,0,243.31125,Q,1,1,1,Adult,Very High,Upper,0,243.31125,Single
2415,3,male,22.0,0,1,22.48,C,2,0,1,Young Adult,Low,Lower,0,11.24,Small Family
2416,3,male,42.0,1,1,36.21,S,3,0,0,Adult,Medium,Lower,0,12.07,Small Family
2417,2,female,46.0,2,0,43.68,C,3,0,1,Adult,Medium,Middle,0,14.56,Small Family
2418,1,female,8.0,1,2,155.94,C,4,0,1,Child,Very High,Upper,1,38.985,Small Family
2419,1,female,45.0,0,0,239.35,S,1,1,1,Adult,Very High,Upper,0,239.35,Single
2420,2,male,57.0,3,0,47.08,C,4,0,0,Adult,Medium,Middle,0,11.77,Small Family
2421,1,female,33.0,4,0,243.31125,S,5,0,1,Young Adult,Very High,Upper,0,48.66225,Large Family
2422,1,male,38.0,0,0,243.31125,C,1,1,1,Adult,Very High,Upper,0,243.31125,Single
2423,3,male,43.0,0,0,22.29,S,1,1,0,Adult,Low,Lower,0,22.29,Single
2424,2,male,26.0,1,0,79.46,Q,2,0,0,Young Adult,Medium,Middle,0,39.73,Small Family
2425,2,male,32.0,1,0,45.72,S,2,0,0,Young Adult,Medium,Middle,0,22.86,Small Family
2426,3,female,13.0,3,1,32.29,S,5,0,1,Teen,Medium,Lower,1,6.458,Large Family
2427,1,female,32.0,0,0,243.31125,S,1,1,1,Young Adult,Very High,Upper,0,243.31125,Single
2428,3,female,36.0,0,1,43.57,S,2,0,1,Adult,Medium,Lower,0,21.785,Small Family
2429,2,male,37.0,1,0,79.04,S,2,0,0,Adult,Medium,Middle,0,39.52,Small Family
2430,3,male,44.0,2,0,48.13,S,3,0,0,Adult,Medium,Lower,0,16.043333333333333,Small Family
2431,3,female,20.0,2,1,51.61,S,4,0,1,Young Adult,Medium,Lower,0,12.9025,Small Family
2432,3,male,23.0,4,0,37.91,S,5,0,0,Young Adult,Medium,Lower,0,7.581999999999999,Large Family
2433,3,female,55.0,0,0,56.02,S,1,1,1,Adult,Medium,Lower,0,56.02,Single
2434,2,female,28.0,2,0,98.83,S,3,0,1,Young Adult,High,Middle,0,32.943333333333335,Small Family
2435,3,female,33.0,0,0,37.75,S,1,1,1,Young Adult,Medium,Lower,0,37.75,Single
2436,2,male,29.0,0,0,89.34,S,1,1,0,Young Adult,High,Middle,0,89.34,Single
2437,2,female,19.0,0,0,62.37,S,1,1,1,Teen,Medium,Middle,0,62.37,Single
2438,2,female,51.0,1,1,92.56,S,3,0,1,Adult,High,Middle,0,30.853333333333335,Small Family
2439,3,female,23.0,4,0,24.59,S,5,0,0,Young Adult,Low,Lower,0,4.918,Large Family
2440,1,female,15.0,0,0,243.31125,S,1,1,1,Teen,Very High,Upper,1,243.31125,Single
2441,3,male,24.0,0,0,11.75,S,1,1,0,Young Adult,Low,Lower,0,11.75,Single
2442,3,female,4.0,1,0,31.04,S,2,0,1,Child,Medium,Lower,1,15.52,Small Family
2443,3,female,22.0,1,0,34.56,S,2,0,1,Young Adult,Medium,Lower,0,17.28,Small Family
2444,3,male,17.0,3,0,35.51,S,4,0,0,Teen,Medium,Lower,0,8.8775,Small Family
2445,2,female,38.0,0,0,83.25,S,1,1,0,Adult,High,Middle,0,83.25,Single
2446,2,male,21.0,0,1,110.16,C,2,0,1,Young Adult,High,Middle,0,55.08,Small Family
2447,2,male,42.0,0,0,106.31,C,1,1,1,Adult,High,Middle,0,106.31,Single
2448,1,female,48.0,0,2,243.31125,Q,3,0,1,Adult,Very High,Upper,0,81.10375,Small Family
2449,1,male,40.0,0,0,169.98,S,1,1,1,Adult,Very High,Upper,0,169.98,Single
2450,2,female,27.0,0,0,85.28,S,1,1,1,Young Adult,High,Middle,0,85.28,Single
2451,2,male,32.0,0,1,68.42,Q,2,0,0,Young Adult,Medium,Middle,0,34.21,Small Family
2452,3,male,10.0,0,1,40.04,S,2,0,0,Child,Medium,Lower,1,20.02,Small Family
2453,3,female,28.0,3,0,44.28,S,4,0,1,Young Adult,Medium,Lower,0,11.07,Small Family
2454,2,male,19.0,0,1,91.59,S,2,0,0,Teen,High,Middle,0,45.795,Small Family
2455,3,male,39.0,0,2,49.67,S,3,0,0,Adult,Medium,Lower,0,16.55666666666667,Small Family
2456,1,male,62.375,2,1,243.31125,S,4,0,1,Senior,Very High,Upper,0,60.8278125,Small Family
2457,2,male,36.0,1,0,48.74,C,2,0,1,Adult,Medium,Middle,0,24.37,Small Family
2458,3,male,4.0,1,1,38.75,Q,3,0,0,Child,Medium,Lower,1,12.916666666666666,Small Family
2459,2,female,25.0,1,1,90.44,S,3,0,1,Young Adult,High,Middle,0,30.146666666666665,Small Family
2460,2,female,32.0,2,0,72.65,C,3,0,1,Young Adult,Medium,Middle,0,24.21666666666667,Small Family
2461,3,male,31.0,2,1,14.2,S,4,0,0,Young Adult,Low,Lower,0,3.55,Small Family
2462,3,female,20.0,1,2,42.66,S,4,0,0,Young Adult,Medium,Lower,0,10.665,Small Family
2463,3,male,33.0,2,0,23.47,S,3,0,0,Young Adult,Low,Lower,0,7.823333333333333,Small Family
2464,3,female,14.0,0,0,29.86,S,1,1,1,Teen,Medium,Lower,1,29.86,Single
2465,3,female,18.0,0,0,23.32,S,1,1,1,Teen,Low,Lower,0,23.32,Single
2466,1,male,38.0,2,0,225.83,S,3,0,0,Adult,Very High,Upper,0,75.27666666666667,Small Family
2467,2,male,17.0,0,0,72.67,S,1,1,0,Teen,Medium,Middle,0,72.67,Single
2468,1,male,37.0,2,0,111.21,S,3,0,1,Adult,High,Upper,0,37.07,Small Family
2469,2,male,12.0,0,0,42.96,Q,1,1,1,Child,Medium,Middle,1,42.96,Single
2470,3,female,53.0,0,1,22.78,C,2,0,1,Adult,Low,Lower,0,11.39,Small Family
2471,1,male,20.0,3,1,230.06,S,5,0,1,Young Adult,Very High,Upper,0,46.012,Large Family
2472,3,female,27.0,0,0,42.88,S,1,1,1,Young Adult,Medium,Lower,0,42.88,Single
2473,3,male,34.0,3,2,24.07,Q,6,0,0,Young Adult,Low,Lower,0,4.011666666666667,Large Family
2474,3,male,23.0,3,0,27.79,C,4,0,0,Young Adult,Medium,Lower,0,6.9475,Small Family
2475,3,male,32.0,2,1,35.96,S,4,0,0,Young Adult,Medium,Lower,0,8.99,Small Family
2476,3,male,37.0,0,1,21.17,S,2,0,0,Adult,Low,Lower,0,10.585,Small Family
2477,1,male,42.0,1,0,243.31125,S,2,0,1,Adult,Very High,Upper,0,121.655625,Small Family
2478,3,female,40.0,2,0,12.72,S,3,0,1,Adult,Low,Lower,0,4.24,Small Family
2479,1,male,28.0,1,0,243.31125,C,2,0,1,Young Adult,Very High,Upper,0,121.655625,Small Family
2480,3,male,28.0,1,1,7.66,S,3,0,0,Young Adult,Low,Lower,0,2.5533333333333332,Small Family
2481,2,female,61.0,4,1,91.85,Q,6,0,1,Senior,High,Middle,0,15.308333333333332,Large Family
2482,3,female,42.0,1,0,14.68,S,2,0,1,Adult,Low,Lower,0,7.34,Small Family
2483,3,male,18.0,4,0,25.76,S,5,0,0,Teen,Medium,Lower,0,5.152,Large Family
2484,1,male,31.0,0,0,183.81,S,1,1,1,Young Adult,Very High,Upper,0,183.81,Single
2485,2,male,26.0,0,0,74.75,S,1,1,0,Young Adult,Medium,Middle,0,74.75,Single
2486,3,male,28.0,0,3,51.77,S,4,0,0,Young Adult,Medium,Lower,0,12.9425,Small Family
2487,2,male,14.0,0,0,56.41,S,1,1,1,Teen,Medium,Middle,1,56.41,Single
2488,3,male,25.0,1,2,34.84,Q,4,0,0,Young Adult,Medium,Lower,0,8.71,Small Family
2489,3,male,54.0,0,1,41.8,S,2,0,0,Adult,Medium,Lower,0,20.9,Small Family
2490,2,male,38.0,4,2,69.71,S,7,0,0,Adult,Medium,Middle,0,9.958571428571428,Large Family
2491,2,female,1.0,0,0,65.42,S,1,1,1,Child,Medium,Middle,1,65.42,Single
2492,1,male,46.0,0,0,191.26,S,1,1,1,Adult,Very High,Upper,0,191.26,Single
2493,3,female,44.0,0,0,10.4,S,1,1,1,Adult,Low,Lower,0,10.4,Single
2494,2,male,25.0,0,1,85.8,S,2,0,1,Young Adult,High,Middle,0,42.9,Small Family
2495,3,male,39.0,0,0,34.26,S,1,1,0,Adult,Medium,Lower,0,34.26,Single
2496,2,female,19.0,0,0,102.7,C,1,1,1,Teen,High,Middle,0,102.7,Single
2497,3,female,24.0,1,1,56.43,S,3,0,1,Young Adult,Medium,Lower,0,18.81,Small Family
2498,3,male,49.0,0,0,51.98,S,1,1,0,Adult,Medium,Lower,0,51.98,Single
2499,3,female,26.0,0,0,58.44,S,1,1,0,Young Adult,Medium,Lower,0,58.44,Single
2500,2,male,6.0,1,0,103.34,S,2,0,1,Child,High,Middle,1,51.67,Small Family
2501,3,male,29.0,0,0,51.83,S,1,1,0,Young Adult,Medium,Lower,0,51.83,Single
2502,3,male,29.0,0,0,49.21,S,1,1,0,Young Adult,Medium,Lower,0,49.21,Single
2503,3,female,46.0,0,0,54.62,S,1,1,1,Adult,Medium,Lower,0,54.62,Single
2504,3,female,30.0,0,1,34.04,S,2,0,0,Young Adult,Medium,Lower,0,17.02,Small Family
2505,1,male,25.0,1,1,243.31125,Q,3,0,1,Young Adult,Very High,Upper,0,81.10375,Small Family
2506,1,male,44.0,0,0,132.38,S,1,1,1,Adult,High,Upper,0,132.38,Single
2507,3,male,32.0,2,1,9.17,S,4,0,0,Young Adult,Low,Lower,0,2.2925,Small Family
2508,2,female,20.0,2,0,95.52,S,3,0,1,Young Adult,High,Middle,0,31.84,Small Family
2509,3,male,45.0,0,0,55.31,S,1,1,0,Adult,Medium,Lower,0,55.31,Single
2510,3,male,33.0,4,1,8.36,S,6,0,0,Young Adult,Low,Lower,0,1.3933333333333333,Large Family
2511,1,male,30.0,0,1,211.01,S,2,0,1,Young Adult,Very High,Upper,0,105.505,Small Family
2512,3,male,32.0,0,0,56.17,C,1,1,0,Young Adult,Medium,Lower,0,56.17,Single
2513,2,female,16.0,0,0,86.91,S,1,1,1,Teen,High,Middle,0,86.91,Single
2514,3,female,23.0,0,1,52.84,S,2,0,1,Young Adult,Medium,Lower,0,26.42,Small Family
2515,3,male,30.0,1,0,48.41,S,2,0,0,Young Adult,Medium,Lower,0,24.205,Small Family
2516,3,male,27.0,0,1,7.22,S,2,0,1,Young Adult,Low,Lower,0,3.61,Small Family
2517,1,female,47.0,2,0,243.31125,S,3,0,1,Adult,Very High,Upper,0,81.10375,Small Family
2518,2,female,33.0,1,2,91.63,Q,4,0,1,Young Adult,High,Middle,0,22.9075,Small Family
2519,3,male,41.0,0,0,59.84,C,1,1,0,Adult,Medium,Lower,0,59.84,Single
2520,3,female,30.0,1,0,53.34,Q,2,0,1,Young Adult,Medium,Lower,0,26.67,Small Family
2521,3,female,44.0,3,0,22.05,S,4,0,1,Adult,Low,Lower,0,5.5125,Small Family
2522,1,male,35.0,0,0,149.24,S,1,1,1,Young Adult,High,Upper,0,149.24,Single
2523,2,male,30.0,0,1,55.57,C,2,0,0,Young Adult,Medium,Middle,0,27.785,Small Family
2524,2,male,30.0,0,0,83.87,C,1,1,0,Young Adult,High,Middle,0,83.87,Single
2525,3,female,18.0,0,0,23.76,S,1,1,0,Teen,Low,Lower,0,23.76,Single
2526,2,male,37.0,0,0,106.37,Q,1,1,1,Adult,High,Middle,0,106.37,Single
2527,1,male,29.0,0,0,243.31125,Q,1,1,1,Young Adult,Very High,Upper,0,243.31125,Single
2528,3,male,23.0,1,0,30.19,S,2,0,0,Young Adult,Medium,Lower,0,15.095,Small Family
2529,1,male,44.0,1,0,168.93,S,2,0,1,Adult,Very High,Upper,0,84.465,Small Family
2530,3,female,14.0,0,0,48.45,S,1,1,1,Teen,Medium,Lower,1,48.45,Single
2531,3,female,25.0,0,0,37.19,C,1,1,1,Young Adult,Medium,Lower,0,37.19,Single
2532,3,female,43.0,0,3,31.92,S,4,0,1,Adult,Medium,Lower,0,7.98,Small Family
2533,2,female,34.0,0,1,43.46,S,2,0,1,Young Adult,Medium,Middle,0,21.73,Small Family
2534,1,male,29.0,0,2,237.19,S,3,0,1,Young Adult,Very High,Upper,0,79.06333333333333,Small Family
2535,3,male,33.0,3,0,40.66,S,4,0,0,Young Adult,Medium,Lower,0,10.165,Small Family
2536,3,male,32.0,0,0,52.71,S,1,1,0,Young Adult,Medium,Lower,0,52.71,Single
2537,3,male,10.0,0,0,38.74,S,1,1,0,Child,Medium,Lower,1,38.74,Single
2538,1,female,25.0,0,0,243.31125,S,1,1,1,Young Adult,Very High,Upper,0,243.31125,Single
2539,3,male,51.0,2,0,38.76,C,3,0,0,Adult,Medium,Lower,0,12.92,Small Family
2540,3,male,21.0,1,0,34.21,S,2,0,0,Young Adult,Medium,Lower,0,17.105,Small Family
2541,3,female,26.0,0,0,14.46,S,1,1,1,Young Adult,Low,Lower,0,14.46,Single
2542,3,female,23.0,0,1,23.46,S,2,0,1,Young Adult,Low,Lower,0,11.73,Small Family
2543,3,male,29.0,0,2,43.12,S,3,0,0,Young Adult,Medium,Lower,0,14.373333333333333,Small Family
2544,3,male,22.0,0,1,28.4,C,2,0,0,Young Adult,Medium,Lower,0,14.2,Small Family
2545,1,female,36.0,4,0,189.77,S,5,0,1,Adult,Very High,Upper,0,37.954,Large Family
2546,2,female,33.0,1,0,112.68,S,2,0,1,Young Adult,High,Middle,0,56.34,Small Family
2547,1,male,40.0,1,0,196.01,S,2,0,1,Adult,Very High,Upper,0,98.005,Small Family
2548,2,female,16.0,0,0,95.79,S,1,1,1,Teen,High,Middle,0,95.79,Single
2549,2,male,26.0,0,0,109.86,C,1,1,1,Young Adult,High,Middle,0,109.86,Single
2550,1,male,27.0,1,0,168.53,S,2,0,1,Young Adult,Very High,Upper,0,84.265,Small Family
2551,2,male,36.0,0,0,106.43,S,1,1,0,Adult,High,Middle,0,106.43,Single
2552,1,male,20.0,4,1,243.31125,C,6,0,1,Young Adult,Very High,Upper,0,40.551875,Large Family
2553,3,male,42.0,0,1,23.38,S,2,0,0,Adult,Low,Lower,0,11.69,Small Family
2554,3,male,45.0,0,0,26.53,S,1,1,0,Adult,Medium,Lower,0,26.53,Single
2555,1,male,17.0,1,0,236.72,S,2,0,1,Teen,Very High,Upper,0,118.36,Small Family
2556,3,male,24.0,0,2,41.98,Q,3,0,0,Young Adult,Medium,Lower,0,13.993333333333332,Small Family
2557,3,female,23.0,0,0,29.95,C,1,1,1,Young Adult,Medium,Lower,0,29.95,Single
2558,2,male,62.375,0,0,94.97,S,1,1,1,Senior,High,Middle,0,94.97,Single
2559,1,male,24.0,1,0,224.81,S,2,0,1,Young Adult,Very High,Upper,0,112.405,Small Family
2560,3,male,52.0,0,0,15.43,S,1,1,0,Adult,Low,Lower,0,15.43,Single
2561,3,male,14.0,0,0,20.24,S,1,1,0,Teen,Low,Lower,1,20.24,Single
2562,3,male,17.0,1,1,9.36,C,3,0,0,Teen,Low,Lower,0,3.1199999999999997,Small Family
2563,1,female,21.0,0,0,138.16,S,1,1,1,Young Adult,High,Upper,0,138.16,Single
2564,1,male,19.0,3,0,204.9,S,4,0,1,Teen,Very High,Upper,0,51.225,Small Family
2565,2,male,27.0,0,0,118.85,S,1,1,1,Young Adult,High,Middle,0,118.85,Single
2566,2,male,21.0,1,1,44.41,S,3,0,1,Young Adult,Medium,Middle,0,14.803333333333333,Small Family
2567,1,male,19.0,0,0,243.31125,S,1,1,1,Teen,Very High,Upper,0,243.31125,Single
2568,2,female,45.0,1,0,63.82,S,2,0,1,Adult,Medium,Middle,0,31.91,Small Family
2569,3,male,46.0,1,0,32.05,S,2,0,1,Adult,Medium,Lower,0,16.025,Small Family
2570,3,female,42.0,2,0,18.26,S,3,0,1,Adult,Low,Lower,0,6.086666666666667,Small Family
2571,2,female,37.0,0,0,69.44,S,1,1,0,Adult,Medium,Middle,0,69.44,Single
2572,3,male,31.0,0,0,45.49,S,1,1,0,Young Adult,Medium,Lower,0,45.49,Single
2573,2,female,24.0,1,1,73.87,S,3,0,1,Young Adult,Medium,Middle,0,24.623333333333335,Small Family
2574,2,male,18.0,0,2,108.38,S,3,0,1,Teen,High,Middle,0,36.126666666666665,Small Family
2575,1,female,35.0,0,0,243.31125,S,1,1,1,Young Adult,Very High,Upper,0,243.31125,Single
2576,3,female,15.0,3,0,56.36,C,4,0,1,Teen,Medium,Lower,1,14.09,Small Family
2577,3,male,17.0,0,0,51.46,S,1,1,0,Teen,Medium,Lower,0,51.46,Single
2578,3,male,45.0,4,1,12.73,C,6,0,0,Adult,Low,Lower,0,2.1216666666666666,Large Family
2579,2,male,55.0,0,0,60.79,C,1,1,0,Adult,Medium,Middle,0,60.79,Single
2580,3,male,35.0,1,1,34.47,S,3,0,0,Young Adult,Medium,Lower,0,11.49,Small Family
2581,1,male,44.0,0,1,124.36,Q,2,0,1,Adult,High,Upper,0,62.18,Small Family
2582,3,male,27.0,0,2,20.58,C,3,0,0,Young Adult,Low,Lower,0,6.859999999999999,Small Family
2583,3,female,13.0,4,2,9.8,Q,7,0,1,Teen,Low,Lower,1,1.4000000000000001,Large Family
2584,2,female,38.0,0,1,70.92,S,2,0,1,Adult,Medium,Middle,0,35.46,Small Family
2585,3,male,37.0,2,0,50.66,S,3,0,0,Adult,Medium,Lower,0,16.886666666666667,Small Family
2586,3,male,31.0,1,0,11.26,S,2,0,0,Young Adult,Low,Lower,0,5.63,Small Family
2587,1,male,27.0,0,0,243.31125,S,1,1,1,Young Adult,Very High,Upper,0,243.31125,Single
2588,3,male,43.0,2,0,42.56,Q,3,0,0,Adult,Medium,Lower,0,14.186666666666667,Small Family
2589,1,male,17.0,0,0,243.31125,S,1,1,1,Teen,Very High,Upper,0,243.31125,Single
2590,3,female,20.0,1,0,52.92,S,2,0,1,Young Adult,Medium,Lower,0,26.46,Small Family
2591,3,female,17.0,0,0,37.89,Q,1,1,1,Teen,Medium,Lower,0,37.89,Single
2592,3,male,31.0,2,0,51.68,Q,3,0,0,Young Adult,Medium,Lower,0,17.226666666666667,Small Family
2593,3,male,16.0,1,0,30.81,S,2,0,0,Teen,Medium,Lower,0,15.405,Small Family
2594,3,male,21.0,0,0,32.54,C,1,1,0,Young Adult,Medium,Lower,0,32.54,Single
2595,1,female,21.0,1,0,243.31125,S,2,0,1,Young Adult,Very High,Upper,0,121.655625,Small Family
2596,3,male,27.0,0,0,26.32,S,1,1,0,Young Adult,Medium,Lower,0,26.32,Single
2597,2,female,11.0,0,1,116.61,Q,2,0,1,Child,High,Middle,1,58.305,Small Family
2598,2,female,31.0,0,0,112.36,C,1,1,1,Young Adult,High,Middle,0,112.36,Single
2599,2,male,46.0,0,0,52.09,S,1,1,0,Adult,Medium,Middle,0,52.09,Single
2600,1,female,32.0,0,0,243.31125,S,1,1,1,Young Adult,Very High,Upper,0,243.31125,Single
2601,3,male,50.0,0,0,5.38,S,1,1,0,Adult,Low,Lower,0,5.38,Single
2602,1,female,47.0,0,0,243.31125,S,1,1,1,Adult,Very High,Upper,0,243.31125,Single
2603,3,male,40.0,0,3,25.04,S,4,0,0,Adult,Medium,Lower,0,6.26,Small Family
2604,2,male,31.0,0,0,50.73,S,1,1,0,Young Adult,Medium,Middle,0,50.73,Single
2605,1,female,30.0,1,0,243.31125,S,2,0,1,Young Adult,Very High,Upper,0,121.655625,Small Family
2606,3,male,40.0,1,0,57.0,S,2,0,0,Adult,Medium,Lower,0,28.5,Small Family
2607,1,female,25.0,0,0,107.17,C,1,1,1,Young Adult,High,Upper,0,107.17,Single
2608,2,male,6.0,2,1,115.82,S,4,0,1,Child,High,Middle,1,28.955,Small Family
2609,3,female,36.0,1,0,26.53,C,2,0,1,Adult,Medium,Lower,0,13.265,Small Family
2610,1,female,15.0,1,3,243.31125,S,5,0,1,Teen,Very High,Upper,1,48.66225,Large Family
2611,3,female,17.0,0,0,54.88,S,1,1,1,Teen,Medium,Lower,0,54.88,Single
2612,1,female,30.0,0,1,243.31125,S,2,0,1,Young Adult,Very High,Upper,0,121.655625,Small Family
2613,1,male,29.0,2,0,216.9,C,3,0,1,Young Adult,Very High,Upper,0,72.3,Small Family
2614,3,male,12.0,2,0,50.24,C,3,0,0,Child,Medium,Lower,1,16.746666666666666,Small Family
2615,2,female,32.0,0,1,64.29,S,2,0,1,Young Adult,Medium,Middle,0,32.145,Small Family
2616,1,male,43.0,0,0,102.02,S,1,1,1,Adult,High,Upper,0,102.02,Single
2617,2,female,15.0,1,0,80.2,S,2,0,1,Teen,High,Middle,1,40.1,Small Family
2618,2,male,47.0,1,0,94.6,S,2,0,0,Adult,High,Middle,0,47.3,Small Family
2619,3,male,10.0,2,0,5.19,S,3,0,0,Child,Low,Lower,1,1.7300000000000002,Small Family
2620,2,male,58.0,0,0,116.08,S,1,1,1,Adult,High,Middle,0,116.08,Single
2621,3,male,25.0,0,0,56.17,S,1,1,0,Young Adult,Medium,Lower,0,56.17,Single
2622,3,male,32.0,0,0,21.87,S,1,1,0,Young Adult,Low,Lower,0,21.87,Single
2623,2,female,5.0,0,0,66.76,S,1,1,1,Child,Medium,Middle,1,66.76,Single
2624,3,male,29.0,0,0,45.15,S,1,1,0,Young Adult,Medium,Lower,0,45.15,Single
2625,2,male,33.0,2,0,96.71,S,3,0,1,Young Adult,High,Middle,0,32.236666666666665,Small Family
2626,3,male,29.0,0,2,30.97,S,3,0,0,Young Adult,Medium,Lower,0,10.323333333333332,Small Family
2627,1,male,23.0,2,0,243.31125,Q,3,0,1,Young Adult,Very High,Upper,0,81.10375,Small Family
2628,3,male,18.0,0,2,16.15,S,3,0,0,Teen,Low,Lower,0,5.383333333333333,Small Family
2629,2,male,45.0,0,0,100.06,S,1,1,0,Adult,High,Middle,0,100.06,Single
2630,2,male,30.0,0,0,65.68,S,1,1,0,Young Adult,Medium,Middle,0,65.68,Single
2631,3,male,50.0,0,0,25.25,S,1,1,1,Adult,Medium,Lower,0,25.25,Single
2632,3,male,23.0,1,0,49.38,S,2,0,0,Young Adult,Medium,Lower,0,24.69,Small Family
2633,1,female,24.0,0,1,150.26,S,2,0,1,Young Adult,Very High,Upper,0,75.13,Small Family
2634,1,male,41.0,0,0,120.34,C,1,1,0,Adult,High,Upper,0,120.34,Single
2635,3,male,9.0,0,0,56.15,C,1,1,0,Child,Medium,Lower,1,56.15,Single
2636,3,female,14.0,0,2,10.21,C,3,0,1,Teen,Low,Lower,1,3.4033333333333338,Small Family
2637,3,female,44.0,1,3,5.22,S,5,0,0,Adult,Low,Lower,0,1.044,Large Family
2638,3,male,15.0,0,0,26.4,S,1,1,0,Teen,Medium,Lower,1,26.4,Single
2639,3,female,6.0,1,0,10.71,S,2,0,1,Child,Low,Lower,1,5.355,Small Family
2640,3,female,54.0,1,0,52.47,S,2,0,1,Adult,Medium,Lower,0,26.235,Small Family
2641,2,male,12.0,0,0,97.36,S,1,1,1,Child,High,Middle,1,97.36,Single
2642,1,female,32.0,0,0,106.98,C,1,1,1,Young Adult,High,Upper,0,106.98,Single
2643,3,male,31.0,1,0,28.4,S,2,0,0,Young Adult,Medium,Lower,0,14.2,Small Family
2644,3,female,1.0,1,1,34.65,S,3,0,1,Child,Medium,Lower,1,11.549999999999999,Small Family
2645,1,female,27.0,0,0,118.35,S,1,1,1,Young Adult,High,Upper,0,118.35,Single
2646,2,male,36.0,0,0,42.84,S,1,1,1,Adult,Medium,Middle,0,42.84,Single
2647,3,male,35.0,0,2,10.55,S,3,0,0,Young Adult,Low,Lower,0,3.516666666666667,Small Family
2648,3,female,42.0,0,0,29.55,S,1,1,1,Adult,Medium,Lower,0,29.55,Single
2649,2,female,25.0,0,0,108.87,S,1,1,1,Young Adult,High,Middle,0,108.87,Single
2650,2,male,39.0,0,1,107.48,C,2,0,0,Adult,High,Middle,0,53.74,Small Family
2651,1,female,21.0,0,0,152.07,S,1,1,1,Young Adult,Very High,Upper,0,152.07,Single
2652,2,female,12.0,0,0,101.51,S,1,1,1,Child,High,Middle,1,101.51,Single
2653,2,female,13.0,0,0,107.44,S,1,1,1,Teen,High,Middle,1,107.44,Single
2654,1,male,11.0,2,0,180.65,Q,3,0,1,Child,Very High,Upper,1,60.21666666666667,Small Family
2655,3,male,43.0,0,1,57.08,S,2,0,0,Adult,Medium,Lower,0,28.54,Small Family
2656,2,male,10.0,3,0,59.4,Q,4,0,0,Child,Medium,Middle,1,14.85,Small Family
2657,3,male,34.0,0,0,7.13,S,1,1,0,Young Adult,Low,Lower,0,7.13,Single
2658,3,male,27.0,1,0,38.24,Q,2,0,0,Young Adult,Medium,Lower,0,19.12,Small Family
2659,1,male,29.0,0,2,243.31125,S,3,0,1,Young Adult,Very High,Upper,0,81.10375,Small Family
2660,3,male,48.0,1,0,21.23,S,2,0,0,Adult,Low,Lower,0,10.615,Small Family
2661,2,female,24.0,0,0,96.47,S,1,1,1,Young Adult,High,Middle,0,96.47,Single
2662,3,male,38.0,0,2,21.02,Q,3,0,0,Adult,Low,Lower,0,7.006666666666667,Small Family
2663,1,male,30.0,3,2,243.31125,C,6,0,0,Young Adult,Very High,Upper,0,40.551875,Large Family
2664,3,male,28.0,0,0,31.63,S,1,1,0,Young Adult,Medium,Lower,0,31.63,Single
2665,3,female,60.0,3,0,22.77,S,4,0,1,Adult,Low,Lower,0,5.6925,Small Family
2666,2,female,11.0,0,0,40.77,S,1,1,1,Child,Medium,Middle,1,40.77,Single
2667,1,male,47.0,0,0,234.87,S,1,1,1,Adult,Very High,Upper,0,234.87,Single
2668,3,male,39.0,0,0,27.56,S,1,1,0,Adult,Medium,Lower,0,27.56,Single
2669,3,male,24.0,1,0,39.42,S,2,0,1,Young Adult,Medium,Lower,0,19.71,Small Family
2670,2,female,51.0,0,0,85.32,S,1,1,1,Adult,High,Middle,0,85.32,Single
2671,3,male,6.0,3,0,46.62,C,4,0,0,Child,Medium,Lower,1,11.655,Small Family
2672,2,male,23.0,0,2,43.72,S,3,0,1,Young Adult,Medium,Middle,0,14.573333333333332,Small Family
2673,3,male,14.0,1,0,31.07,S,2,0,0,Teen,Medium,Lower,1,15.535,Small Family
2674,1,male,35.0,0,0,243.31125,S,1,1,1,Young Adult,Very High,Upper,0,243.31125,Single
2675,3,male,16.0,0,3,36.86,S,4,0,0,Teen,Medium,Lower,0,9.215,Small Family
2676,2,male,36.0,0,0,78.84,S,1,1,0,Adult,Medium,Middle,0,78.84,Single
2677,2,male,28.0,0,0,117.49,S,1,1,0,Young Adult,High,Middle,0,117.49,Single
2678,1,male,24.0,0,0,151.7,Q,1,1,1,Young Adult,Very High,Upper,0,151.7,Single
2679,1,female,35.0,0,0,185.33,S,1,1,1,Young Adult,Very High,Upper,0,185.33,Single
2680,3,female,27.0,0,0,6.36,S,1,1,0,Young Adult,Low,Lower,0,6.36,Single
2681,2,male,16.0,0,0,40.24,S,1,1,1,Teen,Medium,Middle,0,40.24,Single
2682,3,male,62.375,0,0,58.07,S,1,1,0,Senior,Medium,Lower,0,58.07,Single
2683,1,male,24.0,0,0,144.36,S,1,1,1,Young Adult,High,Upper,0,144.36,Single
2684,2,male,1.0,0,0,115.0,S,1,1,1,Child,High,Middle,1,115.0,Single
2685,2,female,19.0,4,0,87.54,S,5,0,1,Teen,High,Middle,0,17.508000000000003,Large Family
2686,1,male,14.0,3,0,243.31125,C,4,0,1,Teen,Very High,Upper,1,60.8278125,Small Family
2687,1,male,41.0,0,0,243.31125,C,1,1,1,Adult,Very High,Upper,0,243.31125,Single
2688,2,female,34.0,4,2,116.29,S,7,0,1,Young Adult,High,Middle,0,16.612857142857145,Large Family
2689,2,female,35.0,1,0,66.21,S,2,0,1,Young Adult,Medium,Middle,0,33.105,Small Family
2690,2,male,25.0,0,0,51.95,S,1,1,0,Young Adult,Medium,Middle,0,51.95,Single
2691,3,female,26.0,0,1,11.73,S,2,0,1,Young Adult,Low,Lower,0,5.865,Small Family
2692,3,male,25.0,2,0,41.95,S,3,0,0,Young Adult,Medium,Lower,0,13.983333333333334,Small Family
2693,1,female,29.0,1,1,214.17,S,3,0,1,Young Adult,Very High,Upper,0,71.39,Small Family
2694,2,male,41.0,2,1,101.18,S,4,0,1,Adult,High,Middle,0,25.295,Small Family
2695,3,male,34.0,2,0,10.15,S,3,0,0,Young Adult,Low,Lower,0,3.3833333333333333,Small Family
2696,3,male,37.0,0,1,37.4,C,2,0,0,Adult,Medium,Lower,0,18.7,Small Family
2697,3,male,36.0,0,0,22.49,C,1,1,0,Adult,Low,Lower,0,22.49,Single
2698,2,male,41.0,0,1,114.49,S,2,0,1,Adult,High,Middle,0,57.245,Small Family
2699,3,female,34.0,0,0,49.0,S,1,1,0,Young Adult,Medium,Lower,0,49.0,Single
2700,3,female,35.0,0,0,59.92,S,1,1,1,Young Adult,Medium,Lower,0,59.92,Single
2701,3,male,45.0,0,2,19.16,Q,3,0,0,Adult,Low,Lower,0,6.386666666666667,Small Family
2702,3,male,21.0,0,0,8.4,C,1,1,0,Young Adult,Low,Lower,0,8.4,Single
2703,1,male,19.0,0,2,243.31125,C,3,0,1,Teen,Very High,Upper,0,81.10375,Small Family
2704,1,female,15.0,0,0,243.31125,S,1,1,1,Teen,Very High,Upper,1,243.31125,Single
2705,3,female,32.0,0,0,14.82,S,1,1,1,Young Adult,Low,Lower,0,14.82,Single
2706,3,female,6.0,0,0,37.85,S,1,1,1,Child,Medium,Lower,1,37.85,Single
2707,1,male,36.0,0,0,243.31125,C,1,1,1,Adult,Very High,Upper,0,243.31125,Single
2708,2,male,29.0,1,0,54.14,C,2,0,1,Young Adult,Medium,Middle,0,27.07,Small Family
2709,1,male,45.0,3,0,129.44,S,4,0,1,Adult,High,Upper,0,32.36,Small Family
2710,2,male,21.0,0,0,52.5,S,1,1,0,Young Adult,Medium,Middle,0,52.5,Single
2711,3,female,27.0,0,1,19.74,C,2,0,1,Young Adult,Low,Lower,0,9.87,Small Family
2712,3,female,45.0,2,0,52.96,S,3,0,1,Adult,Medium,Lower,0,17.653333333333332,Small Family
2713,2,female,48.0,0,1,115.54,C,2,0,1,Adult,High,Middle,0,57.77,Small Family
2714,2,male,21.0,1,0,73.0,S,2,0,0,Young Adult,Medium,Middle,0,36.5,Small Family
2715,1,female,32.0,0,0,243.31125,S,1,1,1,Young Adult,Very High,Upper,0,243.31125,Single
2716,2,male,34.0,2,0,110.82,S,3,0,1,Young Adult,High,Middle,0,36.94,Small Family
2717,3,female,35.0,3,2,53.34,S,6,0,1,Young Adult,Medium,Lower,0,8.89,Large Family
2718,3,male,27.0,1,0,20.28,S,2,0,0,Young Adult,Low,Lower,0,10.14,Small Family
2719,3,male,47.0,0,0,44.74,Q,1,1,0,Adult,Medium,Lower,0,44.74,Single
2720,1,male,5.0,2,1,139.85,Q,4,0,1,Child,High,Upper,1,34.9625,Small Family
2721,3,male,25.0,1,0,39.97,S,2,0,0,Young Adult,Medium,Lower,0,19.985,Small Family
2722,3,male,36.0,1,1,56.05,S,3,0,0,Adult,Medium,Lower,0,18.683333333333334,Small Family
2723,3,female,36.0,0,0,51.45,S,1,1,1,Adult,Medium,Lower,0,51.45,Single
2724,2,male,48.0,1,0,61.32,S,2,0,0,Adult,Medium,Middle,0,30.66,Small Family
2725,2,male,46.0,0,0,117.87,Q,1,1,1,Adult,High,Middle,0,117.87,Single
2726,2,female,26.0,0,0,80.17,S,1,1,1,Young Adult,High,Middle,0,80.17,Single
2727,1,female,47.0,0,1,140.36,S,2,0,1,Adult,High,Upper,0,70.18,Small Family
2728,1,male,21.0,0,1,139.21,Q,2,0,1,Young Adult,High,Upper,0,69.605,Small Family
2729,1,male,42.0,1,0,243.31125,S,2,0,1,Adult,Very High,Upper,0,121.655625,Small Family
2730,2,male,54.0,1,2,103.55,C,4,0,1,Adult,High,Middle,0,25.8875,Small Family
2731,3,male,46.0,0,0,47.24,S,1,1,0,Adult,Medium,Lower,0,47.24,Single
2732,2,female,31.0,1,0,71.18,Q,2,0,1,Young Adult,Medium,Middle,0,35.59,Small Family
2733,1,female,26.0,3,0,243.31125,C,4,0,1,Young Adult,Very High,Upper,0,60.8278125,Small Family
2734,3,male,10.0,0,0,53.06,Q,1,1,0,Child,Medium,Lower,1,53.06,Single
2735,3,female,34.0,0,0,35.02,Q,1,1,0,Young Adult,Medium,Lower,0,35.02,Single
2736,3,male,16.0,0,0,8.71,S,1,1,0,Teen,Low,Lower,0,8.71,Single
2737,3,male,20.0,0,0,32.94,S,1,1,0,Young Adult,Medium,Lower,0,32.94,Single
2738,3,female,15.0,0,1,48.43,S,2,0,1,Teen,Medium,Lower,1,24.215,Small Family
2739,3,male,24.0,0,1,34.09,C,2,0,0,Young Adult,Medium,Lower,0,17.045,Small Family
2740,1,female,30.0,0,0,243.31125,S,1,1,1,Young Adult,Very High,Upper,0,243.31125,Single
2741,2,male,34.0,4,0,54.94,Q,5,0,0,Young Adult,Medium,Middle,0,10.988,Large Family
2742,1,female,22.0,1,0,118.4,S,2,0,1,Young Adult,High,Upper,0,59.2,Small Family
2743,1,male,44.0,0,1,187.54,C,2,0,1,Adult,Very High,Upper,0,93.77,Small Family
2744,1,female,27.0,0,0,243.31125,S,1,1,1,Young Adult,Very High,Upper,0,243.31125,Single
2745,3,male,20.0,0,0,48.23,S,1,1,0,Young Adult,Medium,Lower,0,48.23,Single
2746,3,male,33.0,0,2,9.99,S,3,0,0,Young Adult,Low,Lower,0,3.33,Small Family
2747,3,female,56.0,0,0,36.98,S,1,1,0,Adult,Medium,Lower,0,36.98,Single
2748,1,male,34.0,0,0,108.03,S,1,1,1,Young Adult,High,Upper,0,108.03,Single
2749,3,female,25.0,0,0,12.65,S,1,1,0,Young Adult,Low,Lower,0,12.65,Single
2750,3,male,10.0,0,0,16.15,S,1,1,1,Child,Low,Lower,1,16.15,Single
2751,2,female,27.0,0,2,56.48,C,3,0,1,Young Adult,Medium,Middle,0,18.826666666666664,Small Family
2752,3,male,33.0,2,0,13.88,S,3,0,0,Young Adult,Low,Lower,0,4.626666666666667,Small Family
2753,2,female,25.0,0,0,51.9,S,1,1,1,Young Adult,Medium,Middle,0,51.9,Single
2754,2,male,8.0,0,0,94.92,Q,1,1,1,Child,High,Middle,1,94.92,Single
2755,3,female,19.0,0,0,7.67,C,1,1,1,Teen,Low,Lower,0,7.67,Single
2756,2,male,49.0,4,0,85.43,S,5,0,0,Adult,High,Middle,0,17.086000000000002,Large Family
2757,2,female,49.0,2,0,89.3,C,3,0,1,Adult,High,Middle,0,29.766666666666666,Small Family
2758,3,male,18.0,0,0,6.22,Q,1,1,0,Teen,Low,Lower,0,6.22,Single
2759,3,male,39.0,3,0,11.19,Q,4,0,0,Adult,Low,Lower,0,2.7975,Small Family
2760,1,female,15.0,0,0,154.52,C,1,1,1,Teen,Very High,Upper,1,154.52,Single
2761,1,male,48.0,4,0,153.53,S,5,0,1,Adult,Very High,Upper,0,30.706,Large Family
2762,1,female,33.0,0,3,121.31,S,4,0,1,Young Adult,High,Upper,0,30.3275,Small Family
2763,3,male,42.0,0,0,17.66,S,1,1,0,Adult,Low,Lower,0,17.66,Single
2764,2,male,8.0,1,2,72.58,S,4,0,1,Child,Medium,Middle,1,18.145,Small Family
2765,1,male,39.0,0,0,243.31125,S,1,1,1,Adult,Very High,Upper,0,243.31125,Single
2766,3,male,30.0,1,1,38.57,S,3,0,0,Young Adult,Medium,Lower,0,12.856666666666667,Small Family
2767,3,female,41.0,0,0,10.07,S,1,1,1,Adult,Low,Lower,0,10.07,Single
2768,1,female,42.0,1,0,243.31125,S,2,0,1,Adult,Very High,Upper,0,121.655625,Small Family
2769,3,female,31.0,0,0,47.53,S,1,1,1,Young Adult,Medium,Lower,0,47.53,Single
2770,3,male,22.0,0,0,17.31,S,1,1,0,Young Adult,Low,Lower,0,17.31,Single
2771,1,male,40.0,2,1,196.98,C,4,0,1,Adult,Very High,Upper,0,49.245,Small Family
2772,2,male,29.0,2,0,51.89,S,3,0,1,Young Adult,Medium,Middle,0,17.296666666666667,Small Family
2773,3,female,19.0,4,0,35.14,Q,5,0,1,Teen,Medium,Lower,0,7.0280000000000005,Large Family
2774,2,female,18.0,1,2,55.81,S,4,0,1,Teen,Medium,Middle,0,13.9525,Small Family
2775,3,female,11.0,1,0,39.01,S,2,0,1,Child,Medium,Lower,1,19.505,Small Family
2776,2,female,23.0,0,0,89.91,S,1,1,1,Young Adult,High,Middle,0,89.91,Single
2777,1,female,44.0,0,0,243.31125,S,1,1,1,Adult,Very High,Upper,0,243.31125,Single
2778,1,male,32.0,0,0,243.31125,S,1,1,0,Young Adult,Very High,Upper,0,243.31125,Single
2779,2,male,23.0,0,1,113.68,C,2,0,0,Young Adult,High,Middle,0,56.84,Small Family
2780,1,male,40.0,2,0,243.31125,C,3,0,1,Adult,Very High,Upper,0,81.10375,Small Family
2781,1,male,19.0,0,0,230.59,C,1,1,1,Teen,Very High,Upper,0,230.59,Single
2782,3,female,31.0,3,0,52.91,S,4,0,0,Young Adult,Medium,Lower,0,13.2275,Small Family
2783,3,male,28.0,0,0,6.34,S,1,1,0,Young Adult,Low,Lower,0,6.34,Single
2784,3,female,40.0,1,0,35.65,S,2,0,1,Adult,Medium,Lower,0,17.825,Small Family
2785,3,male,9.0,0,0,26.11,S,1,1,0,Child,Medium,Lower,1,26.11,Single
2786,1,male,19.0,0,0,231.8,S,1,1,1,Teen,Very High,Upper,0,231.8,Single
2787,3,female,9.0,3,1,24.81,S,5,0,1,Child,Low,Lower,1,4.962,Large Family
2788,1,male,27.0,0,0,224.17,Q,1,1,0,Young Adult,Very High,Upper,0,224.17,Single
2789,3,female,46.0,0,0,6.12,S,1,1,1,Adult,Low,Lower,0,6.12,Single
2790,3,male,23.0,0,0,27.32,C,1,1,0,Young Adult,Medium,Lower,0,27.32,Single
2791,3,male,23.0,0,2,50.72,S,3,0,0,Young Adult,Medium,Lower,0,16.906666666666666,Small Family
2792,3,female,41.0,0,0,18.76,S,1,1,1,Adult,Low,Lower,0,18.76,Single
2793,3,male,44.0,1,3,7.9,C,5,0,1,Adult,Low,Lower,0,1.58,Large Family
2794,2,male,29.0,0,2,109.79,S,3,0,1,Young Adult,High,Middle,0,36.59666666666667,Small Family
2795,2,male,39.0,0,1,87.26,S,2,0,0,Adult,High,Middle,0,43.63,Small Family
2796,3,female,16.0,0,0,8.53,S,1,1,1,Teen,Low,Lower,0,8.53,Single
2797,1,male,48.0,1,0,170.18,S,2,0,1,Adult,Very High,Upper,0,85.09,Small Family
2798,3,female,58.0,1,0,37.73,S,2,0,1,Adult,Medium,Lower,0,18.865,Small Family
2799,3,female,37.0,0,2,18.75,S,3,0,1,Adult,Low,Lower,0,6.25,Small Family
2800,1,female,3.0,0,1,243.31125,S,2,0,1,Child,Very High,Upper,1,121.655625,Small Family
2801,3,female,23.0,0,2,50.68,C,3,0,1,Young Adult,Medium,Lower,0,16.893333333333334,Small Family
2802,3,female,38.0,1,0,15.94,S,2,0,1,Adult,Low,Lower,0,7.97,Small Family
2803,3,male,25.0,1,0,44.56,S,2,0,0,Young Adult,Medium,Lower,0,22.28,Small Family
2804,3,female,47.0,2,0,32.75,S,3,0,1,Adult,Medium,Lower,0,10.916666666666666,Small Family
2805,3,female,38.0,0,0,54.77,C,1,1,0,Adult,Medium,Lower,0,54.77,Single
2806,3,female,21.0,0,0,58.51,S,1,1,1,Young Adult,Medium,Lower,0,58.51,Single
2807,3,male,30.0,0,0,31.67,S,1,1,0,Young Adult,Medium,Lower,0,31.67,Single
2808,1,male,18.0,0,2,199.69,S,3,0,0,Teen,Very High,Upper,0,66.56333333333333,Small Family
2809,2,female,28.0,0,0,95.47,C,1,1,1,Young Adult,High,Middle,0,95.47,Single
2810,3,female,23.0,0,1,22.53,S,2,0,1,Young Adult,Low,Lower,0,11.265,Small Family
2811,1,female,45.0,1,1,243.31125,S,3,0,1,Adult,Very High,Upper,0,81.10375,Small Family
2812,3,female,58.0,0,0,58.06,S,1,1,1,Adult,Medium,Lower,0,58.06,Single
2813,3,female,11.0,2,0,28.79,S,3,0,1,Child,Medium,Lower,1,9.596666666666666,Small Family
2814,1,male,5.0,0,0,243.31125,S,1,1,1,Child,Very High,Upper,1,243.31125,Single
2815,3,female,27.0,2,0,51.07,C,3,0,1,Young Adult,Medium,Lower,0,17.023333333333333,Small Family
2816,3,male,10.0,4,0,37.98,S,5,0,0,Child,Medium,Lower,1,7.595999999999999,Large Family
2817,2,female,31.0,2,0,79.07,S,3,0,1,Young Adult,Medium,Middle,0,26.356666666666666,Small Family
2818,1,male,40.0,1,3,129.97,S,5,0,1,Adult,High,Upper,0,25.994,Large Family
2819,1,male,49.0,1,0,217.83,S,2,0,1,Adult,Very High,Upper,0,108.915,Small Family
2820,2,male,33.0,0,1,119.72,S,2,0,1,Young Adult,High,Middle,0,59.86,Small Family
2821,3,female,27.0,0,1,56.34,S,2,0,1,Young Adult,Medium,Lower,0,28.17,Small Family
2822,1,male,4.0,1,0,136.11,C,2,0,1,Child,High,Upper,1,68.055,Small Family
2823,3,male,30.0,1,0,50.98,S,2,0,0,Young Adult,Medium,Lower,0,25.49,Small Family
2824,1,male,31.0,4,1,201.22,S,6,0,1,Young Adult,Very High,Upper,0,33.53666666666667,Large Family
2825,2,male,38.0,0,0,47.4,S,1,1,0,Adult,Medium,Middle,0,47.4,Single
2826,3,male,21.0,0,0,23.39,Q,1,1,0,Young Adult,Low,Lower,0,23.39,Single
2827,3,male,24.0,1,2,33.38,C,4,0,0,Young Adult,Medium,Lower,0,8.345,Small Family
2828,1,female,11.0,4,0,136.75,C,5,0,1,Child,High,Upper,1,27.35,Large Family
2829,2,male,1.0,0,0,74.13,S,1,1,0,Child,Medium,Middle,1,74.13,Single
2830,1,female,16.0,0,0,153.03,S,1,1,1,Teen,Very High,Upper,0,153.03,Single
2831,2,female,10.0,0,0,63.55,S,1,1,1,Child,Medium,Middle,1,63.55,Single
2832,3,male,34.0,0,2,58.69,S,3,0,0,Young Adult,Medium,Lower,0,19.563333333333333,Small Family
2833,1,female,23.0,0,1,243.31125,S,2,0,1,Young Adult,Very High,Upper,0,121.655625,Small Family
2834,2,male,23.0,0,0,87.77,C,1,1,1,Young Adult,High,Middle,0,87.77,Single
2835,2,female,17.0,2,3,107.62,S,6,0,1,Teen,High,Middle,0,17.936666666666667,Large Family
2836,3,male,1.0,0,1,29.29,S,2,0,0,Child,Medium,Lower,1,14.645,Small Family
2837,3,male,50.0,0,0,29.19,S,1,1,0,Adult,Medium,Lower,0,29.19,Single
2838,1,male,17.0,1,0,235.26,S,2,0,1,Teen,Very High,Upper,0,117.63,Small Family
2839,3,male,25.0,3,0,7.47,S,4,0,0,Young Adult,Low,Lower,0,1.8675,Small Family
2840,2,male,11.0,4,0,98.86,S,5,0,1,Child,High,Middle,1,19.772,Large Family
2841,2,male,43.0,0,0,61.92,S,1,1,1,Adult,Medium,Middle,0,61.92,Single
2842,3,male,32.0,3,0,49.11,Q,4,0,0,Young Adult,Medium,Lower,0,12.2775,Small Family
2843,3,female,19.0,0,0,43.02,Q,1,1,1,Teen,Medium,Lower,0,43.02,Single
2844,3,male,25.0,1,1,24.4,S,3,0,0,Young Adult,Low,Lower,0,8.133333333333333,Small Family
2845,3,male,52.0,1,1,40.59,S,3,0,0,Adult,Medium,Lower,0,13.530000000000001,Small Family
2846,2,male,29.0,0,0,116.28,S,1,1,0,Young Adult,High,Middle,0,116.28,Single
2847,3,male,28.0,0,2,19.59,S,3,0,0,Young Adult,Low,Lower,0,6.53,Small Family
2848,2,male,18.0,0,0,98.13,C,1,1,0,Teen,High,Middle,0,98.13,Single
2849,3,female,5.0,2,0,48.84,S,3,0,1,Child,Medium,Lower,1,16.28,Small Family
2850,2,female,28.0,0,0,45.91,S,1,1,1,Young Adult,Medium,Middle,0,45.91,Single
2851,3,female,34.0,1,1,35.95,S,3,0,1,Young Adult,Medium,Lower,0,11.983333333333334,Small Family
2852,1,male,44.0,0,2,174.99,S,3,0,1,Adult,Very High,Upper,0,58.330000000000005,Small Family
2853,1,male,1.0,0,1,114.04,S,2,0,1,Child,High,Upper,1,57.02,Small Family
2854,3,female,15.0,4,2,17.95,S,7,0,1,Teen,Low,Lower,1,2.564285714285714,Large Family
2855,1,male,22.0,1,0,152.23,C,2,0,1,Young Adult,Very High,Upper,0,76.115,Small Family
2856,3,male,30.0,3,1,33.97,S,5,0,0,Young Adult,Medium,Lower,0,6.794,Large Family
2857,1,male,28.0,0,0,202.8,S,1,1,1,Young Adult,Very High,Upper,0,202.8,Single
2858,1,female,28.0,0,0,187.81,Q,1,1,1,Young Adult,Very High,Upper,0,187.81,Single
2859,1,female,35.0,0,0,234.38,S,1,1,1,Young Adult,Very High,Upper,0,234.38,Single
2860,1,female,18.0,0,1,243.31125,Q,2,0,1,Teen,Very High,Upper,0,121.655625,Small Family
2861,3,female,42.0,0,0,11.32,S,1,1,0,Adult,Low,Lower,0,11.32,Single
2862,2,female,36.0,1,0,53.68,Q,2,0,1,Adult,Medium,Middle,0,26.84,Small Family
2863,3,female,26.0,0,0,21.81,S,1,1,0,Young Adult,Low,Lower,0,21.81,Single
2864,3,male,51.0,0,0,46.07,S,1,1,0,Adult,Medium,Lower,0,46.07,Single
2865,2,female,50.0,0,0,72.37,C,1,1,1,Adult,Medium,Middle,0,72.37,Single
2866,3,male,42.0,0,0,15.13,C,1,1,0,Adult,Low,Lower,0,15.13,Single
2867,3,female,1.0,1,0,37.88,S,2,0,1,Child,Medium,Lower,1,18.94,Small Family
2868,3,female,51.0,0,2,43.95,S,3,0,1,Adult,Medium,Lower,0,14.65,Small Family
2869,2,female,40.0,0,1,70.25,Q,2,0,1,Adult,Medium,Middle,0,35.125,Small Family
2870,2,female,56.0,0,0,63.39,S,1,1,1,Adult,Medium,Middle,0,63.39,Single
2871,3,male,46.0,2,2,42.34,S,5,0,0,Adult,Medium,Lower,0,8.468,Large Family
2872,3,female,51.0,3,0,38.6,S,4,0,1,Adult,Medium,Lower,0,9.65,Small Family
2873,3,male,41.0,1,0,9.29,S,2,0,0,Adult,Low,Lower,0,4.645,Small Family
2874,2,male,48.0,0,0,71.48,S,1,1,0,Adult,Medium,Middle,0,71.48,Single
2875,3,male,56.0,0,0,31.87,C,1,1,0,Adult,Medium,Lower,0,31.87,Single
2876,2,male,33.0,1,0,62.88,C,2,0,1,Young Adult,Medium,Middle,0,31.44,Small Family
2877,2,male,10.0,4,0,119.88,Q,5,0,1,Child,High,Middle,1,23.976,Large Family
2878,1,male,26.0,4,0,243.31125,S,5,0,1,Young Adult,Very High,Upper,0,48.66225,Large Family
2879,3,male,35.0,2,0,34.88,S,3,0,0,Young Adult,Medium,Lower,0,11.626666666666667,Small Family
2880,1,female,31.0,0,1,179.03,S,2,0,1,Young Adult,Very High,Upper,0,89.515,Small Family
2881,2,female,14.0,3,0,107.16,S,4,0,1,Teen,High,Middle,1,26.79,Small Family
2882,3,male,9.0,1,1,46.03,S,3,0,0,Child,Medium,Lower,1,15.343333333333334,Small Family
2883,1,male,20.0,1,0,193.36,S,2,0,1,Young Adult,Very High,Upper,0,96.68,Small Family
2884,1,male,41.0,0,2,243.31125,S,3,0,1,Adult,Very High,Upper,0,81.10375,Small Family
2885,1,female,51.0,0,0,108.72,S,1,1,1,Adult,High,Upper,0,108.72,Single
2886,3,male,42.0,0,2,45.09,S,3,0,0,Adult,Medium,Lower,0,15.030000000000001,Small Family
2887,3,female,44.0,0,1,30.38,Q,2,0,1,Adult,Medium,Lower,0,15.19,Small Family
2888,2,male,29.0,0,0,67.33,C,1,1,0,Young Adult,Medium,Middle,0,67.33,Single
2889,3,female,7.0,2,0,17.9,C,3,0,1,Child,Low,Lower,1,5.966666666666666,Small Family
2890,3,male,24.0,0,0,6.42,C,1,1,0,Young Adult,Low,Lower,0,6.42,Single
2891,2,female,27.0,0,2,72.89,S,3,0,1,Young Adult,Medium,Middle,0,24.296666666666667,Small Family
2892,3,male,24.0,0,0,22.92,C,1,1,0,Young Adult,Low,Lower,0,22.92,Single
2893,3,male,31.0,0,0,59.31,C,1,1,0,Young Adult,Medium,Lower,0,59.31,Single
2894,3,male,36.0,4,0,52.77,S,5,0,0,Adult,Medium,Lower,0,10.554,Large Family
2895,1,male,41.0,0,0,159.69,C,1,1,1,Adult,Very High,Upper,0,159.69,Single
2896,3,male,26.0,0,0,32.56,S,1,1,0,Young Adult,Medium,Lower,0,32.56,Single
2897,3,male,5.0,2,2,49.39,S,5,0,0,Child,Medium,Lower,1,9.878,Large Family
2898,2,male,24.0,2,0,50.7,S,3,0,0,Young Adult,Medium,Middle,0,16.900000000000002,Small Family
2899,2,female,31.0,0,3,80.79,S,4,0,1,Young Adult,High,Middle,0,20.1975,Small Family
2900,1,male,46.0,1,0,174.57,S,2,0,1,Adult,Very High,Upper,0,87.285,Small Family
2901,1,male,23.0,1,0,223.3,S,2,0,1,Young Adult,Very High,Upper,0,111.65,Small Family
2902,3,female,37.0,1,0,8.99,S,2,0,1,Adult,Low,Lower,0,4.495,Small Family
2903,1,female,34.0,0,1,223.74,S,2,0,1,Young Adult,Very High,Upper,0,111.87,Small Family
2904,2,male,31.0,4,0,75.81,Q,5,0,1,Young Adult,Medium,Middle,0,15.162,Large Family
2905,3,female,42.0,0,0,44.49,C,1,1,1,Adult,Medium,Lower,0,44.49,Single
2906,1,male,21.0,0,0,242.01,C,1,1,1,Young Adult,Very High,Upper,0,242.01,Single
2907,3,female,23.0,0,0,13.92,S,1,1,0,Young Adult,Low,Lower,0,13.92,Single
2908,1,male,30.0,0,1,243.31125,S,2,0,1,Young Adult,Very High,Upper,0,121.655625,Small Family
2909,2,male,22.0,3,0,78.8,S,4,0,1,Young Adult,Medium,Middle,0,19.7,Small Family
2910,2,male,37.0,0,0,56.52,S,1,1,1,Adult,Medium,Middle,0,56.52,Single
2911,1,male,21.0,0,0,243.31125,S,1,1,1,Young Adult,Very High,Upper,0,243.31125,Single
2912,1,male,33.0,0,0,243.31125,S,1,1,1,Young Adult,Very High,Upper,0,243.31125,Single
2913,3,male,29.0,0,0,10.71,S,1,1,0,Young Adult,Low,Lower,0,10.71,Single
2914,3,female,33.0,3,0,6.51,S,4,0,1,Young Adult,Low,Lower,0,1.6275,Small Family
2915,1,female,24.0,0,0,243.31125,S,1,1,1,Young Adult,Very High,Upper,0,243.31125,Single
2916,3,female,26.0,1,0,57.61,S,2,0,1,Young Adult,Medium,Lower,0,28.805,Small Family
2917,3,male,31.0,1,0,28.23,C,2,0,0,Young Adult,Medium,Lower,0,14.115,Small Family
2918,3,female,33.0,1,0,7.78,S,2,0,1,Young Adult,Low,Lower,0,3.89,Small Family
2919,2,female,30.0,1,0,92.23,C,2,0,1,Young Adult,High,Middle,0,46.115,Small Family
2920,2,male,52.0,0,0,49.49,S,1,1,1,Adult,Medium,Middle,0,49.49,Single
2921,2,male,17.0,2,0,63.34,C,3,0,1,Teen,Medium,Middle,0,21.113333333333333,Small Family
2922,3,male,29.0,1,0,48.71,S,2,0,0,Young Adult,Medium,Lower,0,24.355,Small Family
2923,3,female,10.0,1,1,40.73,S,3,0,1,Child,Medium,Lower,1,13.576666666666666,Small Family
2924,1,female,35.0,4,0,243.31125,S,5,0,1,Young Adult,Very High,Upper,0,48.66225,Large Family
2925,2,male,16.0,1,0,103.91,Q,2,0,1,Teen,High,Middle,0,51.955,Small Family
2926,3,female,26.0,2,0,20.9,S,3,0,1,Young Adult,Low,Lower,0,6.966666666666666,Small Family
2927,3,male,25.0,3,0,7.07,S,4,0,0,Young Adult,Low,Lower,0,1.7675,Small Family
2928,3,male,34.0,0,1,32.96,S,2,0,0,Young Adult,Medium,Lower,0,16.48,Small Family
2929,3,male,23.0,0,0,31.88,S,1,1,0,Young Adult,Medium,Lower,0,31.88,Single
2930,2,female,22.0,0,0,91.86,S,1,1,1,Young Adult,High,Middle,0,91.86,Single
2931,3,male,49.0,0,0,52.61,C,1,1,0,Adult,Medium,Lower,0,52.61,Single
2932,3,male,34.0,2,1,24.5,S,4,0,0,Young Adult,Low,Lower,0,6.125,Small Family
2933,1,male,23.0,1,2,194.64,S,4,0,1,Young Adult,Very High,Upper,0,48.66,Small Family
2934,3,female,27.0,1,0,30.87,S,2,0,1,Young Adult,Medium,Lower,0,15.435,Small Family
2935,3,female,51.0,4,1,22.83,S,6,0,1,Adult,Low,Lower,0,3.8049999999999997,Large Family
2936,1,female,27.0,0,0,223.17,S,1,1,1,Young Adult,Very High,Upper,0,223.17,Single
2937,3,male,21.0,1,0,33.72,S,2,0,0,Young Adult,Medium,Lower,0,16.86,Small Family
2938,3,male,21.0,0,0,55.27,S,1,1,0,Young Adult,Medium,Lower,0,55.27,Single
2939,3,female,23.0,0,0,40.77,C,1,1,1,Young Adult,Medium,Lower,0,40.77,Single
2940,1,male,22.0,0,0,243.31125,S,1,1,1,Young Adult,Very High,Upper,0,243.31125,Single
2941,2,female,13.0,2,1,46.3,S,4,0,1,Teen,Medium,Middle,1,11.575,Small Family
2942,3,male,15.0,0,0,25.48,C,1,1,0,Teen,Medium,Lower,1,25.48,Single
2943,2,male,19.0,2,0,46.87,S,3,0,0,Teen,Medium,Middle,0,15.623333333333333,Small Family
2944,3,female,38.0,0,0,27.39,S,1,1,1,Adult,Medium,Lower,0,27.39,Single
2945,3,male,25.0,0,0,15.1,S,1,1,0,Young Adult,Low,Lower,0,15.1,Single
2946,1,female,27.0,0,0,191.41,S,1,1,1,Young Adult,Very High,Upper,0,191.41,Single
2947,3,male,47.0,0,0,13.01,S,1,1,0,Adult,Low,Lower,0,13.01,Single
2948,3,male,47.0,4,0,40.9,S,5,0,0,Adult,Medium,Lower,0,8.18,Large Family
2949,2,male,26.0,0,0,54.0,S,1,1,0,Young Adult,Medium,Middle,0,54.0,Single
2950,3,female,22.0,4,0,27.38,C,5,0,1,Young Adult,Medium,Lower,0,5.476,Large Family
2951,3,male,19.0,4,0,22.01,S,5,0,0,Teen,Low,Lower,0,4.402,Large Family
2952,3,female,39.0,4,0,26.01,Q,5,0,0,Adult,Medium,Lower,0,5.202,Large Family
2953,3,male,27.0,0,0,32.39,C,1,1,0,Young Adult,Medium,Lower,0,32.39,Single
2954,2,female,25.0,3,0,40.1,S,4,0,1,Young Adult,Medium,Middle,0,10.025,Small Family
2955,3,male,19.0,0,0,37.09,C,1,1,0,Teen,Medium,Lower,0,37.09,Single
2956,3,male,20.0,0,0,39.69,S,1,1,0,Young Adult,Medium,Lower,0,39.69,Single
2957,3,male,34.0,0,1,51.45,S,2,0,0,Young Adult,Medium,Lower,0,25.725,Small Family
2958,3,male,13.0,3,2,53.77,Q,6,0,0,Teen,Medium,Lower,1,8.961666666666668,Large Family
2959,2,female,43.0,0,1,107.38,S,2,0,1,Adult,High,Middle,0,53.69,Small Family
2960,3,female,23.0,0,0,9.34,S,1,1,0,Young Adult,Low,Lower,0,9.34,Single
2961,1,male,28.0,0,0,243.31125,S,1,1,1,Young Adult,Very High,Upper,0,243.31125,Single
2962,2,female,13.0,0,0,69.75,S,1,1,1,Teen,Medium,Middle,1,69.75,Single
2963,2,female,30.0,0,0,112.55,S,1,1,1,Young Adult,High,Middle,0,112.55,Single
2964,3,male,26.0,2,0,33.46,S,3,0,0,Young Adult,Medium,Lower,0,11.153333333333334,Small Family
2965,3,male,29.0,0,1,18.78,C,2,0,0,Young Adult,Low,Lower,0,9.39,Small Family
2966,3,female,49.0,2,0,46.6,S,3,0,1,Adult,Medium,Lower,0,15.533333333333333,Small Family
2967,3,female,32.0,1,0,53.28,C,2,0,1,Young Adult,Medium,Lower,0,26.64,Small Family
2968,3,female,20.0,4,0,41.59,S,5,0,1,Young Adult,Medium,Lower,0,8.318000000000001,Large Family
2969,3,male,21.0,0,0,39.6,S,1,1,0,Young Adult,Medium,Lower,0,39.6,Single
2970,2,male,38.0,1,0,109.32,S,2,0,1,Adult,High,Middle,0,54.66,Small Family
2971,2,male,47.0,0,0,84.14,C,1,1,0,Adult,High,Middle,0,84.14,Single
2972,1,male,34.0,0,0,243.31125,C,1,1,0,Young Adult,Very High,Upper,0,243.31125,Single
2973,3,female,39.0,2,1,5.93,S,4,0,1,Adult,Low,Lower,0,1.4825,Small Family
2974,3,male,38.0,1,0,40.27,S,2,0,1,Adult,Medium,Lower,0,20.135,Small Family
2975,2,male,48.0,1,1,73.0,C,3,0,0,Adult,Medium,Middle,0,24.333333333333332,Small Family
2976,1,female,5.0,1,0,112.44,S,2,0,1,Child,High,Upper,1,56.22,Small Family
2977,3,male,39.0,0,0,9.19,S,1,1,0,Adult,Low,Lower,0,9.19,Single
2978,1,male,43.0,1,0,129.11,S,2,0,1,Adult,High,Upper,0,64.555,Small Family
2979,3,male,13.0,0,2,12.8,C,3,0,0,Teen,Low,Lower,1,4.266666666666667,Small Family
2980,3,male,18.0,0,0,25.39,S,1,1,0,Teen,Medium,Lower,0,25.39,Single
2981,2,female,19.0,1,0,81.71,S,2,0,1,Teen,High,Middle,0,40.855,Small Family
2982,1,female,21.0,4,0,243.31125,S,5,0,1,Young Adult,Very High,Upper,0,48.66225,Large Family
2983,3,male,24.0,0,0,52.43,S,1,1,0,Young Adult,Medium,Lower,0,52.43,Single
2984,3,female,33.0,0,0,34.17,S,1,1,1,Young Adult,Medium,Lower,0,34.17,Single
2985,3,male,41.0,0,1,31.17,C,2,0,1,Adult,Medium,Lower,0,15.585,Small Family
2986,3,male,44.0,0,0,51.66,C,1,1,0,Adult,Medium,Lower,0,51.66,Single
2987,1,male,19.0,2,0,243.31125,S,3,0,1,Teen,Very High,Upper,0,81.10375,Small Family
2988,3,male,19.0,2,2,36.83,S,5,0,0,Teen,Medium,Lower,0,7.366,Large Family
2989,3,male,47.0,1,1,28.87,Q,3,0,0,Adult,Medium,Lower,0,9.623333333333333,Small Family
2990,3,male,38.0,2,0,25.5,S,3,0,0,Adult,Medium,Lower,0,8.5,Small Family
2991,1,male,31.0,0,0,243.31125,S,1,1,1,Young Adult,Very High,Upper,0,243.31125,Single
2992,3,female,36.0,0,0,25.07,Q,1,1,1,Adult,Medium,Lower,0,25.07,Single
2993,3,female,30.0,0,1,23.9,C,2,0,1,Young Adult,Low,Lower,0,11.95,Small Family
2994,2,female,37.0,2,1,66.95,S,4,0,1,Adult,Medium,Middle,0,16.7375,Small Family
2995,1,female,26.0,1,1,114.88,S,3,0,1,Young Adult,High,Upper,0,38.29333333333333,Small Family
2996,3,female,33.0,1,0,19.1,S,2,0,1,Young Adult,Low,Lower,0,9.55,Small Family
2997,1,female,10.0,0,0,127.48,Q,1,1,1,Child,High,Upper,1,127.48,Single
2998,2,male,21.0,0,0,73.38,C,1,1,0,Young Adult,Medium,Middle,0,73.38,Single
2999,2,male,21.0,3,0,60.77,S,4,0,0,Young Adult,Medium,Middle,0,15.1925,Small Family
3000,3,female,25.0,0,1,48.33,C,2,0,1,Young Adult,Medium,Lower,0,24.165,Small Family
3001,3,male,18.0,1,0,51.32,C,2,0,0,Teen,Medium,Lower,0,25.66,Small Family
3002,3,male,23.0,0,0,52.25,S,1,1,0,Young Adult,Medium,Lower,0,52.25,Single
3003,2,female,10.0,0,1,61.3,S,2,0,1,Child,Medium,Middle,1,30.65,Small Family
3004,3,male,37.0,1,0,17.93,S,2,0,0,Adult,Low,Lower,0,8.965,Small Family
3005,3,male,29.0,0,0,30.21,C,1,1,0,Young Adult,Medium,Lower,0,30.21,Single
3006,3,female,8.0,1,1,26.19,S,3,0,1,Child,Medium,Lower,1,8.73,Small Family
3007,3,male,19.0,1,2,26.0,S,4,0,0,Teen,Medium,Lower,0,6.5,Small Family
3008,1,female,34.0,0,1,173.24,S,2,0,1,Young Adult,Very High,Upper,0,86.62,Small Family
3009,3,male,23.0,1,0,27.1,S,2,0,0,Young Adult,Medium,Lower,0,13.55,Small Family
3010,1,female,21.0,0,0,243.31125,S,1,1,1,Young Adult,Very High,Upper,0,243.31125,Single
3011,3,male,29.0,0,0,26.03,S,1,1,0,Young Adult,Medium,Lower,0,26.03,Single
3012,2,male,34.0,1,1,65.1,S,3,0,0,Young Adult,Medium,Middle,0,21.7,Small Family
3013,2,male,11.0,0,0,93.53,S,1,1,1,Child,High,Middle,1,93.53,Single
3014,2,female,37.0,0,1,56.21,S,2,0,1,Adult,Medium,Middle,0,28.105,Small Family
3015,3,male,20.0,2,0,38.06,S,3,0,0,Young Adult,Medium,Lower,0,12.686666666666667,Small Family
3016,2,male,30.0,0,0,63.08,S,1,1,1,Young Adult,Medium,Middle,0,63.08,Single
3017,3,male,30.0,2,1,50.8,S,4,0,0,Young Adult,Medium,Lower,0,12.7,Small Family
3018,2,male,23.0,2,1,57.44,S,4,0,0,Young Adult,Medium,Middle,0,14.36,Small Family
3019,1,male,17.0,0,0,183.85,S,1,1,1,Teen,Very High,Upper,0,183.85,Single
3020,3,male,26.0,0,2,42.07,S,3,0,0,Young Adult,Medium,Lower,0,14.023333333333333,Small Family
3021,2,male,51.0,0,3,63.58,C,4,0,0,Adult,Medium,Middle,0,15.895,Small Family
3022,2,male,12.0,0,2,108.77,S,3,0,1,Child,High,Middle,1,36.25666666666667,Small Family
3023,3,male,52.0,2,1,17.65,S,4,0,0,Adult,Low,Lower,0,4.4125,Small Family
3024,2,male,27.0,1,1,110.02,S,3,0,0,Young Adult,High,Middle,0,36.67333333333333,Small Family
3025,1,female,30.0,0,0,179.02,S,1,1,1,Young Adult,Very High,Upper,0,179.02,Single
3026,2,male,16.0,1,0,76.45,S,2,0,0,Teen,Medium,Middle,0,38.225,Small Family
3027,3,male,20.0,4,0,39.59,S,5,0,0,Young Adult,Medium,Lower,0,7.918000000000001,Large Family
3028,3,female,23.0,0,0,21.06,S,1,1,1,Young Adult,Low,Lower,0,21.06,Single
3029,3,male,16.0,1,0,16.87,Q,2,0,0,Teen,Low,Lower,0,8.435,Small Family
3030,3,male,27.0,1,0,44.42,S,2,0,0,Young Adult,Medium,Lower,0,22.21,Small Family
3031,1,female,25.0,0,0,202.7,S,1,1,1,Young Adult,Very High,Upper,0,202.7,Single
3032,2,male,54.0,0,2,65.33,Q,3,0,0,Adult,Medium,Middle,0,21.776666666666667,Small Family
3033,3,female,15.0,1,1,38.79,S,3,0,1,Teen,Medium,Lower,1,12.93,Small Family
3034,1,female,31.0,0,0,227.47,S,1,1,1,Young Adult,Very High,Upper,0,227.47,Single
3035,2,male,33.0,0,0,46.36,S,1,1,0,Young Adult,Medium,Middle,0,46.36,Single
3036,2,female,16.0,1,1,62.11,S,3,0,1,Teen,Medium,Middle,0,20.703333333333333,Small Family
3037,2,female,39.0,1,1,64.34,S,3,0,1,Adult,Medium,Middle,0,21.44666666666667,Small Family
3038,3,male,25.0,0,2,6.12,S,3,0,1,Young Adult,Low,Lower,0,2.04,Small Family
3039,1,female,1.0,0,3,171.38,S,4,0,1,Child,Very High,Upper,1,42.845,Small Family
3040,3,male,39.0,0,2,12.17,C,3,0,0,Adult,Low,Lower,0,4.056666666666667,Small Family
3041,1,male,15.0,0,0,168.56,S,1,1,1,Teen,Very High,Upper,1,168.56,Single
3042,3,female,16.0,0,0,38.45,Q,1,1,1,Teen,Medium,Lower,0,38.45,Single
3043,1,female,39.0,0,1,100.73,S,2,0,1,Adult,High,Upper,0,50.365,Small Family
3044,2,male,25.0,0,0,85.74,S,1,1,0,Young Adult,High,Middle,0,85.74,Single
3045,3,male,42.0,0,1,38.57,Q,2,0,0,Adult,Medium,Lower,0,19.285,Small Family
3046,3,female,46.0,0,0,21.25,C,1,1,1,Adult,Low,Lower,0,21.25,Single
3047,2,male,22.0,0,1,66.32,C,2,0,0,Young Adult,Medium,Middle,0,33.16,Small Family
3048,2,female,40.0,0,0,69.36,S,1,1,1,Adult,Medium,Middle,0,69.36,Single
3049,2,male,20.0,0,0,73.64,C,1,1,1,Young Adult,Medium,Middle,0,73.64,Single
3050,2,female,59.0,2,0,65.82,S,3,0,1,Adult,Medium,Middle,0,21.939999999999998,Small Family
3051,1,female,21.0,0,2,100.82,C,3,0,1,Young Adult,High,Upper,0,33.60666666666666,Small Family
3052,2,female,43.0,1,0,71.09,Q,2,0,1,Adult,Medium,Middle,0,35.545,Small Family
3053,2,male,41.0,3,2,60.75,S,6,0,0,Adult,Medium,Middle,0,10.125,Large Family
3054,2,male,34.0,0,1,112.36,S,2,0,1,Young Adult,High,Middle,0,56.18,Small Family
3055,3,male,21.0,2,1,52.26,C,4,0,0,Young Adult,Medium,Lower,0,13.065,Small Family
3056,3,male,28.0,0,1,20.08,S,2,0,0,Young Adult,Low,Lower,0,10.04,Small Family
3057,3,female,2.0,0,0,32.67,S,1,1,1,Child,Medium,Lower,1,32.67,Single
3058,1,female,33.0,0,0,243.31125,S,1,1,1,Young Adult,Very High,Upper,0,243.31125,Single
3059,1,male,35.0,0,0,112.63,S,1,1,1,Young Adult,High,Upper,0,112.63,Single
3060,3,male,32.0,0,1,45.97,S,2,0,0,Young Adult,Medium,Lower,0,22.985,Small Family
3061,2,male,1.0,0,1,98.98,S,2,0,1,Child,High,Middle,1,49.49,Small Family
3062,1,female,14.0,1,0,105.38,S,2,0,1,Teen,High,Upper,1,52.69,Small Family
3063,3,male,20.0,3,0,37.3,S,4,0,0,Young Adult,Medium,Lower,0,9.325,Small Family
3064,3,female,34.0,0,0,5.74,S,1,1,1,Young Adult,Low,Lower,0,5.74,Single
3065,3,male,34.0,0,0,29.0,S,1,1,0,Young Adult,Medium,Lower,0,29.0,Single
3066,2,female,28.0,0,0,80.49,C,1,1,1,Young Adult,High,Middle,0,80.49,Single
3067,1,male,38.0,0,0,151.31,S,1,1,1,Adult,Very High,Upper,0,151.31,Single
3068,3,female,17.0,1,0,5.21,C,2,0,1,Teen,Low,Lower,0,2.605,Small Family
3069,2,male,38.0,0,0,51.08,C,1,1,0,Adult,Medium,Middle,0,51.08,Single
3070,3,male,36.0,0,0,33.43,S,1,1,0,Adult,Medium,Lower,0,33.43,Single
3071,3,male,35.0,1,0,36.49,S,2,0,0,Young Adult,Medium,Lower,0,18.245,Small Family
3072,3,male,28.0,2,0,41.64,C,3,0,0,Young Adult,Medium,Lower,0,13.88,Small Family
3073,2,male,54.0,0,0,42.41,S,1,1,0,Adult,Medium,Middle,0,42.41,Single
3074,2,male,36.0,0,0,87.42,S,1,1,1,Adult,High,Middle,0,87.42,Single
3075,3,male,17.0,0,0,46.92,S,1,1,0,Teen,Medium,Lower,0,46.92,Single
3076,3,female,33.0,0,0,29.68,S,1,1,1,Young Adult,Medium,Lower,0,29.68,Single
3077,3,male,40.0,0,0,25.42,S,1,1,0,Adult,Medium,Lower,0,25.42,Single
3078,1,male,22.0,0,1,182.29,S,2,0,1,Young Adult,Very High,Upper,0,91.145,Small Family
3079,1,female,44.0,3,0,243.31125,S,4,0,1,Adult,Very High,Upper,0,60.8278125,Small Family
3080,3,male,35.0,0,0,12.58,S,1,1,0,Young Adult,Low,Lower,0,12.58,Single
3081,3,female,1.0,0,0,34.85,Q,1,1,1,Child,Medium,Lower,1,34.85,Single
3082,3,female,34.0,0,0,42.6,S,1,1,1,Young Adult,Medium,Lower,0,42.6,Single
3083,1,female,25.0,0,1,206.27,S,2,0,1,Young Adult,Very High,Upper,0,103.135,Small Family
3084,3,female,37.0,1,0,56.13,C,2,0,1,Adult,Medium,Lower,0,28.065,Small Family
3085,3,male,42.0,0,0,33.61,S,1,1,0,Adult,Medium,Lower,0,33.61,Single
3086,3,male,33.0,0,0,40.5,S,1,1,0,Young Adult,Medium,Lower,0,40.5,Single
3087,2,male,52.0,0,0,42.16,C,1,1,0,Adult,Medium,Middle,0,42.16,Single
3088,1,male,28.0,0,0,243.31125,C,1,1,0,Young Adult,Very High,Upper,0,243.31125,Single
3089,3,female,38.0,0,0,11.66,S,1,1,1,Adult,Low,Lower,0,11.66,Single
3090,2,male,40.0,0,0,88.05,S,1,1,0,Adult,High,Middle,0,88.05,Single
3091,2,male,29.0,0,0,108.74,S,1,1,1,Young Adult,High,Middle,0,108.74,Single
3092,3,male,40.0,0,0,50.85,S,1,1,0,Adult,Medium,Lower,0,50.85,Single
3093,2,male,22.0,0,1,48.42,S,2,0,0,Young Adult,Medium,Middle,0,24.21,Small Family
3094,3,male,25.0,1,0,18.45,S,2,0,0,Young Adult,Low,Lower,0,9.225,Small Family
3095,1,male,13.0,1,0,217.06,S,2,0,0,Teen,Very High,Upper,1,108.53,Small Family
3096,3,male,33.0,1,0,39.21,S,2,0,0,Young Adult,Medium,Lower,0,19.605,Small Family
3097,3,female,34.0,2,0,28.11,S,3,0,1,Young Adult,Medium,Lower,0,9.37,Small Family
3098,1,female,45.0,0,1,184.58,Q,2,0,1,Adult,Very High,Upper,0,92.29,Small Family
3099,1,male,40.0,2,0,137.68,C,3,0,1,Adult,High,Upper,0,45.89333333333334,Small Family
3100,2,male,26.0,0,0,103.35,C,1,1,0,Young Adult,High,Middle,0,103.35,Single
3101,1,male,15.0,0,0,243.31125,S,1,1,0,Teen,Very High,Upper,1,243.31125,Single
3102,3,male,36.0,0,1,47.78,S,2,0,0,Adult,Medium,Lower,0,23.89,Small Family
3103,3,male,44.0,0,0,15.7,C,1,1,0,Adult,Low,Lower,0,15.7,Single
3104,2,female,40.0,4,1,89.19,S,6,0,1,Adult,High,Middle,0,14.865,Large Family
3105,2,male,44.0,0,1,58.73,S,2,0,0,Adult,Medium,Middle,0,29.365,Small Family
3106,2,male,27.0,0,0,81.93,S,1,1,0,Young Adult,High,Middle,0,81.93,Single
3107,3,female,24.0,0,2,12.34,S,3,0,1,Young Adult,Low,Lower,0,4.113333333333333,Small Family
3108,1,male,20.0,0,0,243.31125,Q,1,1,1,Young Adult,Very High,Upper,0,243.31125,Single
3109,3,male,29.0,0,1,7.03,S,2,0,0,Young Adult,Low,Lower,0,3.515,Small Family
3110,3,male,29.0,0,1,7.25,S,2,0,0,Young Adult,Low,Lower,0,3.625,Small Family
3111,3,male,33.0,0,0,41.18,S,1,1,0,Young Adult,Medium,Lower,0,41.18,Single
3112,1,female,28.0,2,0,243.31125,S,3,0,1,Young Adult,Very High,Upper,0,81.10375,Small Family
3113,3,male,28.0,0,2,47.76,S,3,0,0,Young Adult,Medium,Lower,0,15.92,Small Family
3114,1,male,20.0,0,0,153.65,C,1,1,1,Young Adult,Very High,Upper,0,153.65,Single
3115,1,male,42.0,1,0,236.78,S,2,0,1,Adult,Very High,Upper,0,118.39,Small Family
3116,3,female,31.0,4,0,7.48,C,5,0,1,Young Adult,Low,Lower,0,1.496,Large Family
3117,3,male,28.0,0,1,13.68,S,2,0,0,Young Adult,Low,Lower,0,6.84,Small Family
3118,1,female,20.0,0,2,115.01,S,3,0,1,Young Adult,High,Upper,0,38.336666666666666,Small Family
3119,1,female,13.0,4,0,243.31125,C,5,0,1,Teen,Very High,Upper,1,48.66225,Large Family
3120,1,male,47.0,0,1,243.31125,C,2,0,1,Adult,Very High,Upper,0,121.655625,Small Family
3121,2,female,37.0,0,0,52.43,Q,1,1,1,Adult,Medium,Middle,0,52.43,Single
3122,1,male,9.0,0,2,207.21,S,3,0,1,Child,Very High,Upper,1,69.07000000000001,Small Family
3123,1,female,40.0,3,0,243.31125,S,4,0,1,Adult,Very High,Upper,0,60.8278125,Small Family
3124,2,male,42.0,4,0,78.13,S,5,0,0,Adult,Medium,Middle,0,15.626,Large Family
3125,3,female,32.0,1,0,30.02,S,2,0,0,Young Adult,Medium,Lower,0,15.01,Small Family
3126,3,female,51.0,0,0,52.56,S,1,1,1,Adult,Medium,Lower,0,52.56,Single
3127,3,female,33.0,0,0,35.35,S,1,1,1,Young Adult,Medium,Lower,0,35.35,Single
3128,1,male,12.0,0,1,204.67,C,2,0,1,Child,Very High,Upper,1,102.335,Small Family
3129,3,male,35.0,2,0,16.49,S,3,0,0,Young Adult,Low,Lower,0,5.496666666666666,Small Family
3130,3,female,33.0,2,2,46.41,S,5,0,1,Young Adult,Medium,Lower,0,9.282,Large Family
3131,3,male,22.0,0,0,5.7,S,1,1,0,Young Adult,Low,Lower,0,5.7,Single
3132,3,male,37.0,1,1,55.28,S,3,0,0,Adult,Medium,Lower,0,18.426666666666666,Small Family
3133,3,male,8.0,0,0,6.01,Q,1,1,0,Child,Low,Lower,1,6.01,Single
3134,3,female,43.0,0,2,39.7,S,3,0,1,Adult,Medium,Lower,0,13.233333333333334,Small Family
3135,1,male,19.0,1,0,220.25,Q,2,0,1,Teen,Very High,Upper,0,110.125,Small Family
3136,3,female,17.0,0,1,36.81,Q,2,0,1,Teen,Medium,Lower,0,18.405,Small Family
3137,3,male,29.0,0,2,31.09,Q,3,0,0,Young Adult,Medium,Lower,0,10.363333333333333,Small Family
3138,3,male,36.0,0,0,51.88,C,1,1,0,Adult,Medium,Lower,0,51.88,Single
3139,3,male,32.0,1,0,41.26,S,2,0,0,Young Adult,Medium,Lower,0,20.63,Small Family
3140,1,female,20.0,2,1,243.31125,S,4,0,1,Young Adult,Very High,Upper,0,60.8278125,Small Family
3141,2,female,23.0,3,1,104.1,S,5,0,1,Young Adult,High,Middle,0,20.82,Large Family
3142,3,male,15.0,1,0,7.74,S,2,0,0,Teen,Low,Lower,1,3.87,Small Family
3143,3,male,27.0,0,0,6.57,C,1,1,0,Young Adult,Low,Lower,0,6.57,Single
3144,3,female,44.0,0,0,13.1,C,1,1,1,Adult,Low,Lower,0,13.1,Single
3145,2,male,30.0,4,0,95.17,S,5,0,0,Young Adult,High,Middle,0,19.034,Large Family
3146,2,female,41.0,0,0,70.93,S,1,1,1,Adult,Medium,Middle,0,70.93,Single
3147,3,female,49.0,1,0,46.37,S,2,0,1,Adult,Medium,Lower,0,23.185,Small Family
3148,3,male,22.0,1,0,15.55,S,2,0,0,Young Adult,Low,Lower,0,7.775,Small Family
3149,3,female,28.0,2,0,25.18,S,3,0,0,Young Adult,Medium,Lower,0,8.393333333333333,Small Family
3150,2,female,58.0,0,2,76.53,S,3,0,1,Adult,Medium,Middle,0,25.51,Small Family
3151,3,male,49.0,0,1,56.46,S,2,0,0,Adult,Medium,Lower,0,28.23,Small Family
3152,1,male,8.0,1,2,243.31125,S,4,0,1,Child,Very High,Upper,1,60.8278125,Small Family
3153,3,female,35.0,2,1,50.01,S,4,0,1,Young Adult,Medium,Lower,0,12.5025,Small Family
3154,2,male,30.0,1,0,107.65,S,2,0,1,Young Adult,High,Middle,0,53.825,Small Family
3155,2,male,41.0,0,1,98.56,S,2,0,0,Adult,High,Middle,0,49.28,Small Family
3156,3,female,20.0,0,2,44.28,Q,3,0,1,Young Adult,Medium,Lower,0,14.76,Small Family
3157,3,male,19.0,1,2,57.47,S,4,0,0,Teen,Medium,Lower,0,14.3675,Small Family
3158,1,male,21.0,1,1,216.71,S,3,0,1,Young Adult,Very High,Upper,0,72.23666666666666,Small Family
3159,3,male,23.0,1,0,55.69,C,2,0,0,Young Adult,Medium,Lower,0,27.845,Small Family
3160,2,male,41.0,0,0,90.75,S,1,1,1,Adult,High,Middle,0,90.75,Single
3161,2,male,15.0,3,0,54.75,S,4,0,1,Teen,Medium,Middle,1,13.6875,Small Family
3162,1,female,22.0,0,2,243.31125,S,3,0,1,Young Adult,Very High,Upper,0,81.10375,Small Family
3163,2,male,7.0,1,0,113.28,S,2,0,1,Child,High,Middle,1,56.64,Small Family
3164,3,male,43.0,0,1,32.84,S,2,0,0,Adult,Medium,Lower,0,16.42,Small Family
3165,1,female,47.0,0,0,176.08,S,1,1,1,Adult,Very High,Upper,0,176.08,Single
3166,2,female,26.0,2,0,78.37,S,3,0,1,Young Adult,Medium,Middle,0,26.123333333333335,Small Family
3167,3,female,26.0,0,0,27.69,S,1,1,1,Young Adult,Medium,Lower,0,27.69,Single
3168,1,male,36.0,0,0,243.31125,S,1,1,1,Adult,Very High,Upper,0,243.31125,Single
3169,3,male,49.0,0,0,33.39,S,1,1,0,Adult,Medium,Lower,0,33.39,Single
3170,2,female,35.0,1,0,89.32,S,2,0,1,Young Adult,High,Middle,0,44.66,Small Family
3171,3,male,21.0,0,0,41.39,S,1,1,0,Young Adult,Medium,Lower,0,41.39,Single
3172,2,male,9.0,0,1,104.34,S,2,0,1,Child,High,Middle,1,52.17,Small Family
3173,1,male,16.0,3,0,180.82,S,4,0,1,Teen,Very High,Upper,0,45.205,Small Family
3174,1,female,31.0,0,1,203.24,S,2,0,1,Young Adult,Very High,Upper,0,101.62,Small Family
3175,1,male,21.0,0,0,243.31125,S,1,1,1,Young Adult,Very High,Upper,0,243.31125,Single
3176,1,female,33.0,0,0,189.88,S,1,1,1,Young Adult,Very High,Upper,0,189.88,Single
3177,3,female,23.0,4,0,25.19,S,5,0,1,Young Adult,Medium,Lower,0,5.038,Large Family
3178,3,male,16.0,0,1,29.77,C,2,0,0,Teen,Medium,Lower,0,14.885,Small Family
3179,3,female,15.0,1,0,51.71,S,2,0,1,Teen,Medium,Lower,1,25.855,Small Family
3180,3,female,50.0,0,0,5.78,S,1,1,1,Adult,Low,Lower,0,5.78,Single
3181,1,female,42.0,2,2,136.86,S,5,0,1,Adult,High,Upper,0,27.372000000000003,Large Family
3182,2,female,52.0,1,0,41.71,S,2,0,1,Adult,Medium,Middle,0,20.855,Small Family
3183,2,female,37.0,0,0,42.89,S,1,1,1,Adult,Medium,Middle,0,42.89,Single
3184,1,male,24.0,0,1,243.31125,C,2,0,1,Young Adult,Very High,Upper,0,121.655625,Small Family
3185,3,female,47.0,2,0,19.36,S,3,0,1,Adult,Low,Lower,0,6.453333333333333,Small Family
3186,3,female,30.0,0,0,33.59,Q,1,1,0,Young Adult,Medium,Lower,0,33.59,Single
3187,2,female,33.0,3,0,63.28,S,4,0,1,Young Adult,Medium,Middle,0,15.82,Small Family
3188,2,male,29.0,0,0,51.68,S,1,1,1,Young Adult,Medium,Middle,0,51.68,Single
3189,3,male,1.0,1,0,25.54,C,2,0,0,Child,Medium,Lower,1,12.77,Small Family
3190,3,female,51.0,0,0,26.09,S,1,1,1,Adult,Medium,Lower,0,26.09,Single
3191,2,male,36.0,1,1,99.86,S,3,0,1,Adult,High,Middle,0,33.28666666666667,Small Family
3192,3,male,34.0,0,0,44.54,S,1,1,0,Young Adult,Medium,Lower,0,44.54,Single
3193,3,female,29.0,0,0,42.79,Q,1,1,1,Young Adult,Medium,Lower,0,42.79,Single
3194,2,female,32.0,0,1,91.72,S,2,0,1,Young Adult,High,Middle,0,45.86,Small Family
3195,2,female,22.0,0,0,101.27,S,1,1,1,Young Adult,High,Middle,0,101.27,Single
3196,3,female,38.0,0,1,24.62,S,2,0,1,Adult,Low,Lower,0,12.31,Small Family
3197,3,male,13.0,0,1,18.21,S,2,0,0,Teen,Low,Lower,1,9.105,Small Family
3198,3,female,32.0,2,0,54.26,S,3,0,1,Young Adult,Medium,Lower,0,18.086666666666666,Small Family
3199,1,male,37.0,0,0,192.39,S,1,1,1,Adult,Very High,Upper,0,192.39,Single
3200,2,female,27.0,1,2,94.35,S,4,0,1,Young Adult,High,Middle,0,23.5875,Small Family
3201,3,female,35.0,0,3,56.24,C,4,0,0,Young Adult,Medium,Lower,0,14.06,Small Family
3202,3,male,17.0,0,0,15.85,S,1,1,0,Teen,Low,Lower,0,15.85,Single
3203,1,male,17.0,0,0,196.22,Q,1,1,1,Teen,Very High,Upper,0,196.22,Single
3204,3,female,33.0,4,0,40.9,S,5,0,1,Young Adult,Medium,Lower,0,8.18,Large Family
3205,3,male,39.0,2,0,55.63,S,3,0,0,Adult,Medium,Lower,0,18.543333333333333,Small Family
3206,3,female,6.0,0,0,50.76,C,1,1,1,Child,Medium,Lower,1,50.76,Single
3207,3,female,37.0,1,0,43.79,S,2,0,1,Adult,Medium,Lower,0,21.895,Small Family
3208,3,female,23.0,0,2,22.3,S,3,0,0,Young Adult,Low,Lower,0,7.433333333333334,Small Family
3209,2,female,27.0,0,0,87.19,S,1,1,1,Young Adult,High,Middle,0,87.19,Single
3210,3,female,13.0,0,1,56.95,S,2,0,1,Teen,Medium,Lower,1,28.475,Small Family
3211,1,female,19.0,0,0,116.26,Q,1,1,1,Teen,High,Upper,0,116.26,Single
3212,3,male,43.0,0,0,48.69,S,1,1,0,Adult,Medium,Lower,0,48.69,Single
3213,1,female,30.0,1,0,243.31125,C,2,0,1,Young Adult,Very High,Upper,0,121.655625,Small Family
3214,3,male,25.0,0,0,15.18,C,1,1,0,Young Adult,Low,Lower,0,15.18,Single
3215,1,female,28.0,1,0,243.31125,S,2,0,1,Young Adult,Very High,Upper,0,121.655625,Small Family
3216,1,male,36.0,0,2,126.66,C,3,0,1,Adult,High,Upper,0,42.22,Small Family
3217,1,male,36.0,0,0,135.3,S,1,1,1,Adult,High,Upper,0,135.3,Single
3218,1,female,29.0,1,1,243.31125,S,3,0,1,Young Adult,Very High,Upper,0,81.10375,Small Family
3219,3,female,44.0,2,0,33.66,C,3,0,1,Adult,Medium,Lower,0,11.219999999999999,Small Family
3220,3,male,43.0,2,0,44.33,S,3,0,0,Adult,Medium,Lower,0,14.776666666666666,Small Family
3221,3,male,35.0,0,0,35.61,S,1,1,0,Young Adult,Medium,Lower,0,35.61,Single
3222,1,female,31.0,1,1,243.31125,S,3,0,1,Young Adult,Very High,Upper,0,81.10375,Small Family
3223,1,female,39.0,1,0,121.1,S,2,0,1,Adult,High,Upper,0,60.55,Small Family
3224,1,male,34.0,0,0,243.31125,S,1,1,1,Young Adult,Very High,Upper,0,243.31125,Single
3225,1,female,44.0,0,2,185.39,S,3,0,1,Adult,Very High,Upper,0,61.79666666666666,Small Family
3226,3,male,42.0,0,1,39.92,S,2,0,0,Adult,Medium,Lower,0,19.96,Small Family
3227,1,female,17.0,0,0,243.31125,Q,1,1,1,Teen,Very High,Upper,0,243.31125,Single
3228,2,female,16.0,0,1,116.23,S,2,0,1,Teen,High,Middle,0,58.115,Small Family
3229,1,male,21.0,4,0,132.34,S,5,0,1,Young Adult,High,Upper,0,26.468,Large Family
3230,1,male,43.0,0,1,136.09,S,2,0,1,Adult,High,Upper,0,68.045,Small Family
3231,3,female,10.0,1,0,37.01,C,2,0,1,Child,Medium,Lower,1,18.505,Small Family
3232,3,male,35.0,1,0,54.15,S,2,0,0,Young Adult,Medium,Lower,0,27.075,Small Family
3233,1,male,35.0,0,0,165.11,Q,1,1,1,Young Adult,Very High,Upper,0,165.11,Single
3234,1,male,45.0,0,0,151.1,S,1,1,1,Adult,Very High,Upper,0,151.1,Single
3235,2,female,32.0,0,0,48.53,S,1,1,1,Young Adult,Medium,Middle,0,48.53,Single
3236,1,male,13.0,1,1,118.59,S,3,0,1,Teen,High,Upper,1,39.53,Small Family
3237,1,male,18.0,4,2,243.31125,S,7,0,1,Teen,Very High,Upper,0,34.75875,Large Family
3238,3,male,15.0,0,0,38.47,S,1,1,0,Teen,Medium,Lower,1,38.47,Single
3239,3,male,23.0,2,0,28.1,S,3,0,0,Young Adult,Medium,Lower,0,9.366666666666667,Small Family
3240,3,female,28.0,0,0,56.74,S,1,1,1,Young Adult,Medium,Lower,0,56.74,Single
3241,2,male,15.0,1,0,114.1,C,2,0,1,Teen,High,Middle,1,57.05,Small Family
3242,2,male,49.0,0,2,87.46,C,3,0,1,Adult,High,Middle,0,29.153333333333332,Small Family
3243,3,female,13.0,0,0,34.65,S,1,1,1,Teen,Medium,Lower,1,34.65,Single
3244,3,male,47.0,0,0,44.85,C,1,1,0,Adult,Medium,Lower,0,44.85,Single
3245,3,female,45.0,0,0,30.15,S,1,1,0,Adult,Medium,Lower,0,30.15,Single
3246,1,male,42.0,0,0,243.31125,S,1,1,1,Adult,Very High,Upper,0,243.31125,Single
3247,3,female,21.0,1,0,46.08,S,2,0,0,Young Adult,Medium,Lower,0,23.04,Small Family
3248,2,male,34.0,0,0,71.4,S,1,1,0,Young Adult,Medium,Middle,0,71.4,Single
3249,3,male,13.0,1,0,18.47,Q,2,0,0,Teen,Low,Lower,1,9.235,Small Family
3250,3,male,42.0,0,0,50.81,S,1,1,0,Adult,Medium,Lower,0,50.81,Single
3251,3,male,29.0,1,0,38.75,S,2,0,0,Young Adult,Medium,Lower,0,19.375,Small Family
3252,1,male,25.0,1,0,235.08,S,2,0,1,Young Adult,Very High,Upper,0,117.54,Small Family
3253,3,female,14.0,1,0,40.86,S,2,0,1,Teen,Medium,Lower,1,20.43,Small Family
3254,1,male,1.0,0,1,243.31125,S,2,0,1,Child,Very High,Upper,1,121.655625,Small Family
3255,2,male,16.0,0,0,96.47,S,1,1,0,Teen,High,Middle,0,96.47,Single
3256,1,male,44.0,1,2,243.05,S,4,0,1,Adult,Very High,Upper,0,60.7625,Small Family
3257,3,female,25.0,0,0,56.12,Q,1,1,1,Young Adult,Medium,Lower,0,56.12,Single
3258,1,male,28.0,0,0,195.93,S,1,1,1,Young Adult,Very High,Upper,0,195.93,Single
3259,2,male,39.0,0,0,69.49,S,1,1,0,Adult,Medium,Middle,0,69.49,Single
3260,3,male,53.0,1,0,18.13,S,2,0,0,Adult,Low,Lower,0,9.065,Small Family
3261,1,female,47.0,1,2,170.17,S,4,0,1,Adult,Very High,Upper,0,42.5425,Small Family
3262,3,female,17.0,1,0,8.2,S,2,0,1,Teen,Low,Lower,0,4.1,Small Family
3263,2,male,5.0,0,0,42.96,Q,1,1,1,Child,Medium,Middle,1,42.96,Single
3264,1,female,61.0,0,2,243.31125,C,3,0,1,Senior,Very High,Upper,0,81.10375,Small Family
3265,3,male,59.0,2,0,56.02,C,3,0,0,Adult,Medium,Lower,0,18.673333333333336,Small Family
3266,1,female,32.0,0,0,243.31125,S,1,1,1,Young Adult,Very High,Upper,0,243.31125,Single
3267,2,male,13.0,0,0,94.66,S,1,1,1,Teen,High,Middle,1,94.66,Single
3268,3,female,43.0,0,0,45.38,C,1,1,1,Adult,Medium,Lower,0,45.38,Single
3269,3,male,29.0,0,0,21.61,C,1,1,0,Young Adult,Low,Lower,0,21.61,Single
3270,3,male,29.0,0,0,42.64,S,1,1,0,Young Adult,Medium,Lower,0,42.64,Single
3271,2,female,42.0,0,1,44.85,C,2,0,1,Adult,Medium,Middle,0,22.425,Small Family
3272,1,female,34.0,0,1,243.31125,Q,2,0,1,Young Adult,Very High,Upper,0,121.655625,Small Family
3273,3,female,15.0,0,0,45.37,S,1,1,1,Teen,Medium,Lower,1,45.37,Single
3274,3,male,26.0,2,0,6.49,S,3,0,0,Young Adult,Low,Lower,0,2.1633333333333336,Small Family
3275,3,male,39.0,0,0,21.08,S,1,1,0,Adult,Low,Lower,0,21.08,Single
3276,3,male,37.0,0,0,24.59,Q,1,1,0,Adult,Low,Lower,0,24.59,Single
3277,3,male,33.0,1,0,30.2,S,2,0,0,Young Adult,Medium,Lower,0,15.1,Small Family
3278,2,male,42.0,3,1,57.28,S,5,0,1,Adult,Medium,Middle,0,11.456,Large Family
3279,2,male,25.0,0,1,103.46,S,2,0,1,Young Adult,High,Middle,0,51.73,Small Family
3280,3,female,32.0,2,0,37.69,S,3,0,0,Young Adult,Medium,Lower,0,12.563333333333333,Small Family
3281,2,female,1.0,0,0,110.16,S,1,1,1,Child,High,Middle,1,110.16,Single
3282,1,male,24.0,0,0,243.31125,S,1,1,1,Young Adult,Very High,Upper,0,243.31125,Single
3283,3,male,40.0,0,0,56.37,C,1,1,0,Adult,Medium,Lower,0,56.37,Single
3284,3,female,25.0,0,0,57.57,C,1,1,1,Young Adult,Medium,Lower,0,57.57,Single
3285,2,male,24.0,1,0,53.98,C,2,0,0,Young Adult,Medium,Middle,0,26.99,Small Family
3286,1,male,16.0,0,0,111.7,S,1,1,0,Teen,High,Upper,0,111.7,Single
3287,2,male,43.0,0,0,84.44,S,1,1,0,Adult,High,Middle,0,84.44,Single
3288,3,female,37.0,1,0,15.14,C,2,0,1,Adult,Low,Lower,0,7.57,Small Family
3289,3,female,41.0,0,3,31.58,S,4,0,1,Adult,Medium,Lower,0,7.895,Small Family
3290,1,male,8.0,2,0,243.31125,S,3,0,1,Child,Very High,Upper,1,81.10375,Small Family
3291,1,male,28.0,2,0,194.66,S,3,0,1,Young Adult,Very High,Upper,0,64.88666666666667,Small Family
3292,3,male,26.0,0,0,9.42,S,1,1,0,Young Adult,Low,Lower,0,9.42,Single
3293,2,female,26.0,4,0,91.73,S,5,0,1,Young Adult,High,Middle,0,18.346,Large Family
3294,3,female,22.0,0,2,15.75,S,3,0,1,Young Adult,Low,Lower,0,5.25,Small Family
3295,3,male,26.0,0,0,41.34,C,1,1,0,Young Adult,Medium,Lower,0,41.34,Single
3296,1,male,41.0,0,2,243.31125,S,3,0,1,Adult,Very High,Upper,0,81.10375,Small Family
3297,3,male,5.0,1,0,18.63,Q,2,0,0,Child,Low,Lower,1,9.315,Small Family
3298,1,male,53.0,1,0,165.94,S,2,0,1,Adult,Very High,Upper,0,82.97,Small Family
3299,2,female,36.0,0,0,68.39,S,1,1,1,Adult,Medium,Middle,0,68.39,Single
3300,3,male,29.0,0,1,57.83,S,2,0,0,Young Adult,Medium,Lower,0,28.915,Small Family
3301,2,male,42.0,0,0,87.85,C,1,1,1,Adult,High,Middle,0,87.85,Single
3302,3,female,11.0,2,1,15.34,Q,4,0,1,Child,Low,Lower,1,3.835,Small Family
3303,3,male,21.0,2,0,50.71,S,3,0,0,Young Adult,Medium,Lower,0,16.903333333333332,Small Family
3304,2,female,28.0,1,0,44.78,S,2,0,1,Young Adult,Medium,Middle,0,22.39,Small Family
3305,1,female,48.0,1,0,165.23,S,2,0,1,Adult,Very High,Upper,0,82.615,Small Family
3306,2,female,29.0,0,0,40.08,C,1,1,1,Young Adult,Medium,Middle,0,40.08,Single
3307,2,female,36.0,0,0,103.02,S,1,1,1,Adult,High,Middle,0,103.02,Single
3308,1,female,22.0,0,0,185.82,C,1,1,1,Young Adult,Very High,Upper,0,185.82,Single
3309,2,male,36.0,1,0,79.05,S,2,0,1,Adult,Medium,Middle,0,39.525,Small Family
3310,2,male,52.0,0,1,69.0,S,2,0,1,Adult,Medium,Middle,0,34.5,Small Family
3311,3,male,43.0,0,1,23.26,S,2,0,0,Adult,Low,Lower,0,11.63,Small Family
3312,3,female,29.0,3,1,58.27,C,5,0,1,Young Adult,Medium,Lower,0,11.654,Large Family
3313,3,female,39.0,2,0,7.74,S,3,0,1,Adult,Low,Lower,0,2.58,Small Family
3314,1,male,38.0,0,3,162.94,S,4,0,1,Adult,Very High,Upper,0,40.735,Small Family
3315,1,male,37.0,1,1,240.72,Q,3,0,1,Adult,Very High,Upper,0,80.24,Small Family
3316,3,female,44.0,3,0,53.81,S,4,0,1,Adult,Medium,Lower,0,13.4525,Small Family
3317,2,male,44.0,0,0,102.3,S,1,1,1,Adult,High,Middle,0,102.3,Single
3318,1,male,28.0,0,0,119.25,S,1,1,1,Young Adult,High,Upper,0,119.25,Single
3319,3,male,38.0,0,0,19.83,S,1,1,0,Adult,Low,Lower,0,19.83,Single
3320,3,male,25.0,0,1,5.74,S,2,0,0,Young Adult,Low,Lower,0,2.87,Small Family
3321,3,female,18.0,2,1,33.02,C,4,0,1,Teen,Medium,Lower,0,8.255,Small Family
3322,1,male,26.0,0,1,243.31125,S,2,0,1,Young Adult,Very High,Upper,0,121.655625,Small Family
3323,3,female,29.0,0,0,23.93,S,1,1,0,Young Adult,Low,Lower,0,23.93,Single
3324,3,male,8.0,0,0,36.79,C,1,1,1,Child,Medium,Lower,1,36.79,Single
3325,3,female,41.0,0,0,45.08,Q,1,1,1,Adult,Medium,Lower,0,45.08,Single
3326,3,male,1.0,0,0,43.55,C,1,1,0,Child,Medium,Lower,1,43.55,Single
3327,3,female,62.375,1,1,19.48,C,3,0,1,Senior,Low,Lower,0,6.493333333333333,Small Family
3328,3,male,50.0,0,0,37.19,Q,1,1,0,Adult,Medium,Lower,0,37.19,Single
3329,1,male,27.0,1,0,243.31125,C,2,0,1,Young Adult,Very High,Upper,0,121.655625,Small Family
3330,3,male,30.0,1,0,11.69,Q,2,0,0,Young Adult,Low,Lower,0,5.845,Small Family
3331,3,male,34.0,0,1,48.22,C,2,0,0,Young Adult,Medium,Lower,0,24.11,Small Family
3332,3,male,22.0,1,0,43.16,S,2,0,0,Young Adult,Medium,Lower,0,21.58,Small Family
3333,1,male,33.0,1,1,205.79,S,3,0,1,Young Adult,Very High,Upper,0,68.59666666666666,Small Family
3334,1,male,28.0,0,3,243.31125,Q,4,0,1,Young Adult,Very High,Upper,0,60.8278125,Small Family
3335,3,male,29.0,0,1,55.3,S,2,0,0,Young Adult,Medium,Lower,0,27.65,Small Family
3336,3,male,32.0,1,1,12.32,C,3,0,0,Young Adult,Low,Lower,0,4.1066666666666665,Small Family
3337,3,male,13.0,4,0,52.85,S,5,0,0,Teen,Medium,Lower,1,10.57,Large Family
3338,3,male,31.0,0,0,24.38,Q,1,1,0,Young Adult,Low,Lower,0,24.38,Single
3339,3,male,32.0,0,1,10.8,S,2,0,0,Young Adult,Low,Lower,0,5.4,Small Family
3340,3,male,32.0,0,1,20.77,S,2,0,0,Young Adult,Low,Lower,0,10.385,Small Family
3341,3,male,27.0,0,0,14.98,C,1,1,0,Young Adult,Low,Lower,0,14.98,Single
3342,3,male,45.0,0,1,31.99,S,2,0,0,Adult,Medium,Lower,0,15.995,Small Family
3343,3,female,25.0,0,0,57.24,S,1,1,1,Young Adult,Medium,Lower,0,57.24,Single
3344,1,male,33.0,0,0,134.72,S,1,1,1,Young Adult,High,Upper,0,134.72,Single
3345,2,male,47.0,0,0,107.37,S,1,1,1,Adult,High,Middle,0,107.37,Single
3346,3,male,29.0,0,0,54.04,S,1,1,0,Young Adult,Medium,Lower,0,54.04,Single
3347,2,male,33.0,0,0,41.06,S,1,1,0,Young Adult,Medium,Middle,0,41.06,Single
3348,1,female,29.0,0,0,243.31125,C,1,1,1,Young Adult,Very High,Upper,0,243.31125,Single
3349,2,male,46.0,0,0,77.42,S,1,1,0,Adult,Medium,Middle,0,77.42,Single
3350,1,male,27.0,2,1,134.33,S,4,0,1,Young Adult,High,Upper,0,33.5825,Small Family
3351,1,male,47.0,2,0,243.31125,C,3,0,1,Adult,Very High,Upper,0,81.10375,Small Family
3352,2,female,29.0,0,0,82.88,S,1,1,1,Young Adult,High,Middle,0,82.88,Single
3353,3,male,19.0,0,0,5.04,S,1,1,0,Teen,Low,Lower,0,5.04,Single
3354,3,male,39.0,0,0,43.61,S,1,1,0,Adult,Medium,Lower,0,43.61,Single
3355,1,female,26.0,0,0,241.0,S,1,1,1,Young Adult,Very High,Upper,0,241.0,Single
3356,1,female,38.0,0,0,112.23,S,1,1,1,Adult,High,Upper,0,112.23,Single
3357,3,female,1.0,0,2,20.08,Q,3,0,1,Child,Low,Lower,1,6.6933333333333325,Small Family
3358,2,male,30.0,1,0,95.25,S,2,0,0,Young Adult,High,Middle,0,47.625,Small Family
3359,3,female,24.0,0,1,54.06,S,2,0,1,Young Adult,Medium,Lower,0,27.03,Small Family
3360,3,female,16.0,0,1,16.76,S,2,0,1,Teen,Low,Lower,0,8.38,Small Family
3361,3,male,23.0,1,2,11.44,S,4,0,0,Young Adult,Low,Lower,0,2.86,Small Family
3362,2,female,23.0,1,0,46.96,S,2,0,1,Young Adult,Medium,Middle,0,23.48,Small Family
3363,3,female,29.0,0,0,37.58,S,1,1,1,Young Adult,Medium,Lower,0,37.58,Single
3364,2,male,12.0,0,0,57.76,S,1,1,1,Child,Medium,Middle,1,57.76,Single
3365,3,male,34.0,0,0,58.13,S,1,1,0,Young Adult,Medium,Lower,0,58.13,Single
3366,3,male,48.0,0,0,46.31,C,1,1,0,Adult,Medium,Lower,0,46.31,Single
3367,2,male,34.0,0,1,85.71,S,2,0,0,Young Adult,High,Middle,0,42.855,Small Family
3368,2,male,41.0,0,0,73.92,C,1,1,1,Adult,Medium,Middle,0,73.92,Single
3369,1,male,44.0,0,0,125.33,S,1,1,1,Adult,High,Upper,0,125.33,Single
3370,3,female,46.0,1,0,37.78,S,2,0,1,Adult,Medium,Lower,0,18.89,Small Family
3371,1,female,54.0,1,2,243.31125,S,4,0,1,Adult,Very High,Upper,0,60.8278125,Small Family
3372,3,male,24.0,0,0,51.53,C,1,1,0,Young Adult,Medium,Lower,0,51.53,Single
3373,2,male,21.0,0,0,69.11,S,1,1,0,Young Adult,Medium,Middle,0,69.11,Single
3374,3,male,40.0,0,0,7.18,S,1,1,0,Adult,Low,Lower,0,7.18,Single
3375,3,male,39.0,0,0,28.3,C,1,1,0,Adult,Medium,Lower,0,28.3,Single
3376,3,male,40.0,0,1,58.31,C,2,0,0,Adult,Medium,Lower,0,29.155,Small Family
3377,3,female,55.0,2,1,48.76,S,4,0,1,Adult,Medium,Lower,0,12.19,Small Family
3378,1,female,30.0,1,0,243.31125,S,2,0,1,Young Adult,Very High,Upper,0,121.655625,Small Family
3379,1,male,36.0,2,0,197.22,S,3,0,1,Adult,Very High,Upper,0,65.74,Small Family
3380,3,male,17.0,1,1,30.94,S,3,0,0,Teen,Medium,Lower,0,10.313333333333334,Small Family
3381,2,male,58.0,4,0,112.7,S,5,0,1,Adult,High,Middle,0,22.54,Large Family
3382,2,female,26.0,1,2,76.06,C,4,0,1,Young Adult,Medium,Middle,0,19.015,Small Family
3383,1,male,26.0,3,0,243.31125,S,4,0,1,Young Adult,Very High,Upper,0,60.8278125,Small Family
3384,2,male,25.0,0,0,92.52,S,1,1,0,Young Adult,High,Middle,0,92.52,Single
3385,1,female,22.0,0,0,243.31125,S,1,1,1,Young Adult,Very High,Upper,0,243.31125,Single
3386,3,male,21.0,0,0,36.55,S,1,1,0,Young Adult,Medium,Lower,0,36.55,Single
3387,1,male,23.0,4,1,243.31125,S,6,0,1,Young Adult,Very High,Upper,0,40.551875,Large Family
3388,3,female,12.0,0,1,19.15,S,2,0,1,Child,Low,Lower,1,9.575,Small Family
3389,1,male,20.0,0,0,243.31125,S,1,1,1,Young Adult,Very High,Upper,0,243.31125,Single
3390,3,female,55.0,0,0,41.48,C,1,1,0,Adult,Medium,Lower,0,41.48,Single
3391,2,male,40.0,1,0,71.38,S,2,0,0,Adult,Medium,Middle,0,35.69,Small Family
3392,3,female,42.0,0,2,15.04,S,3,0,1,Adult,Low,Lower,0,5.013333333333333,Small Family
3393,3,male,45.0,1,0,5.42,S,2,0,0,Adult,Low,Lower,0,2.71,Small Family
3394,2,male,54.0,4,0,92.83,C,5,0,0,Adult,High,Middle,0,18.566,Large Family
3395,3,male,7.0,2,0,8.02,C,3,0,0,Child,Low,Lower,1,2.6733333333333333,Small Family
3396,3,male,14.0,0,0,31.53,S,1,1,0,Teen,Medium,Lower,1,31.53,Single
3397,3,male,20.0,0,1,50.2,S,2,0,0,Young Adult,Medium,Lower,0,25.1,Small Family
3398,3,male,24.0,0,1,20.7,S,2,0,0,Young Adult,Low,Lower,0,10.35,Small Family
3399,1,male,26.0,0,0,240.51,S,1,1,1,Young Adult,Very High,Upper,0,240.51,Single
3400,3,male,24.0,0,1,43.75,Q,2,0,0,Young Adult,Medium,Lower,0,21.875,Small Family
3401,1,male,33.0,1,0,243.31125,S,2,0,1,Young Adult,Very High,Upper,0,121.655625,Small Family
3402,1,male,30.0,0,3,146.48,S,4,0,1,Young Adult,High,Upper,0,36.62,Small Family
3403,3,male,21.0,2,0,13.34,S,3,0,0,Young Adult,Low,Lower,0,4.446666666666666,Small Family
3404,2,male,2.0,3,0,57.34,S,4,0,1,Child,Medium,Middle,1,14.335,Small Family
3405,3,male,17.0,0,0,12.85,Q,1,1,0,Teen,Low,Lower,0,12.85,Single
3406,3,female,23.0,4,0,26.59,S,5,0,1,Young Adult,Medium,Lower,0,5.318,Large Family
3407,3,female,27.0,1,0,36.16,S,2,0,1,Young Adult,Medium,Lower,0,18.08,Small Family
3408,3,female,15.0,0,1,7.77,S,2,0,1,Teen,Low,Lower,1,3.885,Small Family
3409,1,male,24.0,0,1,182.7,S,2,0,1,Young Adult,Very High,Upper,0,91.35,Small Family
3410,1,female,15.0,0,0,243.31125,S,1,1,1,Teen,Very High,Upper,1,243.31125,Single
3411,2,male,28.0,0,0,57.6,S,1,1,0,Young Adult,Medium,Middle,0,57.6,Single
3412,1,male,16.0,1,0,155.02,S,2,0,1,Teen,Very High,Upper,0,77.51,Small Family
3413,1,female,19.0,0,0,243.31125,C,1,1,1,Teen,Very High,Upper,0,243.31125,Single
3414,2,male,13.0,1,0,112.07,S,2,0,1,Teen,High,Middle,1,56.035,Small Family
3415,3,female,28.0,0,0,31.17,S,1,1,0,Young Adult,Medium,Lower,0,31.17,Single
3416,3,female,19.0,0,0,21.27,Q,1,1,1,Teen,Low,Lower,0,21.27,Single
3417,2,male,42.0,0,0,81.36,C,1,1,0,Adult,High,Middle,0,81.36,Single
3418,3,male,35.0,0,0,19.11,C,1,1,0,Young Adult,Low,Lower,0,19.11,Single
3419,1,male,29.0,0,0,243.31125,S,1,1,1,Young Adult,Very High,Upper,0,243.31125,Single
3420,1,female,20.0,0,1,243.31125,S,2,0,1,Young Adult,Very High,Upper,0,121.655625,Small Family
3421,3,male,35.0,2,0,9.75,S,3,0,0,Young Adult,Low,Lower,0,3.25,Small Family
3422,3,female,39.0,1,0,39.48,S,2,0,0,Adult,Medium,Lower,0,19.74,Small Family
3423,3,female,32.0,0,0,36.31,C,1,1,0,Young Adult,Medium,Lower,0,36.31,Single
3424,1,female,51.0,0,0,175.68,S,1,1,1,Adult,Very High,Upper,0,175.68,Single
3425,3,female,36.0,0,1,5.61,Q,2,0,1,Adult,Low,Lower,0,2.805,Small Family
3426,3,female,42.0,0,0,16.04,S,1,1,1,Adult,Low,Lower,0,16.04,Single
3427,3,female,32.0,1,1,27.31,S,3,0,1,Young Adult,Medium,Lower,0,9.103333333333333,Small Family
3428,3,male,39.0,1,0,16.0,S,2,0,0,Adult,Low,Lower,0,8.0,Small Family
3429,3,female,20.0,1,2,36.76,S,4,0,1,Young Adult,Medium,Lower,0,9.19,Small Family
3430,3,female,24.0,0,3,44.18,C,4,0,1,Young Adult,Medium,Lower,0,11.045,Small Family
3431,3,female,35.0,2,0,52.08,S,3,0,1,Young Adult,Medium,Lower,0,17.36,Small Family
3432,3,male,34.0,0,1,40.58,S,2,0,0,Young Adult,Medium,Lower,0,20.29,Small Family
3433,3,female,37.0,3,0,42.9,Q,4,0,1,Adult,Medium,Lower,0,10.725,Small Family
3434,2,male,44.0,0,2,93.54,Q,3,0,1,Adult,High,Middle,0,31.180000000000003,Small Family
3435,3,male,11.0,0,1,59.2,Q,2,0,1,Child,Medium,Lower,1,29.6,Small Family
3436,2,female,17.0,0,3,89.87,S,4,0,1,Teen,High,Middle,0,22.4675,Small Family
3437,1,male,33.0,0,0,180.83,C,1,1,1,Young Adult,Very High,Upper,0,180.83,Single
3438,3,female,21.0,1,1,11.95,Q,3,0,1,Young Adult,Low,Lower,0,3.983333333333333,Small Family
3439,3,male,62.375,1,0,31.71,S,2,0,0,Senior,Medium,Lower,0,15.855,Small Family
3440,3,male,37.0,0,0,10.29,S,1,1,0,Adult,Low,Lower,0,10.29,Single
3441,2,female,29.0,1,0,112.38,C,2,0,1,Young Adult,High,Middle,0,56.19,Small Family
3442,3,female,23.0,0,2,31.55,C,3,0,0,Young Adult,Medium,Lower,0,10.516666666666667,Small Family
3443,1,male,24.0,0,0,203.59,C,1,1,0,Young Adult,Very High,Upper,0,203.59,Single
3444,3,male,30.0,4,0,58.01,S,5,0,0,Young Adult,Medium,Lower,0,11.602,Large Family
3445,3,female,31.0,2,0,45.91,S,3,0,1,Young Adult,Medium,Lower,0,15.303333333333333,Small Family
3446,3,male,24.0,0,0,26.41,S,1,1,0,Young Adult,Medium,Lower,0,26.41,Single
3447,3,male,26.0,0,2,52.58,S,3,0,0,Young Adult,Medium,Lower,0,17.526666666666667,Small Family
3448,3,male,47.0,0,1,53.15,S,2,0,0,Adult,Medium,Lower,0,26.575,Small Family
3449,3,female,48.0,1,0,55.06,S,2,0,1,Adult,Medium,Lower,0,27.53,Small Family
3450,1,male,33.0,3,0,195.57,S,4,0,1,Young Adult,Very High,Upper,0,48.8925,Small Family
3451,2,male,13.0,0,0,109.83,S,1,1,1,Teen,High,Middle,1,109.83,Single
3452,3,female,37.0,1,0,10.01,S,2,0,1,Adult,Low,Lower,0,5.005,Small Family
3453,3,male,50.0,0,0,55.31,S,1,1,0,Adult,Medium,Lower,0,55.31,Single
3454,2,male,48.0,0,0,59.78,S,1,1,1,Adult,Medium,Middle,0,59.78,Single
3455,3,male,40.0,3,0,21.27,S,4,0,0,Adult,Low,Lower,0,5.3175,Small Family
3456,1,female,48.0,0,0,160.53,C,1,1,1,Adult,Very High,Upper,0,160.53,Single
3457,3,male,31.0,0,0,6.21,S,1,1,0,Young Adult,Low,Lower,0,6.21,Single
3458,3,male,38.0,1,0,54.88,Q,2,0,0,Adult,Medium,Lower,0,27.44,Small Family
3459,3,male,21.0,0,0,20.79,C,1,1,0,Young Adult,Low,Lower,0,20.79,Single
3460,3,female,34.0,0,0,6.57,S,1,1,1,Young Adult,Low,Lower,0,6.57,Single
3461,2,male,47.0,3,3,111.32,Q,7,0,1,Adult,High,Middle,0,15.902857142857142,Large Family
3462,1,male,22.0,1,0,202.94,S,2,0,1,Young Adult,Very High,Upper,0,101.47,Small Family
3463,3,female,19.0,2,0,53.22,S,3,0,1,Teen,Medium,Lower,0,17.74,Small Family
3464,3,male,31.0,0,0,29.94,S,1,1,0,Young Adult,Medium,Lower,0,29.94,Single
3465,1,male,27.0,0,1,165.7,S,2,0,1,Young Adult,Very High,Upper,0,82.85,Small Family
3466,3,female,38.0,4,1,18.26,S,6,0,0,Adult,Low,Lower,0,3.0433333333333334,Large Family
3467,2,male,24.0,0,1,50.14,S,2,0,0,Young Adult,Medium,Middle,0,25.07,Small Family
3468,3,male,52.0,0,0,19.17,S,1,1,0,Adult,Low,Lower,0,19.17,Single
3469,3,female,13.0,0,0,57.31,S,1,1,1,Teen,Medium,Lower,1,57.31,Single
3470,1,female,46.0,0,1,175.6,S,2,0,1,Adult,Very High,Upper,0,87.8,Small Family
3471,1,female,20.0,0,0,243.31125,S,1,1,1,Young Adult,Very High,Upper,0,243.31125,Single
3472,3,female,7.0,2,2,54.12,C,5,0,1,Child,Medium,Lower,1,10.824,Large Family
3473,3,male,33.0,4,0,31.4,S,5,0,0,Young Adult,Medium,Lower,0,6.279999999999999,Large Family
3474,3,female,27.0,0,0,38.0,S,1,1,1,Young Adult,Medium,Lower,0,38.0,Single
3475,3,male,16.0,1,1,40.84,S,3,0,0,Teen,Medium,Lower,0,13.613333333333335,Small Family
3476,3,male,8.0,2,0,8.9,S,3,0,0,Child,Low,Lower,1,2.966666666666667,Small Family
3477,3,female,30.0,1,0,5.98,S,2,0,0,Young Adult,Low,Lower,0,2.99,Small Family
3478,3,male,43.0,0,0,56.58,Q,1,1,0,Adult,Medium,Lower,0,56.58,Single
3479,2,male,38.0,0,1,88.95,S,2,0,1,Adult,High,Middle,0,44.475,Small Family
3480,2,male,31.0,0,0,106.03,C,1,1,0,Young Adult,High,Middle,0,106.03,Single
3481,1,female,36.0,0,0,122.06,C,1,1,1,Adult,High,Upper,0,122.06,Single
3482,3,female,30.0,0,0,18.0,S,1,1,1,Young Adult,Low,Lower,0,18.0,Single
3483,2,male,11.0,0,2,56.19,Q,3,0,1,Child,Medium,Middle,1,18.73,Small Family
3484,3,male,12.0,0,2,30.2,S,3,0,0,Child,Medium,Lower,1,10.066666666666666,Small Family
3485,3,male,27.0,0,0,52.11,Q,1,1,0,Young Adult,Medium,Lower,0,52.11,Single
3486,3,male,28.0,0,0,20.32,S,1,1,0,Young Adult,Low,Lower,0,20.32,Single
3487,2,female,41.0,0,0,50.84,S,1,1,1,Adult,Medium,Middle,0,50.84,Single
3488,1,male,40.0,1,0,116.91,Q,2,0,0,Adult,High,Upper,0,58.455,Small Family
3489,1,female,38.0,0,1,181.52,S,2,0,1,Adult,Very High,Upper,0,90.76,Small Family
3490,2,female,26.0,2,0,84.68,C,3,0,1,Young Adult,High,Middle,0,28.22666666666667,Small Family
3491,1,male,12.0,3,0,243.31125,S,4,0,1,Child,Very High,Upper,1,60.8278125,Small Family
3492,3,female,35.0,1,0,39.96,S,2,0,1,Young Adult,Medium,Lower,0,19.98,Small Family
3493,3,male,37.0,1,0,29.29,S,2,0,0,Adult,Medium,Lower,0,14.645,Small Family
3494,3,male,1.0,3,0,18.74,Q,4,0,0,Child,Low,Lower,1,4.685,Small Family
3495,3,female,19.0,0,0,47.03,S,1,1,1,Teen,Medium,Lower,0,47.03,Single
3496,1,male,21.0,4,1,158.18,S,6,0,1,Young Adult,Very High,Upper,0,26.363333333333333,Large Family
3497,3,male,32.0,1,0,56.06,S,2,0,0,Young Adult,Medium,Lower,0,28.03,Small Family
3498,3,male,20.0,1,0,13.27,Q,2,0,0,Young Adult,Low,Lower,0,6.635,Small Family
3499,1,female,30.0,0,0,103.82,S,1,1,1,Young Adult,High,Upper,0,103.82,Single
3500,3,female,27.0,0,3,28.33,S,4,0,1,Young Adult,Medium,Lower,0,7.0825,Small Family
3501,2,male,28.0,1,0,57.87,S,2,0,0,Young Adult,Medium,Middle,0,28.935,Small Family
3502,3,female,21.0,1,3,27.13,S,5,0,1,Young Adult,Medium,Lower,0,5.426,Large Family
3503,3,female,22.0,1,1,17.19,C,3,0,1,Young Adult,Low,Lower,0,5.73,Small Family
3504,1,male,16.0,0,1,132.9,S,2,0,1,Teen,High,Upper,0,66.45,Small Family
3505,3,female,35.0,0,0,18.15,C,1,1,1,Young Adult,Low,Lower,0,18.15,Single
3506,3,male,37.0,0,0,52.71,S,1,1,0,Adult,Medium,Lower,0,52.71,Single
3507,3,female,20.0,0,0,10.83,S,1,1,1,Young Adult,Low,Lower,0,10.83,Single
3508,2,male,50.0,0,0,71.26,S,1,1,1,Adult,Medium,Middle,0,71.26,Single
3509,3,male,26.0,0,3,5.27,C,4,0,0,Young Adult,Low,Lower,0,1.3175,Small Family
3510,1,female,50.0,0,0,243.31125,S,1,1,1,Adult,Very High,Upper,0,243.31125,Single
3511,2,female,22.0,0,0,62.08,S,1,1,1,Young Adult,Medium,Middle,0,62.08,Single
3512,1,male,4.0,0,0,102.1,S,1,1,1,Child,High,Upper,1,102.1,Single
3513,3,male,35.0,3,1,12.92,C,5,0,0,Young Adult,Low,Lower,0,2.584,Large Family
3514,3,male,33.0,1,0,43.4,S,2,0,0,Young Adult,Medium,Lower,0,21.7,Small Family
3515,3,female,30.0,1,0,10.9,Q,2,0,1,Young Adult,Low,Lower,0,5.45,Small Family
3516,3,female,22.0,0,0,24.39,S,1,1,1,Young Adult,Low,Lower,0,24.39,Single
3517,1,male,30.0,1,1,135.43,S,3,0,1,Young Adult,High,Upper,0,45.14333333333334,Small Family
3518,2,male,23.0,0,0,101.59,S,1,1,1,Young Adult,High,Middle,0,101.59,Single
3519,1,male,26.0,4,0,142.68,S,5,0,1,Young Adult,High,Upper,0,28.536,Large Family
3520,1,male,41.0,1,0,218.79,Q,2,0,1,Adult,Very High,Upper,0,109.395,Small Family
3521,1,male,32.0,0,2,243.31125,S,3,0,1,Young Adult,Very High,Upper,0,81.10375,Small Family
3522,2,male,38.0,2,0,53.11,S,3,0,0,Adult,Medium,Middle,0,17.703333333333333,Small Family
3523,2,female,27.0,0,1,86.71,S,2,0,1,Young Adult,High,Middle,0,43.355,Small Family
3524,1,male,26.0,0,0,236.21,S,1,1,1,Young Adult,Very High,Upper,0,236.21,Single
3525,1,male,15.0,1,0,216.36,C,2,0,1,Teen,Very High,Upper,1,108.18,Small Family
3526,1,female,25.0,0,0,243.31125,Q,1,1,1,Young Adult,Very High,Upper,0,243.31125,Single
3527,3,male,1.0,0,0,36.23,S,1,1,0,Child,Medium,Lower,1,36.23,Single
3528,3,male,22.0,1,0,45.19,S,2,0,0,Young Adult,Medium,Lower,0,22.595,Small Family
3529,3,male,29.0,0,0,40.87,S,1,1,0,Young Adult,Medium,Lower,0,40.87,Single
3530,2,male,37.0,1,0,74.49,Q,2,0,0,Adult,Medium,Middle,0,37.245,Small Family
3531,2,male,27.0,2,0,96.47,Q,3,0,1,Young Adult,High,Middle,0,32.156666666666666,Small Family
3532,3,female,35.0,0,0,56.77,Q,1,1,0,Young Adult,Medium,Lower,0,56.77,Single
3533,2,male,2.0,0,1,118.13,S,2,0,1,Child,High,Middle,1,59.065,Small Family
3534,2,male,29.0,0,1,93.62,S,2,0,0,Young Adult,High,Middle,0,46.81,Small Family
3535,1,male,8.0,0,0,243.31125,S,1,1,1,Child,Very High,Upper,1,243.31125,Single
3536,1,female,14.0,0,0,164.83,S,1,1,1,Teen,Very High,Upper,1,164.83,Single
3537,2,female,28.0,0,2,119.62,S,3,0,1,Young Adult,High,Middle,0,39.873333333333335,Small Family
3538,2,male,47.0,0,1,55.83,S,2,0,0,Adult,Medium,Middle,0,27.915,Small Family
3539,3,male,35.0,0,3,41.73,S,4,0,0,Young Adult,Medium,Lower,0,10.4325,Small Family
3540,1,male,30.0,1,0,187.53,S,2,0,1,Young Adult,Very High,Upper,0,93.765,Small Family
3541,1,male,30.0,2,0,161.53,S,3,0,1,Young Adult,Very High,Upper,0,53.843333333333334,Small Family
3542,3,male,21.0,1,0,6.32,S,2,0,0,Young Adult,Low,Lower,0,3.16,Small Family
3543,1,male,23.0,0,0,170.64,C,1,1,1,Young Adult,Very High,Upper,0,170.64,Single
3544,2,male,36.0,0,0,77.48,S,1,1,0,Adult,Medium,Middle,0,77.48,Single
3545,3,male,12.0,1,0,41.1,C,2,0,0,Child,Medium,Lower,1,20.55,Small Family
3546,1,male,38.0,0,0,243.31125,S,1,1,1,Adult,Very High,Upper,0,243.31125,Single
3547,1,male,25.0,0,1,243.31125,C,2,0,0,Young Adult,Very High,Upper,0,121.655625,Small Family
3548,2,female,41.0,2,0,63.52,S,3,0,1,Adult,Medium,Middle,0,21.173333333333336,Small Family
3549,2,male,42.0,0,0,106.96,S,1,1,0,Adult,High,Middle,0,106.96,Single
3550,3,female,8.0,0,1,38.25,S,2,0,1,Child,Medium,Lower,1,19.125,Small Family
3551,3,male,22.0,2,1,24.91,Q,4,0,0,Young Adult,Low,Lower,0,6.2275,Small Family
3552,1,female,19.0,2,0,168.86,S,3,0,1,Teen,Very High,Upper,0,56.28666666666667,Small Family
3553,3,male,6.0,0,3,39.43,S,4,0,0,Child,Medium,Lower,1,9.8575,Small Family
3554,3,male,17.0,0,0,39.1,Q,1,1,0,Teen,Medium,Lower,0,39.1,Single
3555,1,male,62.0,0,0,243.31125,S,1,1,1,Senior,Very High,Upper,0,243.31125,Single
3556,3,male,38.0,1,3,5.44,S,5,0,0,Adult,Low,Lower,0,1.088,Large Family
3557,2,female,55.0,0,0,68.34,Q,1,1,1,Adult,Medium,Middle,0,68.34,Single
3558,2,male,41.0,0,0,104.14,C,1,1,1,Adult,High,Middle,0,104.14,Single
3559,1,male,20.0,3,0,168.72,S,4,0,1,Young Adult,Very High,Upper,0,42.18,Small Family
3560,2,male,25.0,0,0,79.46,Q,1,1,0,Young Adult,Medium,Middle,0,79.46,Single
3561,2,female,38.0,2,0,90.45,S,3,0,1,Adult,High,Middle,0,30.150000000000002,Small Family
3562,3,male,36.0,3,0,24.44,S,4,0,0,Adult,Low,Lower,0,6.11,Small Family
3563,1,male,22.0,0,0,198.11,C,1,1,1,Young Adult,Very High,Upper,0,198.11,Single
3564,2,male,10.0,1,1,109.28,S,3,0,1,Child,High,Middle,1,36.42666666666667,Small Family
3565,2,male,62.375,0,0,71.43,S,1,1,0,Senior,Medium,Middle,0,71.43,Single
3566,3,male,28.0,1,0,9.65,Q,2,0,0,Young Adult,Low,Lower,0,4.825,Small Family
3567,3,male,26.0,1,0,50.51,S,2,0,0,Young Adult,Medium,Lower,0,25.255,Small Family
3568,3,male,31.0,0,1,31.86,S,2,0,0,Young Adult,Medium,Lower,0,15.93,Small Family
3569,3,male,27.0,1,1,47.56,S,3,0,0,Young Adult,Medium,Lower,0,15.853333333333333,Small Family
3570,3,female,32.0,1,1,13.31,S,3,0,1,Young Adult,Low,Lower,0,4.4366666666666665,Small Family
3571,2,male,47.0,0,0,63.19,S,1,1,0,Adult,Medium,Middle,0,63.19,Single
3572,3,male,28.0,0,0,53.99,S,1,1,0,Young Adult,Medium,Lower,0,53.99,Single
3573,3,female,15.0,0,0,54.38,C,1,1,0,Teen,Medium,Lower,1,54.38,Single
3574,3,female,28.0,0,0,30.63,C,1,1,1,Young Adult,Medium,Lower,0,30.63,Single
3575,3,male,24.0,4,0,52.86,S,5,0,0,Young Adult,Medium,Lower,0,10.572,Large Family
3576,2,female,49.0,2,2,95.22,S,5,0,1,Adult,High,Middle,0,19.044,Large Family
3577,1,male,45.0,0,0,243.31125,S,1,1,1,Adult,Very High,Upper,0,243.31125,Single
3578,2,female,31.0,0,2,57.67,S,3,0,1,Young Adult,Medium,Middle,0,19.223333333333333,Small Family
3579,3,female,13.0,0,0,12.48,S,1,1,1,Teen,Low,Lower,1,12.48,Single
3580,2,female,14.0,0,2,74.71,S,3,0,1,Teen,Medium,Middle,1,24.903333333333332,Small Family
3581,2,female,30.0,0,0,98.69,S,1,1,1,Young Adult,High,Middle,0,98.69,Single
3582,3,male,34.0,0,2,35.05,S,3,0,0,Young Adult,Medium,Lower,0,11.683333333333332,Small Family
3583,2,male,25.0,0,0,46.87,Q,1,1,0,Young Adult,Medium,Middle,0,46.87,Single
3584,3,female,24.0,3,2,46.04,S,6,0,1,Young Adult,Medium,Lower,0,7.673333333333333,Large Family
3585,2,male,22.0,1,0,77.84,S,2,0,1,Young Adult,Medium,Middle,0,38.92,Small Family
3586,2,male,30.0,1,0,98.94,S,2,0,1,Young Adult,High,Middle,0,49.47,Small Family
3587,2,male,1.0,0,0,99.49,S,1,1,1,Child,High,Middle,1,99.49,Single
3588,3,male,16.0,4,0,37.7,S,5,0,0,Teen,Medium,Lower,0,7.540000000000001,Large Family
3589,1,male,22.0,1,0,105.47,S,2,0,1,Young Adult,High,Upper,0,52.735,Small Family
3590,1,male,46.0,2,2,243.31125,S,5,0,1,Adult,Very High,Upper,0,48.66225,Large Family
3591,3,male,19.0,0,0,30.9,C,1,1,0,Teen,Medium,Lower,0,30.9,Single
3592,1,female,32.0,0,1,243.31125,C,2,0,1,Young Adult,Very High,Upper,0,121.655625,Small Family
3593,3,male,33.0,0,0,9.81,S,1,1,0,Young Adult,Low,Lower,0,9.81,Single
3594,3,male,47.0,0,0,33.21,S,1,1,0,Adult,Medium,Lower,0,33.21,Single
3595,2,male,46.0,1,0,93.66,S,2,0,0,Adult,High,Middle,0,46.83,Small Family
3596,3,male,29.0,2,2,34.65,S,5,0,0,Young Adult,Medium,Lower,0,6.93,Large Family
3597,1,male,24.0,0,0,243.31125,S,1,1,1,Young Adult,Very High,Upper,0,243.31125,Single
3598,3,female,21.0,0,0,18.03,S,1,1,1,Young Adult,Low,Lower,0,18.03,Single
3599,2,male,27.0,1,0,97.46,S,2,0,0,Young Adult,High,Middle,0,48.73,Small Family
3600,3,male,24.0,0,0,23.41,S,1,1,0,Young Adult,Low,Lower,0,23.41,Single
3601,1,male,37.0,1,0,125.33,S,2,0,1,Adult,High,Upper,0,62.665,Small Family
3602,3,male,35.0,1,0,30.59,S,2,0,0,Young Adult,Medium,Lower,0,15.295,Small Family
3603,1,male,38.0,0,0,206.1,C,1,1,1,Adult,Very High,Upper,0,206.1,Single
3604,2,female,46.0,1,0,75.66,Q,2,0,0,Adult,Medium,Middle,0,37.83,Small Family
3605,1,male,54.0,0,1,163.71,S,2,0,1,Adult,Very High,Upper,0,81.855,Small Family
3606,1,male,32.0,2,0,243.31125,S,3,0,1,Young Adult,Very High,Upper,0,81.10375,Small Family
3607,3,male,44.0,1,2,24.67,S,4,0,0,Adult,Low,Lower,0,6.1675,Small Family
3608,2,female,25.0,2,0,102.04,S,3,0,1,Young Adult,High,Middle,0,34.013333333333335,Small Family
3609,3,male,45.0,0,0,23.26,S,1,1,0,Adult,Low,Lower,0,23.26,Single
3610,3,male,44.0,0,0,50.15,S,1,1,0,Adult,Medium,Lower,0,50.15,Single
3611,3,male,43.0,0,0,58.24,S,1,1,0,Adult,Medium,Lower,0,58.24,Single
3612,1,male,31.0,0,0,243.31125,S,1,1,1,Young Adult,Very High,Upper,0,243.31125,Single
3613,2,male,21.0,2,0,58.55,C,3,0,1,Young Adult,Medium,Middle,0,19.516666666666666,Small Family
3614,3,female,12.0,0,0,10.79,S,1,1,1,Child,Low,Lower,1,10.79,Single
3615,2,female,29.0,2,0,97.23,S,3,0,1,Young Adult,High,Middle,0,32.410000000000004,Small Family
3616,1,male,50.0,0,0,243.31125,S,1,1,0,Adult,Very High,Upper,0,243.31125,Single
3617,3,male,26.0,0,0,5.81,S,1,1,0,Young Adult,Low,Lower,0,5.81,Single
3618,3,female,40.0,2,1,47.73,S,4,0,1,Adult,Medium,Lower,0,11.9325,Small Family
3619,3,female,41.0,0,1,9.09,Q,2,0,1,Adult,Low,Lower,0,4.545,Small Family
3620,1,female,26.0,1,0,122.64,C,2,0,1,Young Adult,High,Upper,0,61.32,Small Family
3621,3,male,47.0,0,1,57.69,S,2,0,0,Adult,Medium,Lower,0,28.845,Small Family
3622,1,female,1.0,3,2,165.17,S,6,0,1,Child,Very High,Upper,1,27.528333333333332,Large Family
3623,1,male,14.0,0,0,216.78,S,1,1,1,Teen,Very High,Upper,1,216.78,Single
3624,3,male,18.0,1,0,35.85,Q,2,0,0,Teen,Medium,Lower,0,17.925,Small Family
3625,1,female,19.0,0,2,139.56,Q,3,0,1,Teen,High,Upper,0,46.52,Small Family
3626,2,male,34.0,0,0,67.42,S,1,1,1,Young Adult,Medium,Middle,0,67.42,Single
3627,1,female,34.0,2,0,167.33,Q,3,0,1,Young Adult,Very High,Upper,0,55.77666666666667,Small Family
3628,3,male,35.0,2,0,46.47,S,3,0,0,Young Adult,Medium,Lower,0,15.49,Small Family
3629,3,female,38.0,0,1,47.05,S,2,0,1,Adult,Medium,Lower,0,23.525,Small Family
3630,3,male,18.0,0,2,19.83,S,3,0,0,Teen,Low,Lower,0,6.609999999999999,Small Family
3631,3,male,14.0,0,0,28.89,S,1,1,0,Teen,Medium,Lower,1,28.89,Single
3632,1,female,35.0,0,2,164.35,C,3,0,1,Young Adult,Very High,Upper,0,54.78333333333333,Small Family
3633,2,female,22.0,1,0,88.75,S,2,0,1,Young Adult,High,Middle,0,44.375,Small Family
3634,2,male,10.0,0,0,43.11,C,1,1,1,Child,Medium,Middle,1,43.11,Single
3635,1,female,43.0,0,0,243.31125,Q,1,1,1,Adult,Very High,Upper,0,243.31125,Single
3636,2,male,48.0,1,2,47.17,C,4,0,0,Adult,Medium,Middle,0,11.7925,Small Family
3637,3,male,50.0,0,0,16.2,S,1,1,0,Adult,Low,Lower,0,16.2,Single
3638,1,male,32.0,1,0,243.31125,C,2,0,1,Young Adult,Very High,Upper,0,121.655625,Small Family
3639,2,male,38.0,3,0,107.02,S,4,0,1,Adult,High,Middle,0,26.755,Small Family
3640,1,male,48.0,0,0,201.74,C,1,1,1,Adult,Very High,Upper,0,201.74,Single
3641,1,male,22.0,1,0,243.31125,S,2,0,1,Young Adult,Very High,Upper,0,121.655625,Small Family
3642,3,male,44.0,0,0,21.99,S,1,1,0,Adult,Low,Lower,0,21.99,Single
3643,2,female,34.0,0,2,87.21,C,3,0,1,Young Adult,High,Middle,0,29.069999999999997,Small Family
3644,2,female,42.0,0,0,55.77,C,1,1,1,Adult,Medium,Middle,0,55.77,Single
3645,3,male,32.0,0,0,48.31,Q,1,1,0,Young Adult,Medium,Lower,0,48.31,Single
3646,1,male,47.0,0,0,243.31125,S,1,1,1,Adult,Very High,Upper,0,243.31125,Single
3647,2,male,33.0,0,0,53.35,S,1,1,1,Young Adult,Medium,Middle,0,53.35,Single
3648,2,female,11.0,2,0,101.02,S,3,0,1,Child,High,Middle,1,33.67333333333333,Small Family
3649,3,male,49.0,1,2,28.83,S,4,0,0,Adult,Medium,Lower,0,7.2075,Small Family
3650,3,female,18.0,4,0,24.5,S,5,0,1,Teen,Low,Lower,0,4.9,Large Family
3651,3,female,46.0,0,1,5.49,S,2,0,1,Adult,Low,Lower,0,2.745,Small Family
3652,2,male,29.0,0,1,93.72,C,2,0,1,Young Adult,High,Middle,0,46.86,Small Family
3653,3,female,45.0,0,0,11.14,Q,1,1,1,Adult,Low,Lower,0,11.14,Single
3654,1,male,45.0,0,0,209.02,S,1,1,1,Adult,Very High,Upper,0,209.02,Single
3655,1,female,36.0,0,0,207.34,S,1,1,1,Adult,Very High,Upper,0,207.34,Single
3656,1,male,37.0,1,0,243.31125,S,2,0,1,Adult,Very High,Upper,0,121.655625,Small Family
3657,2,male,35.0,0,0,68.56,S,1,1,1,Young Adult,Medium,Middle,0,68.56,Single
3658,3,female,4.0,0,0,33.35,C,1,1,1,Child,Medium,Lower,1,33.35,Single
3659,3,female,32.0,0,0,19.36,S,1,1,1,Young Adult,Low,Lower,0,19.36,Single
3660,3,male,15.0,0,2,18.88,S,3,0,0,Teen,Low,Lower,1,6.293333333333333,Small Family
3661,3,male,32.0,0,0,50.62,S,1,1,0,Young Adult,Medium,Lower,0,50.62,Single
3662,3,male,15.0,0,0,25.94,Q,1,1,0,Teen,Medium,Lower,1,25.94,Single
3663,1,female,15.0,1,0,243.31125,C,2,0,1,Teen,Very High,Upper,1,121.655625,Small Family
3664,1,male,51.0,0,1,122.61,Q,2,0,1,Adult,High,Upper,0,61.305,Small Family
3665,3,male,44.0,1,0,9.83,S,2,0,0,Adult,Low,Lower,0,4.915,Small Family
3666,2,male,30.0,0,2,72.01,S,3,0,0,Young Adult,Medium,Middle,0,24.003333333333334,Small Family
3667,3,male,32.0,0,1,36.8,S,2,0,0,Young Adult,Medium,Lower,0,18.4,Small Family
3668,1,female,27.0,1,0,184.72,S,2,0,1,Young Adult,Very High,Upper,0,92.36,Small Family
3669,1,female,37.0,0,0,243.31125,S,1,1,1,Adult,Very High,Upper,0,243.31125,Single
3670,2,male,21.0,0,0,79.14,C,1,1,0,Young Adult,Medium,Middle,0,79.14,Single
3671,1,male,43.0,2,1,110.17,S,4,0,1,Adult,High,Upper,0,27.5425,Small Family
3672,1,female,27.0,0,1,108.25,S,2,0,1,Young Adult,High,Upper,0,54.125,Small Family
3673,3,male,25.0,0,2,32.61,C,3,0,0,Young Adult,Medium,Lower,0,10.87,Small Family
3674,1,female,30.0,1,0,120.75,S,2,0,1,Young Adult,High,Upper,0,60.375,Small Family
3675,3,female,22.0,1,0,41.74,S,2,0,1,Young Adult,Medium,Lower,0,20.87,Small Family
3676,2,female,34.0,0,0,110.27,S,1,1,1,Young Adult,High,Middle,0,110.27,Single
3677,1,female,23.0,0,0,183.91,Q,1,1,1,Young Adult,Very High,Upper,0,183.91,Single
3678,2,male,36.0,2,0,60.83,S,3,0,0,Adult,Medium,Middle,0,20.276666666666667,Small Family
3679,3,male,46.0,0,0,19.36,S,1,1,0,Adult,Low,Lower,0,19.36,Single
3680,2,female,21.0,0,0,44.91,Q,1,1,1,Young Adult,Medium,Middle,0,44.91,Single
3681,3,female,28.0,0,0,50.56,S,1,1,1,Young Adult,Medium,Lower,0,50.56,Single
3682,1,male,36.0,2,0,243.31125,Q,3,0,1,Adult,Very High,Upper,0,81.10375,Small Family
3683,3,female,24.0,0,0,39.95,S,1,1,1,Young Adult,Medium,Lower,0,39.95,Single
3684,1,male,36.0,1,0,243.31125,S,2,0,1,Adult,Very High,Upper,0,121.655625,Small Family
3685,3,female,37.0,0,0,58.35,S,1,1,1,Adult,Medium,Lower,0,58.35,Single
3686,3,male,44.0,0,0,8.2,S,1,1,0,Adult,Low,Lower,0,8.2,Single
3687,3,female,22.0,1,2,29.1,S,4,0,1,Young Adult,Medium,Lower,0,7.275,Small Family
3688,2,female,18.0,3,0,70.2,S,4,0,1,Teen,Medium,Middle,0,17.55,Small Family
3689,1,female,26.0,0,2,243.31125,S,3,0,1,Young Adult,Very High,Upper,0,81.10375,Small Family
3690,1,female,17.0,0,0,113.29,S,1,1,1,Teen,High,Upper,0,113.29,Single
3691,3,male,37.0,2,0,29.24,S,3,0,0,Adult,Medium,Lower,0,9.746666666666666,Small Family
3692,3,male,15.0,1,0,21.48,C,2,0,0,Teen,Low,Lower,1,10.74,Small Family
3693,3,female,60.0,0,0,22.16,S,1,1,1,Adult,Low,Lower,0,22.16,Single
3694,1,female,47.0,0,0,115.95,S,1,1,1,Adult,High,Upper,0,115.95,Single
3695,2,male,30.0,1,1,102.08,S,3,0,1,Young Adult,High,Middle,0,34.026666666666664,Small Family
3696,1,male,41.0,1,0,115.15,S,2,0,1,Adult,High,Upper,0,57.575,Small Family
3697,3,male,9.0,2,0,49.57,C,3,0,0,Child,Medium,Lower,1,16.523333333333333,Small Family
3698,3,male,62.375,0,0,54.57,C,1,1,0,Senior,Medium,Lower,0,54.57,Single
3699,3,male,22.0,0,0,39.48,C,1,1,0,Young Adult,Medium,Lower,0,39.48,Single
3700,2,male,28.0,1,2,59.76,S,4,0,0,Young Adult,Medium,Middle,0,14.94,Small Family
3701,3,male,6.0,0,1,28.5,S,2,0,0,Child,Medium,Lower,1,14.25,Small Family
3702,3,male,36.0,0,0,58.34,S,1,1,0,Adult,Medium,Lower,0,58.34,Single
3703,2,female,16.0,0,0,90.83,S,1,1,1,Teen,High,Middle,0,90.83,Single
3704,3,female,31.0,0,0,30.49,C,1,1,1,Young Adult,Medium,Lower,0,30.49,Single
3705,3,female,23.0,0,2,56.87,Q,3,0,0,Young Adult,Medium,Lower,0,18.956666666666667,Small Family
3706,3,male,16.0,1,0,50.26,S,2,0,0,Teen,Medium,Lower,0,25.13,Small Family
3707,3,male,20.0,1,1,54.56,S,3,0,0,Young Adult,Medium,Lower,0,18.186666666666667,Small Family
3708,2,male,33.0,0,0,46.4,S,1,1,0,Young Adult,Medium,Middle,0,46.4,Single
3709,2,female,13.0,0,3,45.23,C,4,0,1,Teen,Medium,Middle,1,11.3075,Small Family
3710,3,male,20.0,0,0,54.05,S,1,1,0,Young Adult,Medium,Lower,0,54.05,Single
3711,1,male,39.0,1,0,200.29,S,2,0,0,Adult,Very High,Upper,0,100.145,Small Family
3712,3,female,62.375,0,0,58.09,Q,1,1,0,Senior,Medium,Lower,0,58.09,Single
3713,3,male,36.0,1,2,23.35,C,4,0,0,Adult,Low,Lower,0,5.8375,Small Family
3714,3,male,18.0,0,2,29.19,S,3,0,0,Teen,Medium,Lower,0,9.73,Small Family
3715,3,male,25.0,0,1,48.55,S,2,0,0,Young Adult,Medium,Lower,0,24.275,Small Family
3716,2,male,30.0,1,1,101.85,C,3,0,1,Young Adult,High,Middle,0,33.949999999999996,Small Family
3717,2,male,25.0,0,0,49.95,S,1,1,0,Young Adult,Medium,Middle,0,49.95,Single
3718,1,male,42.0,0,1,131.27,C,2,0,1,Adult,High,Upper,0,65.635,Small Family
3719,2,male,33.0,0,1,116.91,S,2,0,0,Young Adult,High,Middle,0,58.455,Small Family
3720,2,male,42.0,0,0,55.43,C,1,1,0,Adult,Medium,Middle,0,55.43,Single
3721,2,female,26.0,0,0,112.74,C,1,1,1,Young Adult,High,Middle,0,112.74,Single
3722,3,male,47.0,0,0,44.82,C,1,1,0,Adult,Medium,Lower,0,44.82,Single
3723,3,female,28.0,1,0,21.56,S,2,0,0,Young Adult,Low,Lower,0,10.78,Small Family
3724,1,male,17.0,1,2,243.31125,S,4,0,1,Teen,Very High,Upper,0,60.8278125,Small Family
3725,2,male,58.0,1,0,99.86,S,2,0,0,Adult,High,Middle,0,49.93,Small Family
3726,3,male,6.0,0,0,47.5,Q,1,1,0,Child,Medium,Lower,1,47.5,Single
3727,1,male,20.0,1,0,243.31125,S,2,0,1,Young Adult,Very High,Upper,0,121.655625,Small Family
3728,1,female,22.0,0,0,243.31125,S,1,1,1,Young Adult,Very High,Upper,0,243.31125,Single
3729,1,female,62.375,0,0,243.31125,S,1,1,1,Senior,Very High,Upper,0,243.31125,Single
3730,3,female,53.0,0,2,7.29,C,3,0,0,Adult,Low,Lower,0,2.43,Small Family
3731,1,female,49.0,3,0,243.31125,C,4,0,1,Adult,Very High,Upper,0,60.8278125,Small Family
3732,3,male,26.0,0,1,31.82,C,2,0,0,Young Adult,Medium,Lower,0,15.91,Small Family
3733,2,female,62.0,2,0,109.35,S,3,0,1,Senior,High,Middle,0,36.449999999999996,Small Family
3734,3,male,35.0,0,2,45.26,Q,3,0,0,Young Adult,Medium,Lower,0,15.086666666666666,Small Family
3735,1,male,43.0,0,0,129.05,S,1,1,0,Adult,High,Upper,0,129.05,Single
3736,2,male,32.0,0,0,66.74,C,1,1,1,Young Adult,Medium,Middle,0,66.74,Single
3737,3,male,29.0,1,0,46.93,S,2,0,0,Young Adult,Medium,Lower,0,23.465,Small Family
3738,3,female,27.0,0,2,37.4,S,3,0,1,Young Adult,Medium,Lower,0,12.466666666666667,Small Family
3739,3,female,27.0,2,0,25.11,S,3,0,1,Young Adult,Medium,Lower,0,8.37,Small Family
3740,3,male,38.0,2,0,18.37,S,3,0,0,Adult,Low,Lower,0,6.123333333333334,Small Family
3741,3,male,35.0,1,2,54.66,S,4,0,0,Young Adult,Medium,Lower,0,13.665,Small Family
3742,3,male,30.0,0,0,58.35,S,1,1,0,Young Adult,Medium,Lower,0,58.35,Single
3743,3,male,50.0,3,0,24.67,S,4,0,0,Adult,Low,Lower,0,6.1675,Small Family
3744,1,female,1.0,2,0,147.28,S,3,0,1,Child,High,Upper,1,49.093333333333334,Small Family
3745,1,male,37.0,0,0,243.31125,S,1,1,1,Adult,Very High,Upper,0,243.31125,Single
3746,1,male,39.0,1,0,120.56,C,2,0,1,Adult,High,Upper,0,60.28,Small Family
3747,3,female,45.0,0,0,14.51,Q,1,1,1,Adult,Low,Lower,0,14.51,Single
3748,2,female,29.0,0,1,50.41,Q,2,0,1,Young Adult,Medium,Middle,0,25.205,Small Family
3749,2,female,33.0,0,0,89.17,S,1,1,1,Young Adult,High,Middle,0,89.17,Single
3750,3,female,43.0,0,0,58.0,C,1,1,0,Adult,Medium,Lower,0,58.0,Single
3751,3,male,49.0,0,0,5.51,C,1,1,0,Adult,Low,Lower,0,5.51,Single
3752,3,female,26.0,0,0,57.7,S,1,1,1,Young Adult,Medium,Lower,0,57.7,Single
3753,2,female,33.0,1,0,94.45,S,2,0,1,Young Adult,High,Middle,0,47.225,Small Family
3754,3,female,52.0,3,1,9.62,S,5,0,1,Adult,Low,Lower,0,1.924,Large Family
3755,2,male,2.0,3,2,91.79,S,6,0,1,Child,High,Middle,1,15.298333333333334,Large Family
3756,1,male,21.0,0,1,118.7,C,2,0,1,Young Adult,High,Upper,0,59.35,Small Family
3757,1,female,49.0,1,0,243.31125,S,2,0,1,Adult,Very High,Upper,0,121.655625,Small Family
3758,2,female,44.0,0,2,104.11,S,3,0,1,Adult,High,Middle,0,34.70333333333333,Small Family
3759,2,female,37.0,1,2,97.48,S,4,0,1,Adult,High,Middle,0,24.37,Small Family
3760,3,male,24.0,0,0,30.98,S,1,1,0,Young Adult,Medium,Lower,0,30.98,Single
3761,1,female,19.0,0,0,243.31125,C,1,1,1,Teen,Very High,Upper,0,243.31125,Single
3762,3,male,22.0,1,0,58.43,S,2,0,0,Young Adult,Medium,Lower,0,29.215,Small Family
3763,3,male,50.0,0,0,17.54,S,1,1,0,Adult,Low,Lower,0,17.54,Single
3764,2,male,22.0,0,2,101.59,S,3,0,1,Young Adult,High,Middle,0,33.86333333333334,Small Family
3765,2,female,31.0,2,0,87.24,S,3,0,1,Young Adult,High,Middle,0,29.08,Small Family
3766,2,male,20.0,0,0,113.49,Q,1,1,1,Young Adult,High,Middle,0,113.49,Single
3767,3,male,41.0,0,0,58.48,Q,1,1,0,Adult,Medium,Lower,0,58.48,Single
3768,2,female,23.0,0,0,94.93,S,1,1,1,Young Adult,High,Middle,0,94.93,Single
3769,1,male,29.0,0,0,243.31125,S,1,1,1,Young Adult,Very High,Upper,0,243.31125,Single
3770,1,female,8.0,0,2,243.31125,S,3,0,1,Child,Very High,Upper,1,81.10375,Small Family
3771,3,female,9.0,1,0,7.67,S,2,0,1,Child,Low,Lower,1,3.835,Small Family
3772,3,female,30.0,0,1,49.98,S,2,0,0,Young Adult,Medium,Lower,0,24.99,Small Family
3773,2,male,13.0,1,0,40.56,S,2,0,1,Teen,Medium,Middle,1,20.28,Small Family
3774,3,male,57.0,0,0,57.59,C,1,1,0,Adult,Medium,Lower,0,57.59,Single
3775,3,male,3.0,0,0,57.8,S,1,1,0,Child,Medium,Lower,1,57.8,Single
3776,3,female,20.0,1,1,7.79,Q,3,0,1,Young Adult,Low,Lower,0,2.5966666666666667,Small Family
3777,3,male,30.0,1,0,13.83,S,2,0,0,Young Adult,Low,Lower,0,6.915,Small Family
3778,3,female,25.0,1,0,31.63,S,2,0,1,Young Adult,Medium,Lower,0,15.815,Small Family
3779,3,male,16.0,3,0,53.37,S,4,0,0,Teen,Medium,Lower,0,13.3425,Small Family
3780,3,female,18.0,0,2,49.79,S,3,0,1,Teen,Medium,Lower,0,16.596666666666668,Small Family
3781,2,female,17.0,0,0,67.24,S,1,1,1,Teen,Medium,Middle,0,67.24,Single
3782,2,male,26.0,2,0,62.73,Q,3,0,1,Young Adult,Medium,Middle,0,20.91,Small Family
3783,1,female,55.0,0,0,173.33,S,1,1,1,Adult,Very High,Upper,0,173.33,Single
3784,3,male,31.0,0,0,6.38,S,1,1,0,Young Adult,Low,Lower,0,6.38,Single
3785,3,male,45.0,0,1,17.26,Q,2,0,0,Adult,Low,Lower,0,8.63,Small Family
3786,1,male,37.0,1,2,148.38,S,4,0,1,Adult,High,Upper,0,37.095,Small Family
3787,3,male,44.0,0,0,55.95,S,1,1,0,Adult,Medium,Lower,0,55.95,Single
3788,2,male,1.0,0,2,108.22,C,3,0,1,Child,High,Middle,1,36.07333333333333,Small Family
3789,1,female,26.0,0,1,224.72,S,2,0,1,Young Adult,Very High,Upper,0,112.36,Small Family
3790,3,male,47.0,1,0,26.72,S,2,0,0,Adult,Medium,Lower,0,13.36,Small Family
3791,1,male,23.0,0,2,156.72,S,3,0,1,Young Adult,Very High,Upper,0,52.24,Small Family
3792,1,female,53.0,0,0,216.23,S,1,1,1,Adult,Very High,Upper,0,216.23,Single
3793,3,female,49.0,1,0,29.33,S,2,0,1,Adult,Medium,Lower,0,14.665,Small Family
3794,3,male,24.0,3,1,55.26,Q,5,0,0,Young Adult,Medium,Lower,0,11.052,Large Family
3795,1,male,23.0,1,0,243.31125,S,2,0,1,Young Adult,Very High,Upper,0,121.655625,Small Family
3796,3,male,17.0,1,0,20.25,S,2,0,0,Teen,Low,Lower,0,10.125,Small Family
3797,3,female,22.0,0,1,51.34,S,2,0,0,Young Adult,Medium,Lower,0,25.67,Small Family
3798,1,male,14.0,0,1,243.31125,C,2,0,1,Teen,Very High,Upper,1,121.655625,Small Family
3799,1,female,36.0,0,1,243.31125,C,2,0,1,Adult,Very High,Upper,0,121.655625,Small Family
3800,3,male,11.0,1,0,18.78,S,2,0,0,Child,Low,Lower,1,9.39,Small Family
3801,2,male,38.0,0,2,89.65,C,3,0,0,Adult,High,Middle,0,29.883333333333336,Small Family
3802,3,female,38.0,2,0,8.17,S,3,0,0,Adult,Low,Lower,0,2.723333333333333,Small Family
3803,3,male,8.0,4,0,9.25,S,5,0,0,Child,Low,Lower,1,1.85,Large Family
3804,3,male,50.0,0,0,55.32,C,1,1,0,Adult,Medium,Lower,0,55.32,Single
3805,2,male,37.0,0,0,58.76,S,1,1,1,Adult,Medium,Middle,0,58.76,Single
3806,3,male,40.0,0,0,31.64,C,1,1,0,Adult,Medium,Lower,0,31.64,Single
3807,2,male,20.0,0,0,62.54,S,1,1,0,Young Adult,Medium,Middle,0,62.54,Single
3808,2,male,38.0,0,2,87.21,Q,3,0,1,Adult,High,Middle,0,29.069999999999997,Small Family
3809,1,female,45.0,2,3,153.1,S,6,0,1,Adult,Very High,Upper,0,25.516666666666666,Large Family
3810,1,female,29.0,0,1,243.31125,Q,2,0,1,Young Adult,Very High,Upper,0,121.655625,Small Family
3811,3,female,56.0,0,0,18.83,S,1,1,0,Adult,Low,Lower,0,18.83,Single
3812,2,male,31.0,0,1,109.1,S,2,0,1,Young Adult,High,Middle,0,54.55,Small Family
3813,1,male,45.0,3,1,123.96,S,5,0,1,Adult,High,Upper,0,24.791999999999998,Large Family
3814,3,female,34.0,1,0,37.29,Q,2,0,1,Young Adult,Medium,Lower,0,18.645,Small Family
3815,2,male,38.0,2,1,68.93,S,4,0,0,Adult,Medium,Middle,0,17.2325,Small Family
3816,3,male,8.0,4,0,27.48,S,5,0,1,Child,Medium,Lower,1,5.496,Large Family
3817,2,male,35.0,0,0,99.11,C,1,1,1,Young Adult,High,Middle,0,99.11,Single
3818,3,female,20.0,0,0,58.19,S,1,1,1,Young Adult,Medium,Lower,0,58.19,Single
3819,3,male,19.0,0,0,37.05,S,1,1,0,Teen,Medium,Lower,0,37.05,Single
3820,2,female,53.0,0,1,104.26,C,2,0,1,Adult,High,Middle,0,52.13,Small Family
3821,2,female,27.0,1,0,64.6,S,2,0,1,Young Adult,Medium,Middle,0,32.3,Small Family
3822,2,male,17.0,0,0,101.73,C,1,1,1,Teen,High,Middle,0,101.73,Single
3823,3,female,25.0,0,2,27.81,S,3,0,1,Young Adult,Medium,Lower,0,9.27,Small Family
3824,2,female,13.0,1,2,61.13,S,4,0,1,Teen,Medium,Middle,1,15.2825,Small Family
3825,1,male,49.0,1,0,243.31125,S,2,0,1,Adult,Very High,Upper,0,121.655625,Small Family
3826,1,female,21.0,1,0,243.31125,C,2,0,1,Young Adult,Very High,Upper,0,121.655625,Small Family
3827,2,male,37.0,0,0,59.36,C,1,1,0,Adult,Medium,Middle,0,59.36,Single
3828,2,female,48.0,1,0,52.63,S,2,0,1,Adult,Medium,Middle,0,26.315,Small Family
3829,3,male,23.0,0,0,12.99,S,1,1,0,Young Adult,Low,Lower,0,12.99,Single
3830,1,female,37.0,0,0,243.31125,S,1,1,1,Adult,Very High,Upper,0,243.31125,Single
3831,2,female,17.0,1,1,86.89,C,3,0,1,Teen,High,Middle,0,28.963333333333335,Small Family
3832,3,male,62.0,3,1,11.97,S,5,0,0,Senior,Low,Lower,0,2.394,Large Family
3833,3,male,42.0,0,0,48.34,S,1,1,1,Adult,Medium,Lower,0,48.34,Single
3834,2,male,27.0,0,0,113.08,C,1,1,1,Young Adult,High,Middle,0,113.08,Single
3835,2,male,20.0,0,0,58.43,C,1,1,1,Young Adult,Medium,Middle,0,58.43,Single
3836,2,female,29.0,0,0,87.02,S,1,1,1,Young Adult,High,Middle,0,87.02,Single
3837,3,male,26.0,2,0,33.76,C,3,0,0,Young Adult,Medium,Lower,0,11.253333333333332,Small Family
3838,1,male,55.0,0,0,109.84,C,1,1,1,Adult,High,Upper,0,109.84,Single
3839,3,male,14.0,1,0,13.21,Q,2,0,0,Teen,Low,Lower,1,6.605,Small Family
3840,3,female,32.0,1,0,51.72,S,2,0,1,Young Adult,Medium,Lower,0,25.86,Small Family
3841,3,male,30.0,0,0,59.49,S,1,1,0,Young Adult,Medium,Lower,0,59.49,Single
3842,1,male,28.0,0,0,243.31125,Q,1,1,1,Young Adult,Very High,Upper,0,243.31125,Single
3843,2,female,29.0,0,0,50.21,S,1,1,1,Young Adult,Medium,Middle,0,50.21,Single
3844,2,male,28.0,0,0,109.76,S,1,1,1,Young Adult,High,Middle,0,109.76,Single
3845,1,female,41.0,0,0,201.31,S,1,1,1,Adult,Very High,Upper,0,201.31,Single
3846,3,male,38.0,0,0,18.1,S,1,1,0,Adult,Low,Lower,0,18.1,Single
3847,3,male,35.0,2,0,34.97,S,3,0,0,Young Adult,Medium,Lower,0,11.656666666666666,Small Family
3848,3,male,1.0,0,0,27.48,Q,1,1,0,Child,Medium,Lower,1,27.48,Single
3849,3,male,34.0,1,0,34.79,S,2,0,0,Young Adult,Medium,Lower,0,17.395,Small Family
3850,1,female,8.0,0,1,125.12,S,2,0,1,Child,High,Upper,1,62.56,Small Family
3851,2,male,38.0,1,0,101.58,S,2,0,1,Adult,High,Middle,0,50.79,Small Family
3852,1,male,49.0,4,0,161.47,S,5,0,1,Adult,Very High,Upper,0,32.294,Large Family
3853,3,female,18.0,0,2,9.47,S,3,0,0,Teen,Low,Lower,0,3.1566666666666667,Small Family
3854,3,male,27.0,2,2,45.86,Q,5,0,0,Young Adult,Medium,Lower,0,9.172,Large Family
3855,3,male,22.0,1,0,43.86,S,2,0,0,Young Adult,Medium,Lower,0,21.93,Small Family
3856,1,female,46.0,1,1,117.47,S,3,0,1,Adult,High,Upper,0,39.156666666666666,Small Family
3857,2,female,31.0,1,0,72.11,C,2,0,1,Young Adult,Medium,Middle,0,36.055,Small Family
3858,3,female,52.0,0,2,8.39,S,3,0,1,Adult,Low,Lower,0,2.796666666666667,Small Family
3859,2,male,35.0,0,0,114.36,C,1,1,1,Young Adult,High,Middle,0,114.36,Single
3860,3,male,33.0,0,1,12.57,S,2,0,0,Young Adult,Low,Lower,0,6.285,Small Family
3861,3,male,31.0,0,1,40.61,C,2,0,0,Young Adult,Medium,Lower,0,20.305,Small Family
3862,3,male,41.0,4,0,7.59,S,5,0,0,Adult,Low,Lower,0,1.518,Large Family
3863,2,male,7.0,1,1,84.87,C,3,0,1,Child,High,Middle,1,28.290000000000003,Small Family
3864,2,male,31.0,0,0,52.73,S,1,1,1,Young Adult,Medium,Middle,0,52.73,Single
3865,1,female,29.0,2,0,243.31125,S,3,0,1,Young Adult,Very High,Upper,0,81.10375,Small Family
3866,2,male,39.0,1,0,84.64,S,2,0,0,Adult,High,Middle,0,42.32,Small Family
3867,2,male,28.0,0,2,41.45,S,3,0,1,Young Adult,Medium,Middle,0,13.816666666666668,Small Family
3868,3,male,16.0,0,0,35.55,Q,1,1,0,Teen,Medium,Lower,0,35.55,Single
3869,3,male,30.0,0,0,18.14,S,1,1,0,Young Adult,Low,Lower,0,18.14,Single
3870,1,female,16.0,2,0,168.28,S,3,0,1,Teen,Very High,Upper,0,56.093333333333334,Small Family
3871,2,male,5.0,2,0,45.16,S,3,0,0,Child,Medium,Middle,1,15.053333333333333,Small Family
3872,1,female,39.0,0,0,116.61,Q,1,1,1,Adult,High,Upper,0,116.61,Single
3873,1,male,38.0,0,1,243.31125,S,2,0,1,Adult,Very High,Upper,0,121.655625,Small Family
3874,3,female,36.0,1,2,9.11,S,4,0,0,Adult,Low,Lower,0,2.2775,Small Family
3875,1,male,47.0,3,0,243.31125,S,4,0,1,Adult,Very High,Upper,0,60.8278125,Small Family
3876,2,female,21.0,1,0,92.65,Q,2,0,1,Young Adult,High,Middle,0,46.325,Small Family
3877,1,female,11.0,1,0,243.31125,S,2,0,1,Child,Very High,Upper,1,121.655625,Small Family
3878,3,female,29.0,0,0,28.89,S,1,1,1,Young Adult,Medium,Lower,0,28.89,Single
3879,3,female,25.0,0,0,23.05,S,1,1,0,Young Adult,Low,Lower,0,23.05,Single
3880,1,female,19.0,0,0,172.25,S,1,1,1,Teen,Very High,Upper,0,172.25,Single
3881,3,male,29.0,1,0,49.38,S,2,0,0,Young Adult,Medium,Lower,0,24.69,Small Family
3882,3,male,22.0,0,0,45.24,S,1,1,0,Young Adult,Medium,Lower,0,45.24,Single
3883,3,female,6.0,2,1,38.86,C,4,0,1,Child,Medium,Lower,1,9.715,Small Family
3884,1,female,24.0,0,2,124.69,C,3,0,1,Young Adult,High,Upper,0,41.56333333333333,Small Family
3885,3,male,15.0,2,0,19.44,C,3,0,0,Teen,Low,Lower,1,6.48,Small Family
3886,3,male,33.0,0,1,44.82,S,2,0,0,Young Adult,Medium,Lower,0,22.41,Small Family
3887,3,male,21.0,0,0,49.14,C,1,1,0,Young Adult,Medium,Lower,0,49.14,Single
3888,3,male,44.0,1,2,11.39,S,4,0,0,Adult,Low,Lower,0,2.8475,Small Family
3889,3,female,51.0,0,0,15.3,S,1,1,0,Adult,Low,Lower,0,15.3,Single
3890,2,female,39.0,3,1,56.86,S,5,0,1,Adult,Medium,Middle,0,11.372,Large Family
3891,3,female,10.0,0,0,26.39,S,1,1,0,Child,Medium,Lower,1,26.39,Single
3892,3,male,50.0,0,0,35.98,S,1,1,0,Adult,Medium,Lower,0,35.98,Single
3893,3,male,50.0,2,0,38.81,S,3,0,0,Adult,Medium,Lower,0,12.936666666666667,Small Family
3894,2,male,30.0,2,0,95.48,S,3,0,0,Young Adult,High,Middle,0,31.826666666666668,Small Family
3895,3,female,47.0,0,0,49.31,S,1,1,1,Adult,Medium,Lower,0,49.31,Single
3896,3,female,23.0,3,0,20.41,S,4,0,1,Young Adult,Low,Lower,0,5.1025,Small Family
3897,1,female,6.0,0,1,170.8,Q,2,0,1,Child,Very High,Upper,1,85.4,Small Family
3898,3,male,20.0,0,0,11.79,Q,1,1,0,Young Adult,Low,Lower,0,11.79,Single
3899,3,female,52.0,0,0,51.31,Q,1,1,1,Adult,Medium,Lower,0,51.31,Single
3900,3,male,11.0,0,0,51.5,C,1,1,0,Child,Medium,Lower,1,51.5,Single
3901,2,female,30.0,0,0,89.72,Q,1,1,1,Young Adult,High,Middle,0,89.72,Single
3902,2,male,30.0,0,0,87.02,C,1,1,0,Young Adult,High,Middle,0,87.02,Single
3903,3,male,23.0,0,0,8.86,Q,1,1,0,Young Adult,Low,Lower,0,8.86,Single
3904,2,male,24.0,2,0,60.59,S,3,0,0,Young Adult,Medium,Middle,0,20.19666666666667,Small Family
3905,3,male,31.0,0,0,10.03,C,1,1,0,Young Adult,Low,Lower,0,10.03,Single
3906,2,male,23.0,4,0,83.96,S,5,0,1,Young Adult,High,Middle,0,16.791999999999998,Large Family
3907,3,male,12.0,1,0,42.3,S,2,0,0,Child,Medium,Lower,1,21.15,Small Family
3908,2,male,33.0,0,2,45.96,Q,3,0,1,Young Adult,Medium,Middle,0,15.32,Small Family
3909,3,male,44.0,0,0,53.21,S,1,1,0,Adult,Medium,Lower,0,53.21,Single
3910,2,male,41.0,0,1,113.58,S,2,0,0,Adult,High,Middle,0,56.79,Small Family
3911,1,male,19.0,2,0,164.1,S,3,0,1,Teen,Very High,Upper,0,54.699999999999996,Small Family
3912,2,male,14.0,0,0,40.87,C,1,1,0,Teen,Medium,Middle,1,40.87,Single
3913,1,male,26.0,0,0,107.93,C,1,1,1,Young Adult,High,Upper,0,107.93,Single
3914,3,female,50.0,2,0,27.67,S,3,0,1,Adult,Medium,Lower,0,9.223333333333334,Small Family
3915,3,female,38.0,1,0,37.67,S,2,0,1,Adult,Medium,Lower,0,18.835,Small Family
3916,2,male,39.0,0,0,116.36,Q,1,1,0,Adult,High,Middle,0,116.36,Single
3917,3,male,42.0,0,0,36.21,C,1,1,0,Adult,Medium,Lower,0,36.21,Single
3918,2,male,35.0,2,0,94.21,S,3,0,0,Young Adult,High,Middle,0,31.403333333333332,Small Family
3919,3,male,32.0,2,1,53.79,C,4,0,0,Young Adult,Medium,Lower,0,13.4475,Small Family
3920,3,male,39.0,0,1,34.33,S,2,0,0,Adult,Medium,Lower,0,17.165,Small Family
3921,3,male,23.0,0,0,37.33,S,1,1,0,Young Adult,Medium,Lower,0,37.33,Single
3922,2,female,12.0,2,0,88.97,C,3,0,1,Child,High,Middle,1,29.656666666666666,Small Family
3923,3,male,39.0,1,0,47.03,C,2,0,0,Adult,Medium,Lower,0,23.515,Small Family
3924,2,male,46.0,1,0,99.14,S,2,0,0,Adult,High,Middle,0,49.57,Small Family
3925,3,female,15.0,0,1,31.23,S,2,0,0,Teen,Medium,Lower,1,15.615,Small Family
3926,1,male,41.0,2,0,243.31125,S,3,0,1,Adult,Very High,Upper,0,81.10375,Small Family
3927,3,male,52.0,0,0,16.01,Q,1,1,0,Adult,Low,Lower,0,16.01,Single
3928,3,female,30.0,0,0,9.88,C,1,1,1,Young Adult,Low,Lower,0,9.88,Single
3929,3,female,19.0,1,1,22.12,S,3,0,1,Teen,Low,Lower,0,7.373333333333334,Small Family
3930,1,male,32.0,0,0,243.31125,S,1,1,0,Young Adult,Very High,Upper,0,243.31125,Single
3931,3,male,23.0,2,0,19.15,S,3,0,0,Young Adult,Low,Lower,0,6.383333333333333,Small Family
3932,1,female,22.0,0,0,213.57,C,1,1,1,Young Adult,Very High,Upper,0,213.57,Single
3933,3,female,36.0,2,0,17.05,S,3,0,1,Adult,Low,Lower,0,5.683333333333334,Small Family
3934,1,male,9.0,0,0,144.34,S,1,1,1,Child,High,Upper,1,144.34,Single
3935,2,male,11.0,1,2,80.33,C,4,0,1,Child,High,Middle,1,20.0825,Small Family
3936,3,male,30.0,0,0,42.86,S,1,1,0,Young Adult,Medium,Lower,0,42.86,Single
3937,2,female,30.0,1,1,56.66,S,3,0,1,Young Adult,Medium,Middle,0,18.886666666666667,Small Family
3938,1,male,34.0,1,0,193.16,S,2,0,1,Young Adult,Very High,Upper,0,96.58,Small Family
3939,1,male,54.0,0,0,189.54,S,1,1,1,Adult,Very High,Upper,0,189.54,Single
3940,2,female,31.0,0,1,93.23,C,2,0,1,Young Adult,High,Middle,0,46.615,Small Family
3941,3,male,38.0,0,0,57.18,S,1,1,0,Adult,Medium,Lower,0,57.18,Single
3942,3,male,17.0,2,1,58.86,S,4,0,0,Teen,Medium,Lower,0,14.715,Small Family
3943,1,male,40.0,0,1,243.31125,S,2,0,1,Adult,Very High,Upper,0,121.655625,Small Family
3944,2,male,23.0,0,0,42.44,S,1,1,1,Young Adult,Medium,Middle,0,42.44,Single
3945,1,female,31.0,0,1,117.4,S,2,0,1,Young Adult,High,Upper,0,58.7,Small Family
3946,1,male,29.0,3,2,243.31125,S,6,0,1,Young Adult,Very High,Upper,0,40.551875,Large Family
3947,3,male,43.0,0,0,22.33,Q,1,1,0,Adult,Low,Lower,0,22.33,Single
3948,3,male,13.0,0,0,35.74,C,1,1,0,Teen,Medium,Lower,1,35.74,Single
3949,1,female,1.0,1,0,164.25,C,2,0,1,Child,Very High,Upper,1,82.125,Small Family
3950,1,male,27.0,1,0,176.66,C,2,0,1,Young Adult,Very High,Upper,0,88.33,Small Family
3951,1,female,36.0,0,0,216.77,C,1,1,1,Adult,Very High,Upper,0,216.77,Single
3952,3,male,32.0,4,0,28.47,C,5,0,0,Young Adult,Medium,Lower,0,5.694,Large Family
3953,3,female,46.0,1,0,20.04,S,2,0,1,Adult,Low,Lower,0,10.02,Small Family
3954,1,male,36.0,0,0,243.31125,S,1,1,1,Adult,Very High,Upper,0,243.31125,Single
3955,1,female,23.0,0,0,243.31125,S,1,1,1,Young Adult,Very High,Upper,0,243.31125,Single
3956,3,female,1.0,2,0,50.34,S,3,0,1,Child,Medium,Lower,1,16.78,Small Family
3957,3,male,27.0,0,0,38.86,Q,1,1,0,Young Adult,Medium,Lower,0,38.86,Single
3958,2,male,43.0,0,1,44.45,S,2,0,0,Adult,Medium,Middle,0,22.225,Small Family
3959,1,male,25.0,0,0,243.31125,S,1,1,1,Young Adult,Very High,Upper,0,243.31125,Single
3960,1,male,30.0,1,0,243.31125,S,2,0,1,Young Adult,Very High,Upper,0,121.655625,Small Family
3961,3,female,35.0,0,0,26.23,S,1,1,1,Young Adult,Medium,Lower,0,26.23,Single
3962,2,male,17.0,1,0,103.22,Q,2,0,1,Teen,High,Middle,0,51.61,Small Family
3963,1,male,38.0,0,0,190.59,S,1,1,1,Adult,Very High,Upper,0,190.59,Single
3964,3,female,51.0,1,1,58.09,C,3,0,0,Adult,Medium,Lower,0,19.363333333333333,Small Family
3965,1,male,28.0,1,0,163.0,S,2,0,1,Young Adult,Very High,Upper,0,81.5,Small Family
3966,3,male,15.0,0,2,48.4,Q,3,0,0,Teen,Medium,Lower,1,16.133333333333333,Small Family
3967,2,male,29.0,1,0,56.8,S,2,0,1,Young Adult,Medium,Middle,0,28.4,Small Family
3968,1,male,1.0,0,0,177.81,C,1,1,1,Child,Very High,Upper,1,177.81,Single
3969,3,male,34.0,1,1,28.95,S,3,0,0,Young Adult,Medium,Lower,0,9.65,Small Family
3970,2,female,36.0,0,1,83.55,S,2,0,1,Adult,High,Middle,0,41.775,Small Family
3971,3,female,52.0,0,0,34.03,S,1,1,1,Adult,Medium,Lower,0,34.03,Single
3972,3,male,27.0,3,2,7.94,S,6,0,0,Young Adult,Low,Lower,0,1.3233333333333335,Large Family
3973,2,female,35.0,4,0,43.45,S,5,0,1,Young Adult,Medium,Middle,0,8.690000000000001,Large Family
3974,3,female,19.0,0,1,28.32,S,2,0,1,Teen,Medium,Lower,0,14.16,Small Family
3975,2,male,25.0,0,0,42.14,S,1,1,1,Young Adult,Medium,Middle,0,42.14,Single
3976,3,male,10.0,0,1,44.83,S,2,0,0,Child,Medium,Lower,1,22.415,Small Family
3977,2,female,27.0,2,0,65.97,S,3,0,1,Young Adult,Medium,Middle,0,21.99,Small Family
3978,3,male,26.0,0,0,17.21,S,1,1,0,Young Adult,Low,Lower,0,17.21,Single
3979,1,male,34.0,0,0,188.86,Q,1,1,1,Young Adult,Very High,Upper,0,188.86,Single
3980,2,female,22.0,0,0,77.75,S,1,1,1,Young Adult,Medium,Middle,0,77.75,Single
3981,3,male,31.0,3,0,18.73,S,4,0,0,Young Adult,Low,Lower,0,4.6825,Small Family
3982,3,male,26.0,0,0,8.71,S,1,1,0,Young Adult,Low,Lower,0,8.71,Single
3983,1,male,26.0,0,0,156.12,S,1,1,0,Young Adult,Very High,Upper,0,156.12,Single
3984,1,male,31.0,0,2,243.31125,S,3,0,1,Young Adult,Very High,Upper,0,81.10375,Small Family
3985,3,female,31.0,0,0,17.17,S,1,1,1,Young Adult,Low,Lower,0,17.17,Single
3986,3,male,40.0,1,1,45.42,C,3,0,0,Adult,Medium,Lower,0,15.14,Small Family
3987,1,female,28.0,3,0,220.46,Q,4,0,1,Young Adult,Very High,Upper,0,55.115,Small Family
3988,2,male,25.0,2,0,50.7,S,3,0,0,Young Adult,Medium,Middle,0,16.900000000000002,Small Family
3989,2,male,28.0,0,0,76.44,S,1,1,0,Young Adult,Medium,Middle,0,76.44,Single
3990,3,male,21.0,2,0,42.38,S,3,0,0,Young Adult,Medium,Lower,0,14.126666666666667,Small Family
3991,1,female,25.0,0,0,243.31125,S,1,1,1,Young Adult,Very High,Upper,0,243.31125,Single
3992,1,female,56.0,0,0,153.05,S,1,1,1,Adult,Very High,Upper,0,153.05,Single
3993,3,female,18.0,4,0,21.32,C,5,0,1,Teen,Low,Lower,0,4.264,Large Family
3994,1,male,26.0,0,0,144.74,S,1,1,1,Young Adult,High,Upper,0,144.74,Single
3995,2,female,25.0,0,0,75.2,S,1,1,1,Young Adult,Medium,Middle,0,75.2,Single
3996,2,male,27.0,4,1,106.99,S,6,0,0,Young Adult,High,Middle,0,17.831666666666667,Large Family
3997,2,female,26.0,0,1,79.67,Q,2,0,1,Young Adult,Medium,Middle,0,39.835,Small Family
3998,2,male,34.0,1,1,48.54,S,3,0,0,Young Adult,Medium,Middle,0,16.18,Small Family
3999,3,female,8.0,3,3,33.66,C,7,0,1,Child,Medium,Lower,1,4.808571428571428,Large Family
4000,1,male,43.0,0,0,243.31125,S,1,1,0,Adult,Very High,Upper,0,243.31125,Single
4001,3,male,38.0,0,0,35.44,S,1,1,0,Adult,Medium,Lower,0,35.44,Single
4002,3,male,14.0,0,1,5.19,S,2,0,0,Teen,Low,Lower,1,2.595,Small Family
4003,3,male,1.0,0,0,32.59,S,1,1,0,Child,Medium,Lower,1,32.59,Single
4004,1,male,17.0,0,1,205.11,S,2,0,1,Teen,Very High,Upper,0,102.555,Small Family
4005,1,male,27.0,1,0,243.31125,C,2,0,1,Young Adult,Very High,Upper,0,121.655625,Small Family
4006,2,female,62.375,0,0,70.92,S,1,1,1,Senior,Medium,Middle,0,70.92,Single
4007,2,female,37.0,0,0,57.35,S,1,1,1,Adult,Medium,Middle,0,57.35,Single
4008,2,male,7.0,0,3,114.05,S,4,0,1,Child,High,Middle,1,28.5125,Small Family
4009,3,male,21.0,0,1,13.03,S,2,0,1,Young Adult,Low,Lower,0,6.515,Small Family
4010,1,male,29.0,2,1,243.31125,C,4,0,1,Young Adult,Very High,Upper,0,60.8278125,Small Family
4011,1,female,33.0,0,1,207.37,S,2,0,1,Young Adult,Very High,Upper,0,103.685,Small Family
4012,2,female,13.0,2,0,70.71,S,3,0,1,Teen,Medium,Middle,1,23.569999999999997,Small Family
4013,3,female,28.0,0,0,49.4,S,1,1,1,Young Adult,Medium,Lower,0,49.4,Single
4014,1,female,21.0,0,1,141.23,C,2,0,1,Young Adult,High,Upper,0,70.615,Small Family
4015,3,female,16.0,0,0,25.81,S,1,1,1,Teen,Medium,Lower,0,25.81,Single
4016,2,female,33.0,0,0,47.59,S,1,1,1,Young Adult,Medium,Middle,0,47.59,Single
4017,3,female,40.0,1,0,25.25,S,2,0,1,Adult,Medium,Lower,0,12.625,Small Family
4018,3,male,41.0,0,0,52.25,S,1,1,0,Adult,Medium,Lower,0,52.25,Single
4019,2,female,37.0,3,0,40.18,C,4,0,1,Adult,Medium,Middle,0,10.045,Small Family
4020,1,male,24.0,0,0,243.31125,S,1,1,0,Young Adult,Very High,Upper,0,243.31125,Single
4021,2,female,39.0,3,1,89.54,S,5,0,1,Adult,High,Middle,0,17.908,Large Family
4022,1,male,34.0,0,1,243.31125,S,2,0,1,Young Adult,Very High,Upper,0,121.655625,Small Family
4023,3,male,32.0,0,0,13.09,S,1,1,0,Young Adult,Low,Lower,0,13.09,Single
4024,3,female,22.0,0,0,9.76,S,1,1,1,Young Adult,Low,Lower,0,9.76,Single
4025,3,male,24.0,0,0,18.29,C,1,1,0,Young Adult,Low,Lower,0,18.29,Single
4026,3,male,31.0,2,2,45.51,S,5,0,0,Young Adult,Medium,Lower,0,9.102,Large Family
4027,2,male,62.0,0,0,96.94,S,1,1,0,Senior,High,Middle,0,96.94,Single
4028,1,female,34.0,0,0,243.31125,S,1,1,1,Young Adult,Very High,Upper,0,243.31125,Single
4029,3,male,22.0,0,0,19.86,Q,1,1,0,Young Adult,Low,Lower,0,19.86,Single
4030,2,male,19.0,0,0,104.03,S,1,1,1,Teen,High,Middle,0,104.03,Single
4031,3,female,24.0,2,2,17.67,S,5,0,1,Young Adult,Low,Lower,0,3.5340000000000003,Large Family
4032,2,male,58.0,1,2,113.33,Q,4,0,1,Adult,High,Middle,0,28.3325,Small Family
4033,1,female,25.0,1,0,243.31125,S,2,0,1,Young Adult,Very High,Upper,0,121.655625,Small Family
4034,3,male,42.0,0,0,7.25,S,1,1,0,Adult,Low,Lower,0,7.25,Single
4035,1,male,25.0,3,0,101.94,S,4,0,1,Young Adult,High,Upper,0,25.485,Small Family
4036,3,male,33.0,1,1,50.49,S,3,0,0,Young Adult,Medium,Lower,0,16.830000000000002,Small Family
4037,3,female,40.0,0,1,46.89,S,2,0,1,Adult,Medium,Lower,0,23.445,Small Family
4038,3,male,23.0,0,0,43.02,C,1,1,0,Young Adult,Medium,Lower,0,43.02,Single
4039,3,male,22.0,2,0,47.37,S,3,0,0,Young Adult,Medium,Lower,0,15.79,Small Family
4040,3,female,52.0,0,2,59.7,S,3,0,1,Adult,Medium,Lower,0,19.900000000000002,Small Family
4041,3,female,43.0,1,0,47.36,S,2,0,1,Adult,Medium,Lower,0,23.68,Small Family
4042,2,female,40.0,0,0,63.22,S,1,1,1,Adult,Medium,Middle,0,63.22,Single
4043,2,male,40.0,0,0,53.83,C,1,1,0,Adult,Medium,Middle,0,53.83,Single
4044,3,female,36.0,1,0,23.53,S,2,0,1,Adult,Low,Lower,0,11.765,Small Family
4045,2,male,56.0,1,1,76.13,Q,3,0,1,Adult,Medium,Middle,0,25.376666666666665,Small Family
4046,2,female,31.0,0,0,88.1,C,1,1,1,Young Adult,High,Middle,0,88.1,Single
4047,2,male,38.0,1,0,61.28,C,2,0,1,Adult,Medium,Middle,0,30.64,Small Family
4048,3,male,11.0,0,0,47.97,S,1,1,0,Child,Medium,Lower,1,47.97,Single
4049,3,male,19.0,1,0,55.03,S,2,0,0,Teen,Medium,Lower,0,27.515,Small Family
4050,1,male,14.0,3,2,243.31125,S,6,0,1,Teen,Very High,Upper,1,40.551875,Large Family
4051,3,male,47.0,2,0,36.87,S,3,0,0,Adult,Medium,Lower,0,12.29,Small Family
4052,3,male,1.0,0,2,31.49,S,3,0,0,Child,Medium,Lower,1,10.496666666666666,Small Family
4053,3,female,25.0,0,2,47.44,S,3,0,1,Young Adult,Medium,Lower,0,15.813333333333333,Small Family
4054,3,female,1.0,1,2,25.85,Q,4,0,1,Child,Medium,Lower,1,6.4625,Small Family
4055,3,male,19.0,0,2,43.99,S,3,0,0,Teen,Medium,Lower,0,14.663333333333334,Small Family
4056,1,male,24.0,0,0,243.31125,S,1,1,0,Young Adult,Very High,Upper,0,243.31125,Single
4057,3,male,48.0,3,2,11.11,S,6,0,0,Adult,Low,Lower,0,1.8516666666666666,Large Family
4058,1,female,35.0,0,0,243.31125,S,1,1,1,Young Adult,Very High,Upper,0,243.31125,Single
4059,3,female,19.0,0,0,11.55,S,1,1,1,Teen,Low,Lower,0,11.55,Single
4060,3,female,44.0,0,0,6.79,S,1,1,1,Adult,Low,Lower,0,6.79,Single
4061,2,male,30.0,0,0,45.68,S,1,1,0,Young Adult,Medium,Middle,0,45.68,Single
4062,1,male,30.0,0,0,115.06,S,1,1,0,Young Adult,High,Upper,0,115.06,Single
4063,3,male,14.0,2,0,11.97,S,3,0,0,Teen,Low,Lower,1,3.99,Small Family
4064,2,male,17.0,0,0,72.54,S,1,1,0,Teen,Medium,Middle,0,72.54,Single
4065,3,male,19.0,0,0,37.88,S,1,1,0,Teen,Medium,Lower,0,37.88,Single
4066,1,male,31.0,2,0,107.21,S,3,0,1,Young Adult,High,Upper,0,35.736666666666665,Small Family
4067,1,female,31.0,1,1,243.31125,S,3,0,1,Young Adult,Very High,Upper,0,81.10375,Small Family
4068,3,male,50.0,1,0,46.53,S,2,0,0,Adult,Medium,Lower,0,23.265,Small Family
4069,3,female,35.0,0,0,5.92,S,1,1,1,Young Adult,Low,Lower,0,5.92,Single
4070,3,female,1.0,2,0,13.08,C,3,0,1,Child,Low,Lower,1,4.36,Small Family
4071,2,male,33.0,0,0,113.53,S,1,1,0,Young Adult,High,Middle,0,113.53,Single
4072,3,male,11.0,0,0,45.34,S,1,1,0,Child,Medium,Lower,1,45.34,Single
4073,3,male,17.0,0,0,30.53,Q,1,1,0,Teen,Medium,Lower,0,30.53,Single
4074,3,male,19.0,0,0,39.64,S,1,1,0,Teen,Medium,Lower,0,39.64,Single
4075,3,female,21.0,0,0,51.54,S,1,1,1,Young Adult,Medium,Lower,0,51.54,Single
4076,3,male,12.0,1,0,51.33,Q,2,0,0,Child,Medium,Lower,1,25.665,Small Family
4077,2,male,33.0,0,2,98.45,S,3,0,1,Young Adult,High,Middle,0,32.81666666666667,Small Family
4078,2,male,12.0,1,0,118.27,Q,2,0,1,Child,High,Middle,1,59.135,Small Family
4079,3,male,35.0,0,1,40.09,S,2,0,0,Young Adult,Medium,Lower,0,20.045,Small Family
4080,1,female,59.0,0,1,201.42,S,2,0,1,Adult,Very High,Upper,0,100.71,Small Family
4081,3,female,13.0,0,0,57.02,S,1,1,1,Teen,Medium,Lower,1,57.02,Single
4082,1,male,26.0,3,3,243.31125,S,7,0,1,Young Adult,Very High,Upper,0,34.75875,Large Family
4083,3,female,1.0,2,1,25.4,S,4,0,1,Child,Medium,Lower,1,6.35,Small Family
4084,3,male,26.0,3,1,54.89,C,5,0,0,Young Adult,Medium,Lower,0,10.978,Large Family
4085,1,female,38.0,1,0,172.14,S,2,0,1,Adult,Very High,Upper,0,86.07,Small Family
4086,1,female,39.0,1,0,243.31125,Q,2,0,1,Adult,Very High,Upper,0,121.655625,Small Family
4087,1,male,31.0,1,0,209.87,S,2,0,1,Young Adult,Very High,Upper,0,104.935,Small Family
4088,3,male,42.0,1,0,26.18,C,2,0,0,Adult,Medium,Lower,0,13.09,Small Family
4089,3,female,62.375,0,1,47.05,S,2,0,1,Senior,Medium,Lower,0,23.525,Small Family
4090,1,male,52.0,0,2,229.9,S,3,0,1,Adult,Very High,Upper,0,76.63333333333334,Small Family
4091,3,male,23.0,0,0,26.11,S,1,1,0,Young Adult,Medium,Lower,0,26.11,Single
4092,2,female,11.0,0,1,63.67,S,2,0,1,Child,Medium,Middle,1,31.835,Small Family
4093,2,male,25.0,0,1,67.78,S,2,0,0,Young Adult,Medium,Middle,0,33.89,Small Family
4094,3,male,18.0,0,0,17.49,S,1,1,0,Teen,Low,Lower,0,17.49,Single
4095,2,male,36.0,0,0,117.99,S,1,1,1,Adult,High,Middle,0,117.99,Single
4096,2,male,15.0,0,0,101.09,S,1,1,0,Teen,High,Middle,1,101.09,Single
4097,1,female,29.0,4,1,243.31125,S,6,0,1,Young Adult,Very High,Upper,0,40.551875,Large Family
4098,1,female,41.0,0,1,243.31125,C,2,0,1,Adult,Very High,Upper,0,121.655625,Small Family
4099,2,male,29.0,0,0,82.09,S,1,1,0,Young Adult,High,Middle,0,82.09,Single
4100,1,female,18.0,2,0,125.02,S,3,0,1,Teen,High,Upper,0,41.67333333333333,Small Family
4101,3,male,45.0,0,1,42.93,Q,2,0,0,Adult,Medium,Lower,0,21.465,Small Family
4102,2,male,6.0,0,1,73.73,S,2,0,1,Child,Medium,Middle,1,36.865,Small Family
4103,3,female,26.0,0,0,53.87,Q,1,1,1,Young Adult,Medium,Lower,0,53.87,Single
4104,1,male,29.0,0,0,180.02,Q,1,1,1,Young Adult,Very High,Upper,0,180.02,Single
4105,2,female,30.0,0,1,48.68,S,2,0,1,Young Adult,Medium,Middle,0,24.34,Small Family
4106,3,female,32.0,0,0,13.07,Q,1,1,1,Young Adult,Low,Lower,0,13.07,Single
4107,3,female,38.0,0,0,46.12,S,1,1,0,Adult,Medium,Lower,0,46.12,Single
4108,1,male,30.0,1,1,243.31125,Q,3,0,1,Young Adult,Very High,Upper,0,81.10375,Small Family
4109,3,female,25.0,0,0,53.28,S,1,1,1,Young Adult,Medium,Lower,0,53.28,Single
4110,3,male,25.0,1,1,55.86,S,3,0,0,Young Adult,Medium,Lower,0,18.62,Small Family
4111,3,male,22.0,0,0,33.0,C,1,1,0,Young Adult,Medium,Lower,0,33.0,Single
4112,3,male,40.0,0,0,41.03,C,1,1,0,Adult,Medium,Lower,0,41.03,Single
4113,1,male,22.0,2,0,243.31125,S,3,0,1,Young Adult,Very High,Upper,0,81.10375,Small Family
4114,1,male,41.0,0,0,117.92,S,1,1,1,Adult,High,Upper,0,117.92,Single
4115,3,female,30.0,2,0,31.03,S,3,0,0,Young Adult,Medium,Lower,0,10.343333333333334,Small Family
4116,2,male,23.0,0,1,100.23,C,2,0,1,Young Adult,High,Middle,0,50.115,Small Family
4117,3,male,38.0,2,0,54.59,S,3,0,0,Adult,Medium,Lower,0,18.19666666666667,Small Family
4118,2,male,21.0,0,2,109.65,C,3,0,1,Young Adult,High,Middle,0,36.550000000000004,Small Family
4119,1,male,38.0,0,0,243.31125,S,1,1,1,Adult,Very High,Upper,0,243.31125,Single
4120,3,male,33.0,1,0,27.11,S,2,0,0,Young Adult,Medium,Lower,0,13.555,Small Family
4121,2,male,22.0,1,0,117.64,S,2,0,1,Young Adult,High,Middle,0,58.82,Small Family
4122,3,male,37.0,0,1,6.63,C,2,0,0,Adult,Low,Lower,0,3.315,Small Family
4123,3,male,37.0,4,0,17.97,Q,5,0,0,Adult,Low,Lower,0,3.594,Large Family
4124,3,male,45.0,0,0,53.81,S,1,1,0,Adult,Medium,Lower,0,53.81,Single
4125,3,male,43.0,0,2,12.14,Q,3,0,0,Adult,Low,Lower,0,4.046666666666667,Small Family
4126,3,male,36.0,0,0,7.83,Q,1,1,0,Adult,Low,Lower,0,7.83,Single
4127,3,male,15.0,1,0,36.93,C,2,0,0,Teen,Medium,Lower,1,18.465,Small Family
4128,3,male,62.0,3,0,57.06,C,4,0,0,Senior,Medium,Lower,0,14.265,Small Family
4129,2,male,12.0,0,0,73.69,S,1,1,1,Child,Medium,Middle,1,73.69,Single
4130,1,male,42.0,0,0,210.57,S,1,1,1,Adult,Very High,Upper,0,210.57,Single
4131,2,female,36.0,1,1,49.0,S,3,0,1,Adult,Medium,Middle,0,16.333333333333332,Small Family
4132,1,male,15.0,0,0,183.26,C,1,1,0,Teen,Very High,Upper,1,183.26,Single
4133,3,male,28.0,0,0,57.06,Q,1,1,0,Young Adult,Medium,Lower,0,57.06,Single
4134,3,female,29.0,0,0,28.46,S,1,1,0,Young Adult,Medium,Lower,0,28.46,Single
4135,3,male,47.0,0,2,24.26,C,3,0,0,Adult,Low,Lower,0,8.086666666666668,Small Family
4136,1,male,21.0,0,0,243.31125,C,1,1,0,Young Adult,Very High,Upper,0,243.31125,Single
4137,3,male,27.0,0,0,49.77,S,1,1,0,Young Adult,Medium,Lower,0,49.77,Single
4138,2,female,1.0,1,0,95.96,S,2,0,1,Child,High,Middle,1,47.98,Small Family
4139,3,male,53.0,1,1,24.67,C,3,0,0,Adult,Low,Lower,0,8.223333333333334,Small Family
4140,3,male,16.0,0,0,30.42,S,1,1,0,Teen,Medium,Lower,0,30.42,Single
4141,2,male,34.0,0,0,48.43,S,1,1,0,Young Adult,Medium,Middle,0,48.43,Single
4142,1,female,29.0,0,1,243.31125,S,2,0,1,Young Adult,Very High,Upper,0,121.655625,Small Family
4143,1,male,29.0,0,0,168.96,C,1,1,1,Young Adult,Very High,Upper,0,168.96,Single
4144,3,male,41.0,1,0,29.98,S,2,0,0,Adult,Medium,Lower,0,14.99,Small Family
4145,3,male,52.0,4,0,25.71,C,5,0,0,Adult,Medium,Lower,0,5.142,Large Family
4146,3,male,33.0,1,1,29.58,S,3,0,0,Young Adult,Medium,Lower,0,9.86,Small Family
4147,1,female,39.0,1,0,229.24,S,2,0,1,Adult,Very High,Upper,0,114.62,Small Family
4148,2,male,34.0,0,0,105.4,S,1,1,1,Young Adult,High,Middle,0,105.4,Single
4149,3,male,43.0,0,2,56.04,C,3,0,0,Adult,Medium,Lower,0,18.68,Small Family
4150,3,male,24.0,2,0,32.03,S,3,0,0,Young Adult,Medium,Lower,0,10.676666666666668,Small Family
4151,1,male,44.0,3,0,135.84,S,4,0,1,Adult,High,Upper,0,33.96,Small Family
4152,1,male,44.0,0,1,100.49,S,2,0,1,Adult,High,Upper,0,50.245,Small Family
4153,3,female,44.0,0,0,23.19,C,1,1,1,Adult,Low,Lower,0,23.19,Single
4154,2,male,21.0,1,0,74.82,S,2,0,1,Young Adult,Medium,Middle,0,37.41,Small Family
4155,2,female,28.0,0,0,107.92,S,1,1,1,Young Adult,High,Middle,0,107.92,Single
4156,1,female,33.0,1,0,243.31125,S,2,0,1,Young Adult,Very High,Upper,0,121.655625,Small Family
4157,3,male,12.0,1,1,26.78,S,3,0,0,Child,Medium,Lower,1,8.926666666666668,Small Family
4158,3,male,51.0,0,0,59.6,S,1,1,0,Adult,Medium,Lower,0,59.6,Single
4159,3,male,30.0,4,0,40.05,S,5,0,0,Young Adult,Medium,Lower,0,8.01,Large Family
4160,3,male,34.0,4,2,23.38,S,7,0,0,Young Adult,Low,Lower,0,3.34,Large Family
4161,3,male,22.0,3,0,18.75,S,4,0,0,Young Adult,Low,Lower,0,4.6875,Small Family
4162,1,male,13.0,0,0,141.94,S,1,1,1,Teen,High,Upper,1,141.94,Single
4163,3,male,22.0,0,0,27.09,S,1,1,0,Young Adult,Medium,Lower,0,27.09,Single
4164,2,female,33.0,0,0,69.58,C,1,1,1,Young Adult,Medium,Middle,0,69.58,Single
4165,3,male,39.0,0,0,12.44,S,1,1,0,Adult,Low,Lower,0,12.44,Single
4166,2,male,32.0,0,0,42.53,S,1,1,0,Young Adult,Medium,Middle,0,42.53,Single
4167,1,male,35.0,0,0,243.31125,C,1,1,1,Young Adult,Very High,Upper,0,243.31125,Single
4168,1,female,26.0,1,1,105.12,S,3,0,1,Young Adult,High,Upper,0,35.04,Small Family
4169,2,female,36.0,0,1,93.73,S,2,0,1,Adult,High,Middle,0,46.865,Small Family
4170,1,female,49.0,0,0,212.1,S,1,1,1,Adult,Very High,Upper,0,212.1,Single
4171,1,female,39.0,0,0,243.31125,S,1,1,1,Adult,Very High,Upper,0,243.31125,Single
4172,3,male,41.0,1,0,15.46,S,2,0,0,Adult,Low,Lower,0,7.73,Small Family
4173,2,female,34.0,1,0,60.73,C,2,0,1,Young Adult,Medium,Middle,0,30.365,Small Family
4174,3,female,10.0,0,1,30.06,S,2,0,1,Child,Medium,Lower,1,15.03,Small Family
4175,3,female,16.0,3,0,22.86,S,4,0,0,Teen,Low,Lower,0,5.715,Small Family
4176,3,female,36.0,0,0,50.84,Q,1,1,0,Adult,Medium,Lower,0,50.84,Single
4177,3,female,30.0,0,0,32.77,S,1,1,1,Young Adult,Medium,Lower,0,32.77,Single
4178,3,male,36.0,1,0,10.03,S,2,0,0,Adult,Low,Lower,0,5.015,Small Family
4179,2,male,52.0,1,0,117.33,S,2,0,1,Adult,High,Middle,0,58.665,Small Family
4180,2,female,39.0,0,2,75.74,Q,3,0,1,Adult,Medium,Middle,0,25.246666666666666,Small Family
4181,2,male,46.0,2,1,114.21,S,4,0,1,Adult,High,Middle,0,28.5525,Small Family
4182,3,male,31.0,2,0,19.01,S,3,0,0,Young Adult,Low,Lower,0,6.336666666666667,Small Family
4183,3,female,20.0,0,0,14.2,S,1,1,1,Young Adult,Low,Lower,0,14.2,Single
4184,2,male,29.0,0,0,71.7,S,1,1,0,Young Adult,Medium,Middle,0,71.7,Single
4185,1,male,20.0,0,2,234.9,S,3,0,1,Young Adult,Very High,Upper,0,78.3,Small Family
4186,3,male,50.0,0,2,27.56,S,3,0,0,Adult,Medium,Lower,0,9.186666666666666,Small Family
4187,1,male,40.0,0,0,101.77,S,1,1,1,Adult,High,Upper,0,101.77,Single
4188,3,female,37.0,1,1,17.77,Q,3,0,1,Adult,Low,Lower,0,5.923333333333333,Small Family
4189,3,male,46.0,0,0,11.32,C,1,1,0,Adult,Low,Lower,0,11.32,Single
4190,3,male,4.0,1,0,36.38,C,2,0,0,Child,Medium,Lower,1,18.19,Small Family
4191,3,male,38.0,0,1,56.29,S,2,0,0,Adult,Medium,Lower,0,28.145,Small Family
4192,3,female,13.0,0,0,12.58,S,1,1,1,Teen,Low,Lower,1,12.58,Single
4193,2,male,30.0,0,1,60.04,S,2,0,0,Young Adult,Medium,Middle,0,30.02,Small Family
4194,3,male,26.0,0,0,29.08,S,1,1,0,Young Adult,Medium,Lower,0,29.08,Single
4195,3,male,39.0,0,0,21.17,S,1,1,0,Adult,Low,Lower,0,21.17,Single
4196,1,female,33.0,1,0,243.31125,S,2,0,1,Young Adult,Very High,Upper,0,121.655625,Small Family
4197,1,male,47.0,1,0,175.05,S,2,0,1,Adult,Very High,Upper,0,87.525,Small Family
4198,2,male,22.0,0,0,115.04,S,1,1,0,Young Adult,High,Middle,0,115.04,Single
4199,2,male,39.0,1,0,68.74,S,2,0,0,Adult,Medium,Middle,0,34.37,Small Family
4200,3,male,32.0,0,0,9.47,S,1,1,0,Young Adult,Low,Lower,0,9.47,Single
4201,3,male,9.0,0,0,37.72,C,1,1,0,Child,Medium,Lower,1,37.72,Single
4202,1,male,18.0,0,1,243.31125,S,2,0,1,Teen,Very High,Upper,0,121.655625,Small Family
4203,1,male,28.0,1,0,243.31125,Q,2,0,1,Young Adult,Very High,Upper,0,121.655625,Small Family
4204,3,male,44.0,0,0,37.77,C,1,1,0,Adult,Medium,Lower,0,37.77,Single
4205,1,male,36.0,0,0,243.31125,C,1,1,0,Adult,Very High,Upper,0,243.31125,Single
4206,2,female,15.0,0,0,82.06,Q,1,1,1,Teen,High,Middle,1,82.06,Single
4207,3,male,28.0,3,0,47.96,S,4,0,0,Young Adult,Medium,Lower,0,11.99,Small Family
4208,3,male,56.0,1,0,7.09,S,2,0,0,Adult,Low,Lower,0,3.545,Small Family
4209,1,male,31.0,1,0,123.52,C,2,0,1,Young Adult,High,Upper,0,61.76,Small Family
4210,1,male,26.0,1,0,103.01,S,2,0,1,Young Adult,High,Upper,0,51.505,Small Family
4211,1,male,36.0,0,0,243.31125,S,1,1,0,Adult,Very High,Upper,0,243.31125,Single
4212,3,male,40.0,1,3,27.94,S,5,0,0,Adult,Medium,Lower,0,5.588,Large Family
4213,3,female,24.0,2,0,36.65,S,3,0,1,Young Adult,Medium,Lower,0,12.216666666666667,Small Family
4214,1,male,37.0,0,1,243.31125,Q,2,0,1,Adult,Very High,Upper,0,121.655625,Small Family
4215,3,female,26.0,0,0,39.12,S,1,1,1,Young Adult,Medium,Lower,0,39.12,Single
4216,3,female,39.0,0,0,27.23,S,1,1,1,Adult,Medium,Lower,0,27.23,Single
4217,1,male,32.0,0,0,243.31125,Q,1,1,1,Young Adult,Very High,Upper,0,243.31125,Single
4218,2,male,36.0,2,2,103.14,S,5,0,1,Adult,High,Middle,0,20.628,Large Family
4219,3,male,20.0,0,0,45.94,C,1,1,0,Young Adult,Medium,Lower,0,45.94,Single
4220,2,female,19.0,0,0,76.75,Q,1,1,1,Teen,Medium,Middle,0,76.75,Single
4221,2,female,42.0,2,0,98.31,C,3,0,1,Adult,High,Middle,0,32.77,Small Family
4222,3,male,29.0,0,0,45.87,S,1,1,0,Young Adult,Medium,Lower,0,45.87,Single
4223,3,male,34.0,0,2,7.72,C,3,0,0,Young Adult,Low,Lower,0,2.5733333333333333,Small Family
4224,3,female,26.0,2,1,16.07,S,4,0,1,Young Adult,Low,Lower,0,4.0175,Small Family
4225,3,male,42.0,0,1,21.06,S,2,0,0,Adult,Low,Lower,0,10.53,Small Family
4226,3,male,22.0,1,0,37.7,S,2,0,0,Young Adult,Medium,Lower,0,18.85,Small Family
4227,2,male,28.0,0,2,63.79,S,3,0,0,Young Adult,Medium,Middle,0,21.263333333333332,Small Family
4228,3,male,40.0,0,0,8.32,C,1,1,0,Adult,Low,Lower,0,8.32,Single
4229,2,male,45.0,0,0,68.92,S,1,1,0,Adult,Medium,Middle,0,68.92,Single
4230,1,male,23.0,0,1,243.31125,S,2,0,1,Young Adult,Very High,Upper,0,121.655625,Small Family
4231,3,male,55.0,3,0,15.09,S,4,0,0,Adult,Low,Lower,0,3.7725,Small Family
4232,3,female,34.0,4,0,34.99,C,5,0,0,Young Adult,Medium,Lower,0,6.998,Large Family
4233,2,male,16.0,2,0,47.28,C,3,0,0,Teen,Medium,Middle,0,15.76,Small Family
4234,3,male,35.0,0,0,22.41,S,1,1,0,Young Adult,Low,Lower,0,22.41,Single
4235,1,male,25.0,3,0,243.31125,S,4,0,1,Young Adult,Very High,Upper,0,60.8278125,Small Family
4236,2,female,36.0,1,0,116.05,S,2,0,1,Adult,High,Middle,0,58.025,Small Family
4237,1,female,29.0,0,1,116.19,S,2,0,1,Young Adult,High,Upper,0,58.095,Small Family
4238,3,female,31.0,1,1,19.6,S,3,0,1,Young Adult,Low,Lower,0,6.533333333333334,Small Family
4239,3,male,18.0,0,2,34.72,C,3,0,0,Teen,Medium,Lower,0,11.573333333333332,Small Family
4240,2,male,43.0,0,0,61.22,S,1,1,0,Adult,Medium,Middle,0,61.22,Single
4241,3,female,15.0,2,1,15.8,S,4,0,0,Teen,Low,Lower,1,3.95,Small Family
4242,2,male,16.0,1,1,107.02,C,3,0,1,Teen,High,Middle,0,35.67333333333333,Small Family
4243,3,male,35.0,0,0,13.3,S,1,1,0,Young Adult,Low,Lower,0,13.3,Single
4244,2,male,51.0,0,0,52.62,S,1,1,0,Adult,Medium,Middle,0,52.62,Single
4245,2,male,25.0,2,0,61.77,Q,3,0,0,Young Adult,Medium,Middle,0,20.59,Small Family
4246,3,male,39.0,1,0,17.38,S,2,0,0,Adult,Low,Lower,0,8.69,Small Family
4247,2,male,44.0,0,0,114.14,C,1,1,1,Adult,High,Middle,0,114.14,Single
4248,1,male,41.0,0,0,243.31125,C,1,1,0,Adult,Very High,Upper,0,243.31125,Single
4249,3,female,26.0,0,0,34.59,S,1,1,1,Young Adult,Medium,Lower,0,34.59,Single
4250,3,female,16.0,4,0,44.81,S,5,0,0,Teen,Medium,Lower,0,8.962,Large Family
4251,2,female,1.0,0,0,112.43,S,1,1,1,Child,High,Middle,1,112.43,Single
4252,1,male,27.0,0,1,147.95,S,2,0,1,Young Adult,High,Upper,0,73.975,Small Family
4253,2,female,45.0,0,1,88.05,S,2,0,1,Adult,High,Middle,0,44.025,Small Family
4254,3,female,15.0,2,0,16.73,S,3,0,1,Teen,Low,Lower,1,5.576666666666667,Small Family
4255,1,male,39.0,1,0,243.31125,C,2,0,1,Adult,Very High,Upper,0,121.655625,Small Family
4256,3,female,18.0,1,0,7.47,C,2,0,1,Teen,Low,Lower,0,3.735,Small Family
4257,3,female,31.0,0,0,23.03,S,1,1,1,Young Adult,Low,Lower,0,23.03,Single
4258,2,female,39.0,0,0,113.8,S,1,1,1,Adult,High,Middle,0,113.8,Single
4259,2,male,21.0,3,1,41.36,S,5,0,1,Young Adult,Medium,Middle,0,8.272,Large Family
4260,2,female,32.0,3,0,71.58,C,4,0,1,Young Adult,Medium,Middle,0,17.895,Small Family
4261,1,male,25.0,3,1,243.31125,S,5,0,1,Young Adult,Very High,Upper,0,48.66225,Large Family
4262,3,male,39.0,3,1,50.75,S,5,0,0,Adult,Medium,Lower,0,10.15,Large Family
4263,2,male,33.0,1,0,78.21,S,2,0,1,Young Adult,Medium,Middle,0,39.105,Small Family
4264,2,male,31.0,1,0,58.6,S,2,0,0,Young Adult,Medium,Middle,0,29.3,Small Family
4265,3,male,50.0,2,0,13.31,C,3,0,0,Adult,Low,Lower,0,4.4366666666666665,Small Family
4266,2,female,39.0,1,0,61.1,S,2,0,1,Adult,Medium,Middle,0,30.55,Small Family
4267,3,female,21.0,0,0,11.12,S,1,1,0,Young Adult,Low,Lower,0,11.12,Single
4268,1,female,29.0,0,3,243.31125,S,4,0,1,Young Adult,Very High,Upper,0,60.8278125,Small Family
4269,3,female,29.0,4,1,50.66,Q,6,0,1,Young Adult,Medium,Lower,0,8.443333333333333,Large Family
4270,3,female,31.0,0,2,18.86,S,3,0,1,Young Adult,Low,Lower,0,6.286666666666666,Small Family
4271,3,female,62.375,2,0,18.43,S,3,0,0,Senior,Low,Lower,0,6.1433333333333335,Small Family
4272,3,male,35.0,0,0,42.17,C,1,1,0,Young Adult,Medium,Lower,0,42.17,Single
4273,1,male,4.0,0,0,243.31125,S,1,1,1,Child,Very High,Upper,1,243.31125,Single
4274,2,male,23.0,0,0,102.49,S,1,1,1,Young Adult,High,Middle,0,102.49,Single
4275,3,male,5.0,0,0,21.25,S,1,1,0,Child,Low,Lower,1,21.25,Single
4276,3,female,26.0,0,0,51.6,Q,1,1,1,Young Adult,Medium,Lower,0,51.6,Single
4277,2,female,4.0,0,0,93.26,S,1,1,1,Child,High,Middle,1,93.26,Single
4278,2,male,19.0,2,2,61.72,S,5,0,0,Teen,Medium,Middle,0,12.344,Large Family
4279,1,female,10.0,0,2,156.68,S,3,0,1,Child,Very High,Upper,1,52.22666666666667,Small Family
4280,2,female,35.0,0,0,89.31,S,1,1,1,Young Adult,High,Middle,0,89.31,Single
4281,1,male,30.0,0,1,123.96,S,2,0,1,Young Adult,High,Upper,0,61.98,Small Family
4282,3,male,34.0,1,0,43.88,C,2,0,0,Young Adult,Medium,Lower,0,21.94,Small Family
4283,1,male,29.0,1,0,122.09,S,2,0,1,Young Adult,High,Upper,0,61.045,Small Family
4284,1,female,12.0,1,1,243.24,C,3,0,1,Child,Very High,Upper,1,81.08,Small Family
4285,3,male,37.0,0,0,32.91,S,1,1,0,Adult,Medium,Lower,0,32.91,Single
4286,3,male,55.0,0,2,11.45,C,3,0,0,Adult,Low,Lower,0,3.8166666666666664,Small Family
4287,3,male,35.0,1,0,26.47,C,2,0,0,Young Adult,Medium,Lower,0,13.235,Small Family
4288,3,male,24.0,1,1,51.89,S,3,0,0,Young Adult,Medium,Lower,0,17.296666666666667,Small Family
4289,2,male,11.0,0,3,70.43,C,4,0,1,Child,Medium,Middle,1,17.6075,Small Family
4290,3,female,18.0,0,0,55.46,S,1,1,1,Teen,Medium,Lower,0,55.46,Single
4291,3,male,36.0,0,0,41.7,S,1,1,0,Adult,Medium,Lower,0,41.7,Single
4292,1,male,44.0,0,0,130.98,S,1,1,1,Adult,High,Upper,0,130.98,Single
4293,3,male,33.0,1,0,35.06,S,2,0,0,Young Adult,Medium,Lower,0,17.53,Small Family
4294,3,male,40.0,0,0,13.28,C,1,1,0,Adult,Low,Lower,0,13.28,Single
4295,2,male,39.0,0,1,60.25,S,2,0,0,Adult,Medium,Middle,0,30.125,Small Family
4296,2,male,37.0,0,0,83.48,S,1,1,1,Adult,High,Middle,0,83.48,Single
4297,1,male,21.0,3,2,243.31125,S,6,0,1,Young Adult,Very High,Upper,0,40.551875,Large Family
4298,1,male,32.0,2,1,243.31125,S,4,0,1,Young Adult,Very High,Upper,0,60.8278125,Small Family
4299,2,male,19.0,2,0,64.29,Q,3,0,0,Teen,Medium,Middle,0,21.430000000000003,Small Family
4300,3,female,30.0,0,0,33.81,C,1,1,1,Young Adult,Medium,Lower,0,33.81,Single
4301,1,female,34.0,1,0,163.04,S,2,0,1,Young Adult,Very High,Upper,0,81.52,Small Family
4302,3,male,52.0,0,0,45.48,S,1,1,0,Adult,Medium,Lower,0,45.48,Single
4303,3,male,13.0,0,0,35.82,S,1,1,0,Teen,Medium,Lower,1,35.82,Single
4304,3,male,36.0,0,0,29.19,S,1,1,0,Adult,Medium,Lower,0,29.19,Single
4305,3,male,49.0,0,1,57.1,S,2,0,0,Adult,Medium,Lower,0,28.55,Small Family
4306,1,female,40.0,0,0,195.57,S,1,1,1,Adult,Very High,Upper,0,195.57,Single
4307,2,female,41.0,2,1,54.83,Q,4,0,1,Adult,Medium,Middle,0,13.7075,Small Family
4308,3,male,38.0,0,1,55.7,S,2,0,0,Adult,Medium,Lower,0,27.85,Small Family
4309,3,female,47.0,0,0,36.06,S,1,1,1,Adult,Medium,Lower,0,36.06,Single
4310,3,female,16.0,0,0,50.48,Q,1,1,1,Teen,Medium,Lower,0,50.48,Single
4311,2,female,12.0,0,1,40.97,S,2,0,1,Child,Medium,Middle,1,20.485,Small Family
4312,3,female,30.0,0,2,9.77,S,3,0,1,Young Adult,Low,Lower,0,3.2566666666666664,Small Family
4313,1,male,2.0,0,0,243.31125,S,1,1,1,Child,Very High,Upper,1,243.31125,Single
4314,3,female,46.0,0,0,14.11,S,1,1,1,Adult,Low,Lower,0,14.11,Single
4315,3,male,46.0,0,0,18.83,C,1,1,0,Adult,Low,Lower,0,18.83,Single
4316,1,female,24.0,0,0,204.48,S,1,1,1,Young Adult,Very High,Upper,0,204.48,Single
4317,3,male,25.0,0,0,23.56,C,1,1,0,Young Adult,Low,Lower,0,23.56,Single
4318,1,female,29.0,0,0,243.31125,C,1,1,1,Young Adult,Very High,Upper,0,243.31125,Single
4319,2,male,31.0,0,0,77.29,S,1,1,0,Young Adult,Medium,Middle,0,77.29,Single
4320,3,male,32.0,0,0,59.81,S,1,1,0,Young Adult,Medium,Lower,0,59.81,Single
4321,3,female,37.0,2,0,7.89,S,3,0,1,Adult,Low,Lower,0,2.63,Small Family
4322,3,male,28.0,0,0,47.81,S,1,1,0,Young Adult,Medium,Lower,0,47.81,Single
4323,3,male,42.0,0,1,12.04,S,2,0,0,Adult,Low,Lower,0,6.02,Small Family
4324,2,male,36.0,3,0,73.81,S,4,0,1,Adult,Medium,Middle,0,18.4525,Small Family
4325,3,female,22.0,2,2,40.12,S,5,0,1,Young Adult,Medium,Lower,0,8.024,Large Family
4326,3,male,47.0,4,0,53.03,Q,5,0,0,Adult,Medium,Lower,0,10.606,Large Family
4327,1,male,12.0,1,0,243.31125,S,2,0,1,Child,Very High,Upper,1,121.655625,Small Family
4328,3,female,29.0,0,0,23.79,S,1,1,1,Young Adult,Low,Lower,0,23.79,Single
4329,1,female,43.0,0,1,243.31125,C,2,0,1,Adult,Very High,Upper,0,121.655625,Small Family
4330,3,male,21.0,1,0,54.86,S,2,0,0,Young Adult,Medium,Lower,0,27.43,Small Family
4331,2,male,34.0,4,0,101.56,S,5,0,1,Young Adult,High,Middle,0,20.312,Large Family
4332,1,male,37.0,1,1,243.31125,Q,3,0,1,Adult,Very High,Upper,0,81.10375,Small Family
4333,2,male,19.0,2,1,51.13,S,4,0,0,Teen,Medium,Middle,0,12.7825,Small Family
4334,3,male,29.0,0,0,35.41,S,1,1,0,Young Adult,Medium,Lower,0,35.41,Single
4335,2,male,28.0,0,1,83.14,S,2,0,0,Young Adult,High,Middle,0,41.57,Small Family
4336,1,female,23.0,2,0,149.91,S,3,0,1,Young Adult,High,Upper,0,49.97,Small Family
4337,3,male,60.0,1,0,30.39,S,2,0,0,Adult,Medium,Lower,0,15.195,Small Family
4338,3,male,20.0,4,0,37.03,S,5,0,0,Young Adult,Medium,Lower,0,7.406000000000001,Large Family
4339,2,female,43.0,1,0,63.01,S,2,0,1,Adult,Medium,Middle,0,31.505,Small Family
4340,1,male,25.0,0,0,239.7,S,1,1,1,Young Adult,Very High,Upper,0,239.7,Single
4341,2,male,16.0,0,0,116.25,Q,1,1,0,Teen,High,Middle,0,116.25,Single
4342,1,male,31.0,2,0,210.63,S,3,0,1,Young Adult,Very High,Upper,0,70.21,Small Family
4343,3,male,38.0,0,0,22.21,S,1,1,0,Adult,Low,Lower,0,22.21,Single
4344,3,male,42.0,0,0,22.22,Q,1,1,0,Adult,Low,Lower,0,22.22,Single
4345,3,female,50.0,0,0,10.71,S,1,1,1,Adult,Low,Lower,0,10.71,Single
4346,2,male,62.375,0,0,97.19,S,1,1,0,Senior,High,Middle,0,97.19,Single
4347,3,male,33.0,0,0,18.47,S,1,1,0,Young Adult,Low,Lower,0,18.47,Single
4348,3,male,21.0,1,2,13.16,Q,4,0,0,Young Adult,Low,Lower,0,3.29,Small Family
4349,3,male,36.0,0,0,17.47,C,1,1,0,Adult,Low,Lower,0,17.47,Single
4350,3,male,27.0,0,0,18.81,Q,1,1,0,Young Adult,Low,Lower,0,18.81,Single
4351,3,female,42.0,1,0,32.72,S,2,0,1,Adult,Medium,Lower,0,16.36,Small Family
4352,3,female,13.0,0,1,26.23,S,2,0,1,Teen,Medium,Lower,1,13.115,Small Family
4353,2,male,61.0,2,0,55.36,S,3,0,0,Senior,Medium,Middle,0,18.453333333333333,Small Family
4354,3,female,41.0,0,0,34.48,Q,1,1,0,Adult,Medium,Lower,0,34.48,Single
4355,3,female,8.0,3,0,48.33,S,4,0,1,Child,Medium,Lower,1,12.0825,Small Family
4356,3,male,21.0,0,3,36.58,S,4,0,0,Young Adult,Medium,Lower,0,9.145,Small Family
4357,1,male,41.0,0,0,243.31125,S,1,1,1,Adult,Very High,Upper,0,243.31125,Single
4358,3,female,45.0,2,0,10.45,S,3,0,1,Adult,Low,Lower,0,3.483333333333333,Small Family
4359,3,male,13.0,1,0,50.16,S,2,0,0,Teen,Medium,Lower,1,25.08,Small Family
4360,1,male,39.0,0,0,123.75,S,1,1,1,Adult,High,Upper,0,123.75,Single
4361,1,male,5.0,4,0,105.8,S,5,0,1,Child,High,Upper,1,21.16,Large Family
4362,3,male,29.0,0,1,33.55,S,2,0,0,Young Adult,Medium,Lower,0,16.775,Small Family
4363,3,male,44.0,3,0,22.89,S,4,0,0,Adult,Low,Lower,0,5.7225,Small Family
4364,3,female,23.0,0,0,22.85,S,1,1,0,Young Adult,Low,Lower,0,22.85,Single
4365,1,female,10.0,0,0,243.31125,S,1,1,1,Child,Very High,Upper,1,243.31125,Single
4366,3,male,32.0,0,0,7.46,S,1,1,0,Young Adult,Low,Lower,0,7.46,Single
4367,1,male,22.0,0,0,243.31125,Q,1,1,0,Young Adult,Very High,Upper,0,243.31125,Single
4368,2,male,38.0,0,0,67.82,S,1,1,0,Adult,Medium,Middle,0,67.82,Single
4369,1,male,18.0,0,0,243.31125,S,1,1,0,Teen,Very High,Upper,0,243.31125,Single
4370,1,male,20.0,0,0,176.84,S,1,1,1,Young Adult,Very High,Upper,0,176.84,Single
4371,1,male,4.0,0,0,165.82,S,1,1,1,Child,Very High,Upper,1,165.82,Single
4372,2,female,32.0,0,1,107.7,S,2,0,1,Young Adult,High,Middle,0,53.85,Small Family
4373,1,female,28.0,2,0,150.02,C,3,0,1,Young Adult,Very High,Upper,0,50.00666666666667,Small Family
4374,2,male,15.0,0,2,88.2,S,3,0,0,Teen,High,Middle,1,29.400000000000002,Small Family
4375,3,female,33.0,1,0,6.05,C,2,0,0,Young Adult,Low,Lower,0,3.025,Small Family
4376,2,female,43.0,3,0,84.73,Q,4,0,1,Adult,High,Middle,0,21.1825,Small Family
4377,2,male,27.0,1,0,40.45,S,2,0,0,Young Adult,Medium,Middle,0,20.225,Small Family
4378,3,male,33.0,4,0,59.74,S,5,0,0,Young Adult,Medium,Lower,0,11.948,Large Family
4379,1,male,34.0,0,0,120.52,S,1,1,0,Young Adult,High,Upper,0,120.52,Single
4380,3,female,14.0,0,1,15.29,S,2,0,1,Teen,Low,Lower,1,7.645,Small Family
4381,1,female,57.0,0,2,243.31125,C,3,0,1,Adult,Very High,Upper,0,81.10375,Small Family
4382,1,female,24.0,0,0,127.4,C,1,1,1,Young Adult,High,Upper,0,127.4,Single
4383,3,male,39.0,2,2,13.18,S,5,0,0,Adult,Low,Lower,0,2.636,Large Family
4384,3,female,40.0,0,0,32.72,S,1,1,0,Adult,Medium,Lower,0,32.72,Single
4385,3,male,28.0,0,2,26.97,S,3,0,0,Young Adult,Medium,Lower,0,8.99,Small Family
4386,3,male,38.0,1,0,22.85,S,2,0,0,Adult,Low,Lower,0,11.425,Small Family
4387,3,male,33.0,0,1,50.24,S,2,0,0,Young Adult,Medium,Lower,0,25.12,Small Family
4388,1,female,12.0,0,0,243.31125,C,1,1,1,Child,Very High,Upper,1,243.31125,Single
4389,1,male,26.0,0,2,243.31125,S,3,0,1,Young Adult,Very High,Upper,0,81.10375,Small Family
4390,1,male,22.0,2,0,243.31125,S,3,0,1,Young Adult,Very High,Upper,0,81.10375,Small Family
4391,1,male,24.0,2,0,219.11,S,3,0,1,Young Adult,Very High,Upper,0,73.03666666666668,Small Family
4392,3,male,13.0,0,0,34.58,C,1,1,0,Teen,Medium,Lower,1,34.58,Single
4393,3,female,45.0,0,1,37.53,C,2,0,1,Adult,Medium,Lower,0,18.765,Small Family
4394,1,male,51.0,0,0,101.03,C,1,1,1,Adult,High,Upper,0,101.03,Single
4395,3,female,43.0,0,0,56.84,S,1,1,1,Adult,Medium,Lower,0,56.84,Single
4396,3,female,47.0,1,0,44.97,S,2,0,1,Adult,Medium,Lower,0,22.485,Small Family
4397,2,female,26.0,0,1,50.03,S,2,0,1,Young Adult,Medium,Middle,0,25.015,Small Family
4398,1,male,22.0,0,0,243.31125,S,1,1,1,Young Adult,Very High,Upper,0,243.31125,Single
4399,1,male,20.0,3,0,197.32,Q,4,0,1,Young Adult,Very High,Upper,0,49.33,Small Family
4400,1,female,38.0,2,2,160.24,S,5,0,1,Adult,Very High,Upper,0,32.048,Large Family
4401,1,male,33.0,1,0,156.57,S,2,0,1,Young Adult,Very High,Upper,0,78.285,Small Family
4402,3,female,29.0,0,0,25.1,C,1,1,1,Young Adult,Medium,Lower,0,25.1,Single
4403,1,male,47.0,0,0,142.72,S,1,1,0,Adult,High,Upper,0,142.72,Single
4404,2,female,35.0,0,2,117.09,S,3,0,1,Young Adult,High,Middle,0,39.03,Small Family
4405,3,female,19.0,1,0,55.83,S,2,0,1,Teen,Medium,Lower,0,27.915,Small Family
4406,3,male,21.0,0,0,9.85,S,1,1,0,Young Adult,Low,Lower,0,9.85,Single
4407,3,female,39.0,2,2,36.9,C,5,0,1,Adult,Medium,Lower,0,7.38,Large Family
4408,1,male,44.0,4,0,235.65,C,5,0,1,Adult,Very High,Upper,0,47.13,Large Family
4409,2,female,37.0,0,1,97.72,S,2,0,1,Adult,High,Middle,0,48.86,Small Family
4410,3,male,55.0,0,0,49.01,S,1,1,0,Adult,Medium,Lower,0,49.01,Single
4411,1,female,51.0,1,0,243.31125,S,2,0,1,Adult,Very High,Upper,0,121.655625,Small Family
4412,1,male,36.0,3,0,169.5,S,4,0,1,Adult,Very High,Upper,0,42.375,Small Family
4413,3,male,19.0,2,1,27.67,S,4,0,0,Teen,Medium,Lower,0,6.9175,Small Family
4414,3,female,13.0,0,0,43.01,C,1,1,1,Teen,Medium,Lower,1,43.01,Single
4415,2,male,25.0,0,0,116.44,S,1,1,0,Young Adult,High,Middle,0,116.44,Single
4416,2,female,40.0,1,2,42.95,S,4,0,1,Adult,Medium,Middle,0,10.7375,Small Family
4417,2,male,54.0,1,0,63.36,S,2,0,1,Adult,Medium,Middle,0,31.68,Small Family
4418,1,female,35.0,0,1,159.94,S,2,0,1,Young Adult,Very High,Upper,0,79.97,Small Family
4419,2,male,45.0,0,0,110.34,S,1,1,1,Adult,High,Middle,0,110.34,Single
4420,1,male,27.0,1,0,243.31125,S,2,0,1,Young Adult,Very High,Upper,0,121.655625,Small Family
4421,1,male,38.0,0,1,172.97,S,2,0,1,Adult,Very High,Upper,0,86.485,Small Family
4422,3,male,41.0,2,0,33.17,S,3,0,0,Adult,Medium,Lower,0,11.056666666666667,Small Family
4423,3,male,4.0,0,1,36.55,S,2,0,1,Child,Medium,Lower,1,18.275,Small Family
4424,3,male,25.0,1,0,13.04,C,2,0,0,Young Adult,Low,Lower,0,6.52,Small Family
4425,2,male,42.0,1,0,65.26,S,2,0,0,Adult,Medium,Middle,0,32.63,Small Family
4426,2,male,34.0,0,0,101.78,S,1,1,1,Young Adult,High,Middle,0,101.78,Single
4427,1,female,14.0,1,0,243.31125,S,2,0,1,Teen,Very High,Upper,1,121.655625,Small Family
4428,1,male,1.0,1,0,243.31125,S,2,0,1,Child,Very High,Upper,1,121.655625,Small Family
4429,1,male,25.0,3,1,140.75,S,5,0,1,Young Adult,High,Upper,0,28.15,Large Family
4430,3,male,29.0,0,0,46.69,C,1,1,0,Young Adult,Medium,Lower,0,46.69,Single
4431,3,male,19.0,1,0,36.23,C,2,0,0,Teen,Medium,Lower,0,18.115,Small Family
4432,3,female,32.0,1,1,26.27,S,3,0,0,Young Adult,Medium,Lower,0,8.756666666666666,Small Family
4433,2,male,37.0,0,1,88.04,S,2,0,0,Adult,High,Middle,0,44.02,Small Family
4434,3,female,39.0,2,0,13.29,S,3,0,1,Adult,Low,Lower,0,4.43,Small Family
4435,1,female,1.0,0,0,144.68,S,1,1,1,Child,High,Upper,1,144.68,Single
4436,2,female,13.0,0,1,91.09,S,2,0,1,Teen,High,Middle,1,45.545,Small Family
4437,2,male,26.0,0,0,108.09,Q,1,1,0,Young Adult,High,Middle,0,108.09,Single
4438,3,female,37.0,0,0,54.32,S,1,1,1,Adult,Medium,Lower,0,54.32,Single
4439,3,female,36.0,2,3,48.74,S,6,0,1,Adult,Medium,Lower,0,8.123333333333333,Large Family
4440,1,male,36.0,1,0,103.02,S,2,0,0,Adult,High,Upper,0,51.51,Small Family
4441,3,female,25.0,0,0,53.47,S,1,1,1,Young Adult,Medium,Lower,0,53.47,Single
4442,3,female,26.0,1,2,29.88,S,4,0,1,Young Adult,Medium,Lower,0,7.47,Small Family
4443,1,female,21.0,0,1,243.31125,C,2,0,1,Young Adult,Very High,Upper,0,121.655625,Small Family
4444,2,female,40.0,0,2,49.32,S,3,0,1,Adult,Medium,Middle,0,16.44,Small Family
4445,2,male,18.0,0,0,83.65,S,1,1,0,Teen,High,Middle,0,83.65,Single
4446,3,female,41.0,0,0,18.93,Q,1,1,0,Adult,Low,Lower,0,18.93,Single
4447,1,male,33.0,0,1,243.31125,C,2,0,1,Young Adult,Very High,Upper,0,121.655625,Small Family
4448,3,male,29.0,1,0,31.76,C,2,0,0,Young Adult,Medium,Lower,0,15.88,Small Family
4449,2,female,21.0,0,1,61.31,S,2,0,1,Young Adult,Medium,Middle,0,30.655,Small Family
4450,3,female,12.0,0,0,48.21,Q,1,1,1,Child,Medium,Lower,1,48.21,Single
4451,2,male,22.0,0,1,70.16,C,2,0,0,Young Adult,Medium,Middle,0,35.08,Small Family
4452,3,male,26.0,0,0,29.58,C,1,1,0,Young Adult,Medium,Lower,0,29.58,Single
4453,3,female,1.0,3,0,5.1,Q,4,0,1,Child,Low,Lower,1,1.275,Small Family
4454,3,female,27.0,0,0,49.98,Q,1,1,1,Young Adult,Medium,Lower,0,49.98,Single
4455,3,male,42.0,2,1,32.11,S,4,0,0,Adult,Medium,Lower,0,8.0275,Small Family
4456,1,female,37.0,0,0,243.31125,S,1,1,1,Adult,Very High,Upper,0,243.31125,Single
4457,3,male,24.0,1,0,46.88,S,2,0,0,Young Adult,Medium,Lower,0,23.44,Small Family
4458,1,male,31.0,0,0,196.66,S,1,1,0,Young Adult,Very High,Upper,0,196.66,Single
4459,2,male,23.0,3,0,61.72,S,4,0,0,Young Adult,Medium,Middle,0,15.43,Small Family
4460,3,female,32.0,0,1,36.67,S,2,0,1,Young Adult,Medium,Lower,0,18.335,Small Family
4461,2,male,50.0,0,0,58.66,S,1,1,0,Adult,Medium,Middle,0,58.66,Single
4462,3,female,43.0,4,0,14.99,S,5,0,1,Adult,Low,Lower,0,2.998,Large Family
4463,3,male,37.0,2,0,21.46,S,3,0,0,Adult,Low,Lower,0,7.153333333333333,Small Family
4464,1,male,24.0,0,0,243.31125,S,1,1,1,Young Adult,Very High,Upper,0,243.31125,Single
4465,3,male,40.0,4,2,59.56,C,7,0,0,Adult,Medium,Lower,0,8.508571428571429,Large Family
4466,2,male,8.0,1,0,43.28,Q,2,0,1,Child,Medium,Middle,1,21.64,Small Family
4467,1,male,27.0,0,0,243.31125,S,1,1,1,Young Adult,Very High,Upper,0,243.31125,Single
4468,1,male,38.0,0,0,183.85,S,1,1,0,Adult,Very High,Upper,0,183.85,Single
4469,3,male,40.0,0,1,28.16,S,2,0,0,Adult,Medium,Lower,0,14.08,Small Family
4470,3,female,39.0,0,0,29.41,S,1,1,1,Adult,Medium,Lower,0,29.41,Single
4471,3,male,34.0,1,1,35.19,C,3,0,0,Young Adult,Medium,Lower,0,11.729999999999999,Small Family
4472,3,male,27.0,0,0,37.76,S,1,1,0,Young Adult,Medium,Lower,0,37.76,Single
4473,1,male,37.0,0,1,243.31125,S,2,0,1,Adult,Very High,Upper,0,121.655625,Small Family
4474,2,female,18.0,2,0,46.33,C,3,0,1,Teen,Medium,Middle,0,15.443333333333333,Small Family
4475,3,male,19.0,0,2,50.04,Q,3,0,0,Teen,Medium,Lower,0,16.68,Small Family
4476,2,male,31.0,4,0,42.12,S,5,0,1,Young Adult,Medium,Middle,0,8.424,Large Family
4477,2,male,32.0,3,0,80.1,S,4,0,0,Young Adult,High,Middle,0,20.025,Small Family
4478,2,male,6.0,3,1,88.34,S,5,0,1,Child,High,Middle,1,17.668,Large Family
4479,3,female,36.0,1,0,47.19,S,2,0,1,Adult,Medium,Lower,0,23.595,Small Family
4480,3,female,40.0,0,0,37.1,C,1,1,1,Adult,Medium,Lower,0,37.1,Single
4481,1,female,29.0,0,2,167.37,Q,3,0,1,Young Adult,Very High,Upper,0,55.79,Small Family
4482,2,female,61.0,0,0,65.79,S,1,1,1,Senior,Medium,Middle,0,65.79,Single
4483,3,male,21.0,0,0,10.73,C,1,1,1,Young Adult,Low,Lower,0,10.73,Single
4484,3,male,25.0,1,0,21.58,S,2,0,0,Young Adult,Low,Lower,0,10.79,Small Family
4485,1,male,25.0,0,0,243.31125,S,1,1,1,Young Adult,Very High,Upper,0,243.31125,Single
4486,3,male,29.0,3,1,21.77,S,5,0,0,Young Adult,Low,Lower,0,4.354,Large Family
4487,1,female,26.0,2,0,243.31125,C,3,0,1,Young Adult,Very High,Upper,0,81.10375,Small Family
4488,2,female,12.0,0,0,110.35,C,1,1,1,Child,High,Middle,1,110.35,Single
4489,3,female,23.0,0,0,46.13,S,1,1,1,Young Adult,Medium,Lower,0,46.13,Single
4490,3,female,29.0,0,0,23.99,S,1,1,0,Young Adult,Low,Lower,0,23.99,Single
4491,2,male,46.0,2,2,115.87,S,5,0,0,Adult,High,Middle,0,23.174,Large Family
4492,3,female,59.0,1,1,39.51,C,3,0,1,Adult,Medium,Lower,0,13.17,Small Family
4493,3,female,47.0,0,0,5.21,S,1,1,1,Adult,Low,Lower,0,5.21,Single
4494,3,female,20.0,0,0,25.91,S,1,1,1,Young Adult,Medium,Lower,0,25.91,Single
4495,3,male,21.0,0,2,20.98,C,3,0,0,Young Adult,Low,Lower,0,6.993333333333333,Small Family
4496,3,male,28.0,3,0,16.98,S,4,0,0,Young Adult,Low,Lower,0,4.245,Small Family
4497,2,male,53.0,0,0,90.54,S,1,1,1,Adult,High,Middle,0,90.54,Single
4498,1,male,28.0,0,0,155.12,C,1,1,1,Young Adult,Very High,Upper,0,155.12,Single
4499,2,male,13.0,2,0,99.35,S,3,0,1,Teen,High,Middle,1,33.11666666666667,Small Family
4500,2,female,23.0,2,1,51.31,S,4,0,1,Young Adult,Medium,Middle,0,12.8275,Small Family
4501,3,male,40.0,2,0,16.78,S,3,0,0,Adult,Low,Lower,0,5.593333333333334,Small Family
4502,3,male,39.0,0,2,14.59,S,3,0,0,Adult,Low,Lower,0,4.863333333333333,Small Family
4503,2,male,27.0,1,0,117.81,S,2,0,1,Young Adult,High,Middle,0,58.905,Small Family
4504,1,male,39.0,0,0,185.54,S,1,1,1,Adult,Very High,Upper,0,185.54,Single
4505,2,female,1.0,0,2,112.53,S,3,0,1,Child,High,Middle,1,37.51,Small Family
4506,2,male,31.0,0,1,67.29,S,2,0,1,Young Adult,Medium,Middle,0,33.645,Small Family
4507,3,female,41.0,0,1,55.4,S,2,0,1,Adult,Medium,Lower,0,27.7,Small Family
4508,1,male,19.0,0,0,169.02,S,1,1,1,Teen,Very High,Upper,0,169.02,Single
4509,3,female,19.0,3,1,13.55,S,5,0,1,Teen,Low,Lower,0,2.71,Large Family
4510,3,female,6.0,0,0,42.59,S,1,1,1,Child,Medium,Lower,1,42.59,Single
4511,1,male,51.0,3,0,243.31125,S,4,0,1,Adult,Very High,Upper,0,60.8278125,Small Family
4512,2,male,21.0,0,0,114.14,S,1,1,1,Young Adult,High,Middle,0,114.14,Single
4513,1,female,33.0,0,0,223.25,S,1,1,1,Young Adult,Very High,Upper,0,223.25,Single
4514,3,male,38.0,1,1,43.34,S,3,0,0,Adult,Medium,Lower,0,14.446666666666667,Small Family
4515,3,male,50.0,1,0,22.68,C,2,0,0,Adult,Low,Lower,0,11.34,Small Family
4516,2,female,28.0,0,0,65.83,S,1,1,1,Young Adult,Medium,Middle,0,65.83,Single
4517,3,male,23.0,2,0,26.59,S,3,0,0,Young Adult,Medium,Lower,0,8.863333333333333,Small Family
4518,3,male,32.0,0,0,17.13,S,1,1,0,Young Adult,Low,Lower,0,17.13,Single
4519,1,male,47.0,3,0,243.31125,S,4,0,1,Adult,Very High,Upper,0,60.8278125,Small Family
4520,1,male,28.0,0,0,243.31125,S,1,1,1,Young Adult,Very High,Upper,0,243.31125,Single
4521,3,female,18.0,2,0,41.31,S,3,0,1,Teen,Medium,Lower,0,13.770000000000001,Small Family
4522,3,male,10.0,0,0,28.98,C,1,1,0,Child,Medium,Lower,1,28.98,Single
4523,3,male,14.0,2,3,11.54,S,6,0,1,Teen,Low,Lower,1,1.9233333333333331,Large Family
4524,3,male,41.0,1,0,57.64,S,2,0,0,Adult,Medium,Lower,0,28.82,Small Family
4525,3,female,26.0,0,0,19.87,S,1,1,1,Young Adult,Low,Lower,0,19.87,Single
4526,2,male,22.0,2,1,43.26,S,4,0,1,Young Adult,Medium,Middle,0,10.815,Small Family
4527,3,male,21.0,0,0,40.5,C,1,1,0,Young Adult,Medium,Lower,0,40.5,Single
4528,3,female,31.0,0,2,47.38,S,3,0,1,Young Adult,Medium,Lower,0,15.793333333333335,Small Family
4529,3,male,27.0,1,0,59.13,S,2,0,0,Young Adult,Medium,Lower,0,29.565,Small Family
4530,1,male,26.0,0,1,105.6,S,2,0,1,Young Adult,High,Upper,0,52.8,Small Family
4531,2,female,48.0,0,0,58.53,Q,1,1,1,Adult,Medium,Middle,0,58.53,Single
4532,1,male,50.0,0,0,243.31125,S,1,1,0,Adult,Very High,Upper,0,243.31125,Single
4533,1,female,9.0,2,0,243.31125,S,3,0,1,Child,Very High,Upper,1,81.10375,Small Family
4534,2,male,34.0,0,0,57.46,S,1,1,0,Young Adult,Medium,Middle,0,57.46,Single
4535,3,male,20.0,0,1,5.95,S,2,0,0,Young Adult,Low,Lower,0,2.975,Small Family
4536,3,male,27.0,1,0,15.79,S,2,0,0,Young Adult,Low,Lower,0,7.895,Small Family
4537,2,male,34.0,2,0,109.02,S,3,0,1,Young Adult,High,Middle,0,36.339999999999996,Small Family
4538,3,male,27.0,3,0,14.93,C,4,0,0,Young Adult,Low,Lower,0,3.7325,Small Family
4539,1,female,33.0,1,1,152.4,S,3,0,1,Young Adult,Very High,Upper,0,50.800000000000004,Small Family
4540,1,male,39.0,1,1,243.31125,S,3,0,1,Adult,Very High,Upper,0,81.10375,Small Family
4541,1,female,34.0,0,0,125.27,C,1,1,1,Young Adult,High,Upper,0,125.27,Single
4542,3,female,22.0,0,0,50.7,C,1,1,1,Young Adult,Medium,Lower,0,50.7,Single
4543,1,female,22.0,1,0,137.29,S,2,0,1,Young Adult,High,Upper,0,68.645,Small Family
4544,2,male,11.0,4,0,55.73,S,5,0,1,Child,Medium,Middle,1,11.145999999999999,Large Family
4545,2,female,19.0,1,0,90.09,C,2,0,1,Teen,High,Middle,0,45.045,Small Family
4546,3,female,56.0,0,0,19.97,S,1,1,1,Adult,Low,Lower,0,19.97,Single
4547,1,female,20.0,0,3,237.89,S,4,0,1,Young Adult,Very High,Upper,0,59.4725,Small Family
4548,3,female,14.0,1,2,41.96,S,4,0,0,Teen,Medium,Lower,1,10.49,Small Family
4549,3,male,34.0,1,0,51.3,S,2,0,0,Young Adult,Medium,Lower,0,25.65,Small Family
4550,3,male,29.0,1,0,15.11,C,2,0,0,Young Adult,Low,Lower,0,7.555,Small Family
4551,3,female,27.0,0,3,53.33,S,4,0,1,Young Adult,Medium,Lower,0,13.3325,Small Family
4552,1,male,48.0,0,0,243.31125,S,1,1,1,Adult,Very High,Upper,0,243.31125,Single
4553,1,male,37.0,3,0,243.31125,S,4,0,1,Adult,Very High,Upper,0,60.8278125,Small Family
4554,3,male,23.0,1,2,40.36,S,4,0,0,Young Adult,Medium,Lower,0,10.09,Small Family
4555,2,male,24.0,0,0,75.51,C,1,1,0,Young Adult,Medium,Middle,0,75.51,Single
4556,3,male,23.0,0,0,6.55,S,1,1,0,Young Adult,Low,Lower,0,6.55,Single
4557,3,female,41.0,3,0,26.96,S,4,0,0,Adult,Medium,Lower,0,6.74,Small Family
4558,3,male,26.0,2,0,48.16,S,3,0,1,Young Adult,Medium,Lower,0,16.05333333333333,Small Family
4559,3,male,7.0,0,0,35.55,S,1,1,0,Child,Medium,Lower,1,35.55,Single
4560,3,male,29.0,0,0,20.51,S,1,1,0,Young Adult,Low,Lower,0,20.51,Single
4561,3,male,10.0,0,0,56.08,C,1,1,0,Child,Medium,Lower,1,56.08,Single
4562,2,female,58.0,0,3,65.0,S,4,0,1,Adult,Medium,Middle,0,16.25,Small Family
4563,3,male,17.0,1,0,18.9,S,2,0,0,Teen,Low,Lower,0,9.45,Small Family
4564,1,male,28.0,0,0,214.29,S,1,1,0,Young Adult,Very High,Upper,0,214.29,Single
4565,1,female,33.0,1,0,243.31125,S,2,0,1,Young Adult,Very High,Upper,0,121.655625,Small Family
4566,3,female,26.0,1,0,32.92,S,2,0,1,Young Adult,Medium,Lower,0,16.46,Small Family
4567,2,male,26.0,0,1,58.34,S,2,0,0,Young Adult,Medium,Middle,0,29.17,Small Family
4568,1,male,35.0,0,0,221.55,S,1,1,1,Young Adult,Very High,Upper,0,221.55,Single
4569,1,male,50.0,0,0,100.37,Q,1,1,1,Adult,High,Upper,0,100.37,Single
4570,3,male,40.0,0,0,14.49,C,1,1,0,Adult,Low,Lower,0,14.49,Single
4571,3,male,49.0,0,0,48.36,S,1,1,0,Adult,Medium,Lower,0,48.36,Single
4572,3,female,16.0,1,0,46.16,S,2,0,1,Teen,Medium,Lower,0,23.08,Small Family
4573,1,female,34.0,1,0,243.31125,S,2,0,1,Young Adult,Very High,Upper,0,121.655625,Small Family
4574,3,female,32.0,1,0,22.89,C,2,0,1,Young Adult,Low,Lower,0,11.445,Small Family
4575,3,male,35.0,1,3,44.06,Q,5,0,0,Young Adult,Medium,Lower,0,8.812000000000001,Large Family
4576,2,female,48.0,1,1,59.1,S,3,0,1,Adult,Medium,Middle,0,19.7,Small Family
4577,2,male,27.0,1,1,85.8,Q,3,0,1,Young Adult,High,Middle,0,28.599999999999998,Small Family
4578,1,male,25.0,0,2,243.31125,S,3,0,1,Young Adult,Very High,Upper,0,81.10375,Small Family
4579,3,female,37.0,4,1,53.43,S,6,0,1,Adult,Medium,Lower,0,8.905,Large Family
4580,3,female,7.0,0,2,9.13,S,3,0,1,Child,Low,Lower,1,3.0433333333333334,Small Family
4581,3,female,27.0,0,0,29.52,C,1,1,1,Young Adult,Medium,Lower,0,29.52,Single
4582,2,male,28.0,0,0,54.73,S,1,1,1,Young Adult,Medium,Middle,0,54.73,Single
4583,3,female,18.0,4,1,42.2,C,6,0,0,Teen,Medium,Lower,0,7.033333333333334,Large Family
4584,3,female,44.0,4,0,59.79,S,5,0,1,Adult,Medium,Lower,0,11.958,Large Family
4585,3,male,16.0,1,0,42.55,S,2,0,0,Teen,Medium,Lower,0,21.275,Small Family
4586,3,male,28.0,1,0,39.11,S,2,0,0,Young Adult,Medium,Lower,0,19.555,Small Family
4587,2,female,34.0,0,0,108.85,S,1,1,1,Young Adult,High,Middle,0,108.85,Single
4588,1,male,48.0,4,0,183.69,S,5,0,1,Adult,Very High,Upper,0,36.738,Large Family
4589,3,female,30.0,1,0,9.09,C,2,0,1,Young Adult,Low,Lower,0,4.545,Small Family
4590,3,male,42.0,3,0,35.84,S,4,0,0,Adult,Medium,Lower,0,8.96,Small Family
4591,3,male,39.0,0,1,24.73,S,2,0,0,Adult,Low,Lower,0,12.365,Small Family
4592,1,female,32.0,0,1,243.31125,S,2,0,1,Young Adult,Very High,Upper,0,121.655625,Small Family
4593,3,male,16.0,2,1,21.85,C,4,0,0,Teen,Low,Lower,0,5.4625,Small Family
4594,2,male,11.0,0,2,51.69,S,3,0,1,Child,Medium,Middle,1,17.23,Small Family
4595,2,female,31.0,3,0,52.23,Q,4,0,1,Young Adult,Medium,Middle,0,13.0575,Small Family
4596,3,female,23.0,0,0,10.19,Q,1,1,1,Young Adult,Low,Lower,0,10.19,Single
4597,3,male,42.0,3,0,34.71,S,4,0,0,Adult,Medium,Lower,0,8.6775,Small Family
4598,1,female,40.0,0,2,243.31125,S,3,0,1,Adult,Very High,Upper,0,81.10375,Small Family
4599,2,female,28.0,1,0,108.17,S,2,0,1,Young Adult,High,Middle,0,54.085,Small Family
4600,2,male,15.0,0,1,115.32,S,2,0,1,Teen,High,Middle,1,57.66,Small Family
4601,1,female,37.0,1,0,136.32,S,2,0,1,Adult,High,Upper,0,68.16,Small Family
4602,3,male,17.0,0,2,7.07,S,3,0,0,Teen,Low,Lower,0,2.356666666666667,Small Family
4603,3,female,20.0,3,0,30.85,Q,4,0,1,Young Adult,Medium,Lower,0,7.7125,Small Family
4604,2,female,17.0,1,1,118.22,C,3,0,1,Teen,High,Middle,0,39.406666666666666,Small Family
4605,3,male,28.0,0,0,34.52,S,1,1,0,Young Adult,Medium,Lower,0,34.52,Single
4606,3,male,45.0,2,0,51.95,S,3,0,0,Adult,Medium,Lower,0,17.316666666666666,Small Family
4607,3,male,30.0,0,0,55.12,S,1,1,0,Young Adult,Medium,Lower,0,55.12,Single
4608,1,male,24.0,0,3,243.31125,C,4,0,1,Young Adult,Very High,Upper,0,60.8278125,Small Family
4609,3,female,10.0,0,0,49.65,S,1,1,1,Child,Medium,Lower,1,49.65,Single
4610,2,male,37.0,2,2,43.21,S,5,0,0,Adult,Medium,Middle,0,8.642,Large Family
4611,2,male,20.0,0,1,115.46,S,2,0,1,Young Adult,High,Middle,0,57.73,Small Family
4612,1,female,32.0,0,1,243.31125,S,2,0,1,Young Adult,Very High,Upper,0,121.655625,Small Family
4613,2,male,25.0,3,0,82.39,S,4,0,0,Young Adult,High,Middle,0,20.5975,Small Family
4614,1,female,41.0,1,0,243.31125,S,2,0,1,Adult,Very High,Upper,0,121.655625,Small Family
4615,1,male,28.0,0,0,158.08,S,1,1,1,Young Adult,Very High,Upper,0,158.08,Single
4616,2,male,29.0,1,2,67.33,S,4,0,0,Young Adult,Medium,Middle,0,16.8325,Small Family
4617,3,male,36.0,2,2,9.25,Q,5,0,0,Adult,Low,Lower,0,1.85,Large Family
4618,3,male,57.0,0,1,49.78,S,2,0,0,Adult,Medium,Lower,0,24.89,Small Family
4619,2,male,42.0,2,0,91.03,S,3,0,0,Adult,High,Middle,0,30.343333333333334,Small Family
4620,3,female,29.0,0,0,31.95,Q,1,1,0,Young Adult,Medium,Lower,0,31.95,Single
4621,3,male,30.0,1,3,19.55,C,5,0,0,Young Adult,Low,Lower,0,3.91,Large Family
4622,3,female,23.0,0,0,33.13,S,1,1,1,Young Adult,Medium,Lower,0,33.13,Single
4623,1,male,18.0,1,1,148.9,S,3,0,1,Teen,High,Upper,0,49.63333333333333,Small Family
4624,3,male,23.0,0,0,54.84,Q,1,1,0,Young Adult,Medium,Lower,0,54.84,Single
4625,3,male,20.0,1,0,58.38,S,2,0,0,Young Adult,Medium,Lower,0,29.19,Small Family
4626,3,female,38.0,0,1,28.47,C,2,0,1,Adult,Medium,Lower,0,14.235,Small Family
4627,2,male,16.0,0,0,67.54,S,1,1,0,Teen,Medium,Middle,0,67.54,Single
4628,3,male,47.0,0,0,21.22,C,1,1,0,Adult,Low,Lower,0,21.22,Single
4629,3,female,40.0,2,2,5.38,S,5,0,0,Adult,Low,Lower,0,1.076,Large Family
4630,3,male,30.0,0,1,47.22,S,2,0,0,Young Adult,Medium,Lower,0,23.61,Small Family
4631,1,female,30.0,0,1,227.61,C,2,0,1,Young Adult,Very High,Upper,0,113.805,Small Family
4632,2,male,23.0,0,1,88.53,S,2,0,1,Young Adult,High,Middle,0,44.265,Small Family
4633,3,female,34.0,1,0,55.82,S,2,0,1,Young Adult,Medium,Lower,0,27.91,Small Family
4634,3,male,44.0,0,0,48.55,S,1,1,0,Adult,Medium,Lower,0,48.55,Single
4635,1,female,21.0,1,0,243.31125,S,2,0,1,Young Adult,Very High,Upper,0,121.655625,Small Family
4636,3,female,10.0,0,0,47.73,S,1,1,1,Child,Medium,Lower,1,47.73,Single
4637,2,male,39.0,0,0,106.99,S,1,1,1,Adult,High,Middle,0,106.99,Single
4638,3,female,34.0,0,1,54.79,S,2,0,1,Young Adult,Medium,Lower,0,27.395,Small Family
4639,3,male,15.0,3,0,34.9,S,4,0,0,Teen,Medium,Lower,1,8.725,Small Family
4640,3,female,20.0,0,0,43.69,C,1,1,1,Young Adult,Medium,Lower,0,43.69,Single
4641,3,male,19.0,0,0,46.92,S,1,1,0,Teen,Medium,Lower,0,46.92,Single
4642,2,male,21.0,0,0,68.72,S,1,1,1,Young Adult,Medium,Middle,0,68.72,Single
4643,3,female,26.0,1,0,40.58,Q,2,0,0,Young Adult,Medium,Lower,0,20.29,Small Family
4644,1,female,27.0,0,1,122.14,C,2,0,1,Young Adult,High,Upper,0,61.07,Small Family
4645,3,female,22.0,2,0,31.36,S,3,0,1,Young Adult,Medium,Lower,0,10.453333333333333,Small Family
4646,3,male,20.0,0,0,59.79,S,1,1,0,Young Adult,Medium,Lower,0,59.79,Single
4647,3,male,27.0,0,0,23.57,S,1,1,0,Young Adult,Low,Lower,0,23.57,Single
4648,2,male,32.0,0,0,62.58,S,1,1,0,Young Adult,Medium,Middle,0,62.58,Single
4649,3,male,26.0,1,0,47.08,C,2,0,0,Young Adult,Medium,Lower,0,23.54,Small Family
4650,1,female,45.0,1,2,209.33,S,4,0,1,Adult,Very High,Upper,0,52.3325,Small Family
4651,1,female,37.0,0,0,151.07,Q,1,1,1,Adult,Very High,Upper,0,151.07,Single
4652,3,female,9.0,3,0,10.27,S,4,0,1,Child,Low,Lower,1,2.5675,Small Family
4653,2,female,37.0,0,0,60.12,S,1,1,1,Adult,Medium,Middle,0,60.12,Single
4654,3,female,38.0,1,0,56.92,S,2,0,1,Adult,Medium,Lower,0,28.46,Small Family
4655,2,male,24.0,0,0,64.23,S,1,1,0,Young Adult,Medium,Middle,0,64.23,Single
4656,1,male,11.0,0,0,243.31125,S,1,1,1,Child,Very High,Upper,1,243.31125,Single
4657,3,male,30.0,2,0,58.41,S,3,0,0,Young Adult,Medium,Lower,0,19.47,Small Family
4658,3,female,30.0,1,0,21.89,S,2,0,1,Young Adult,Low,Lower,0,10.945,Small Family
4659,1,male,15.0,0,0,115.71,S,1,1,0,Teen,High,Upper,1,115.71,Single
4660,3,male,11.0,0,0,32.4,S,1,1,0,Child,Medium,Lower,1,32.4,Single
4661,3,male,29.0,0,0,59.49,S,1,1,0,Young Adult,Medium,Lower,0,59.49,Single
4662,3,female,27.0,1,2,8.79,S,4,0,1,Young Adult,Low,Lower,0,2.1975,Small Family
4663,2,female,25.0,0,0,119.48,S,1,1,1,Young Adult,High,Middle,0,119.48,Single
4664,3,female,29.0,2,1,24.91,Q,4,0,1,Young Adult,Low,Lower,0,6.2275,Small Family
4665,3,female,16.0,0,0,9.31,C,1,1,0,Teen,Low,Lower,0,9.31,Single
4666,3,male,24.0,0,0,56.43,Q,1,1,0,Young Adult,Medium,Lower,0,56.43,Single
4667,1,female,37.0,0,0,206.04,Q,1,1,1,Adult,Very High,Upper,0,206.04,Single
4668,3,female,25.0,0,1,46.44,S,2,0,1,Young Adult,Medium,Lower,0,23.22,Small Family
4669,3,male,8.0,0,0,18.22,S,1,1,1,Child,Low,Lower,1,18.22,Single
4670,3,male,24.0,0,0,46.88,S,1,1,0,Young Adult,Medium,Lower,0,46.88,Single
4671,2,male,16.0,1,0,62.61,S,2,0,0,Teen,Medium,Middle,0,31.305,Small Family
4672,3,male,33.0,0,0,28.7,S,1,1,0,Young Adult,Medium,Lower,0,28.7,Single
4673,3,male,34.0,1,0,36.46,S,2,0,0,Young Adult,Medium,Lower,0,18.23,Small Family
4674,1,female,8.0,0,0,157.76,S,1,1,1,Child,Very High,Upper,1,157.76,Single
4675,2,male,40.0,4,0,60.68,S,5,0,0,Adult,Medium,Middle,0,12.136,Large Family
4676,3,male,16.0,4,1,29.47,S,6,0,0,Teen,Medium,Lower,0,4.911666666666666,Large Family
4677,1,male,50.0,2,0,149.3,Q,3,0,1,Adult,High,Upper,0,49.76666666666667,Small Family
4678,3,female,29.0,1,0,48.13,S,2,0,1,Young Adult,Medium,Lower,0,24.065,Small Family
4679,3,male,14.0,0,0,6.34,C,1,1,0,Teen,Low,Lower,1,6.34,Single
4680,3,female,15.0,1,0,37.36,S,2,0,1,Teen,Medium,Lower,1,18.68,Small Family
4681,2,male,35.0,3,0,76.41,S,4,0,0,Young Adult,Medium,Middle,0,19.1025,Small Family
4682,1,female,25.0,0,0,238.38,S,1,1,1,Young Adult,Very High,Upper,0,238.38,Single
4683,3,female,29.0,0,0,50.78,S,1,1,1,Young Adult,Medium,Lower,0,50.78,Single
4684,2,male,51.0,0,0,86.82,Q,1,1,0,Adult,High,Middle,0,86.82,Single
4685,3,male,21.0,0,0,59.67,S,1,1,0,Young Adult,Medium,Lower,0,59.67,Single
4686,2,male,31.0,0,0,69.13,S,1,1,0,Young Adult,Medium,Middle,0,69.13,Single
4687,1,female,48.0,0,0,138.89,S,1,1,1,Adult,High,Upper,0,138.89,Single
4688,1,female,34.0,0,0,243.31125,C,1,1,1,Young Adult,Very High,Upper,0,243.31125,Single
4689,3,male,9.0,3,0,52.11,Q,4,0,0,Child,Medium,Lower,1,13.0275,Small Family
4690,3,male,37.0,0,0,11.18,C,1,1,0,Adult,Low,Lower,0,11.18,Single
4691,2,male,15.0,2,2,83.49,S,5,0,0,Teen,High,Middle,1,16.698,Large Family
4692,2,male,48.0,0,0,113.91,S,1,1,1,Adult,High,Middle,0,113.91,Single
4693,2,male,19.0,0,0,90.56,S,1,1,0,Teen,High,Middle,0,90.56,Single
4694,3,male,62.375,0,0,54.52,S,1,1,0,Senior,Medium,Lower,0,54.52,Single
4695,2,male,49.0,0,0,102.77,S,1,1,1,Adult,High,Middle,0,102.77,Single
4696,3,male,20.0,0,2,7.07,S,3,0,0,Young Adult,Low,Lower,0,2.356666666666667,Small Family
4697,3,female,30.0,0,1,21.18,S,2,0,1,Young Adult,Low,Lower,0,10.59,Small Family
4698,3,male,40.0,0,1,25.52,S,2,0,0,Adult,Medium,Lower,0,12.76,Small Family
4699,1,male,40.0,1,2,125.41,S,4,0,1,Adult,High,Upper,0,31.3525,Small Family
4700,3,male,36.0,0,0,46.75,S,1,1,0,Adult,Medium,Lower,0,46.75,Single
4701,1,male,46.0,0,0,195.53,S,1,1,1,Adult,Very High,Upper,0,195.53,Single
4702,1,female,28.0,1,2,243.31125,S,4,0,1,Young Adult,Very High,Upper,0,60.8278125,Small Family
4703,3,male,25.0,0,0,59.72,S,1,1,0,Young Adult,Medium,Lower,0,59.72,Single
4704,3,male,25.0,0,2,22.43,S,3,0,0,Young Adult,Low,Lower,0,7.476666666666667,Small Family
4705,2,female,41.0,0,0,86.38,S,1,1,1,Adult,High,Middle,0,86.38,Single
4706,2,female,35.0,0,0,88.19,S,1,1,1,Young Adult,High,Middle,0,88.19,Single
4707,3,female,34.0,0,2,36.87,C,3,0,1,Young Adult,Medium,Lower,0,12.29,Small Family
4708,1,male,40.0,0,0,147.34,S,1,1,1,Adult,High,Upper,0,147.34,Single
4709,3,female,3.0,0,1,14.13,S,2,0,1,Child,Low,Lower,1,7.065,Small Family
4710,3,male,34.0,1,0,8.0,S,2,0,0,Young Adult,Low,Lower,0,4.0,Small Family
4711,2,female,33.0,0,1,79.87,C,2,0,1,Young Adult,Medium,Middle,0,39.935,Small Family
4712,2,male,52.0,0,2,59.81,S,3,0,0,Adult,Medium,Middle,0,19.936666666666667,Small Family
4713,2,female,10.0,2,0,102.63,C,3,0,1,Child,High,Middle,1,34.21,Small Family
4714,3,female,50.0,1,0,9.23,Q,2,0,1,Adult,Low,Lower,0,4.615,Small Family
4715,3,male,31.0,0,0,39.29,S,1,1,0,Young Adult,Medium,Lower,0,39.29,Single
4716,2,male,36.0,3,2,47.79,S,6,0,0,Adult,Medium,Middle,0,7.965,Large Family
4717,3,female,52.0,0,1,8.85,S,2,0,1,Adult,Low,Lower,0,4.425,Small Family
4718,3,female,37.0,0,0,39.19,S,1,1,0,Adult,Medium,Lower,0,39.19,Single
4719,2,female,35.0,4,0,56.91,S,5,0,1,Young Adult,Medium,Middle,0,11.382,Large Family
4720,3,male,33.0,2,1,7.28,C,4,0,0,Young Adult,Low,Lower,0,1.82,Small Family
4721,2,male,24.0,0,1,68.73,S,2,0,1,Young Adult,Medium,Middle,0,34.365,Small Family
4722,1,male,30.0,1,0,205.37,S,2,0,1,Young Adult,Very High,Upper,0,102.685,Small Family
4723,1,male,21.0,1,0,171.32,S,2,0,1,Young Adult,Very High,Upper,0,85.66,Small Family
4724,2,male,29.0,0,1,108.62,S,2,0,1,Young Adult,High,Middle,0,54.31,Small Family
4725,1,female,1.0,0,0,243.31125,S,1,1,1,Child,Very High,Upper,1,243.31125,Single
4726,1,male,36.0,0,2,116.01,C,3,0,1,Adult,High,Upper,0,38.67,Small Family
4727,3,male,28.0,2,0,48.6,S,3,0,0,Young Adult,Medium,Lower,0,16.2,Small Family
4728,3,female,26.0,0,0,55.74,S,1,1,1,Young Adult,Medium,Lower,0,55.74,Single
4729,3,female,33.0,1,0,54.02,S,2,0,1,Young Adult,Medium,Lower,0,27.01,Small Family
4730,1,female,11.0,0,2,194.17,Q,3,0,1,Child,Very High,Upper,1,64.72333333333333,Small Family
4731,1,female,55.0,0,0,243.31125,C,1,1,1,Adult,Very High,Upper,0,243.31125,Single
4732,1,male,29.0,1,0,119.46,S,2,0,1,Young Adult,High,Upper,0,59.73,Small Family
4733,3,male,28.0,1,0,52.78,S,2,0,0,Young Adult,Medium,Lower,0,26.39,Small Family
4734,3,male,17.0,0,1,51.2,S,2,0,0,Teen,Medium,Lower,0,25.6,Small Family
4735,2,male,30.0,0,0,119.65,Q,1,1,1,Young Adult,High,Middle,0,119.65,Single
4736,1,male,48.0,0,0,243.31125,S,1,1,1,Adult,Very High,Upper,0,243.31125,Single
4737,3,male,43.0,0,0,25.84,S,1,1,0,Adult,Medium,Lower,0,25.84,Single
4738,2,female,41.0,0,0,80.2,S,1,1,1,Adult,High,Middle,0,80.2,Single
4739,2,female,37.0,1,0,104.25,S,2,0,1,Adult,High,Middle,0,52.125,Small Family
4740,3,male,25.0,0,0,19.63,S,1,1,0,Young Adult,Low,Lower,0,19.63,Single
4741,3,female,11.0,0,0,14.97,S,1,1,1,Child,Low,Lower,1,14.97,Single
4742,1,female,27.0,0,1,243.31125,S,2,0,1,Young Adult,Very High,Upper,0,121.655625,Small Family
4743,1,male,27.0,2,1,155.38,S,4,0,1,Young Adult,Very High,Upper,0,38.845,Small Family
4744,3,male,44.0,0,2,19.31,S,3,0,0,Adult,Low,Lower,0,6.4366666666666665,Small Family
4745,1,female,34.0,1,0,243.31125,S,2,0,1,Young Adult,Very High,Upper,0,121.655625,Small Family
4746,1,male,51.0,0,1,243.31125,C,2,0,1,Adult,Very High,Upper,0,121.655625,Small Family
4747,1,male,46.0,0,0,119.96,S,1,1,1,Adult,High,Upper,0,119.96,Single
4748,1,female,24.0,0,0,243.31125,S,1,1,1,Young Adult,Very High,Upper,0,243.31125,Single
4749,2,female,7.0,0,0,94.88,C,1,1,1,Child,High,Middle,1,94.88,Single
4750,3,male,48.0,1,0,36.59,C,2,0,0,Adult,Medium,Lower,0,18.295,Small Family
4751,2,female,48.0,0,0,61.43,S,1,1,1,Adult,Medium,Middle,0,61.43,Single
4752,2,female,12.0,1,0,115.74,S,2,0,1,Child,High,Middle,1,57.87,Small Family
4753,3,male,50.0,0,0,27.87,C,1,1,0,Adult,Medium,Lower,0,27.87,Single
4754,3,male,35.0,0,0,29.41,S,1,1,0,Young Adult,Medium,Lower,0,29.41,Single
4755,3,female,32.0,0,0,37.57,Q,1,1,1,Young Adult,Medium,Lower,0,37.57,Single
4756,3,female,51.0,1,0,11.77,C,2,0,1,Adult,Low,Lower,0,5.885,Small Family
4757,1,female,47.0,2,0,243.31125,S,3,0,1,Adult,Very High,Upper,0,81.10375,Small Family
4758,3,male,38.0,2,0,48.46,S,3,0,0,Adult,Medium,Lower,0,16.153333333333332,Small Family
4759,2,female,36.0,0,0,47.29,S,1,1,1,Adult,Medium,Middle,0,47.29,Single
4760,3,male,38.0,1,0,42.66,Q,2,0,0,Adult,Medium,Lower,0,21.33,Small Family
4761,2,male,25.0,0,0,94.6,C,1,1,1,Young Adult,High,Middle,0,94.6,Single
4762,3,female,29.0,1,1,50.2,S,3,0,1,Young Adult,Medium,Lower,0,16.733333333333334,Small Family
4763,3,male,18.0,3,0,59.35,S,4,0,0,Teen,Medium,Lower,0,14.8375,Small Family
4764,1,male,26.0,0,0,243.31125,S,1,1,1,Young Adult,Very High,Upper,0,243.31125,Single
4765,3,male,25.0,0,1,32.8,Q,2,0,0,Young Adult,Medium,Lower,0,16.4,Small Family
4766,3,female,22.0,1,0,29.35,C,2,0,1,Young Adult,Medium,Lower,0,14.675,Small Family
4767,3,male,32.0,1,0,54.18,S,2,0,0,Young Adult,Medium,Lower,0,27.09,Small Family
4768,1,male,26.0,0,0,243.31125,S,1,1,1,Young Adult,Very High,Upper,0,243.31125,Single
4769,3,male,37.0,4,0,40.94,S,5,0,0,Adult,Medium,Lower,0,8.187999999999999,Large Family
4770,2,female,9.0,1,0,108.43,Q,2,0,1,Child,High,Middle,1,54.215,Small Family
4771,1,male,29.0,0,1,236.37,S,2,0,1,Young Adult,Very High,Upper,0,118.185,Small Family
4772,2,female,32.0,0,0,54.63,C,1,1,1,Young Adult,Medium,Middle,0,54.63,Single
4773,1,female,26.0,1,0,123.7,S,2,0,1,Young Adult,High,Upper,0,61.85,Small Family
4774,3,male,28.0,0,0,49.03,S,1,1,0,Young Adult,Medium,Lower,0,49.03,Single
4775,2,male,9.0,0,1,87.74,S,2,0,0,Child,High,Middle,1,43.87,Small Family
4776,3,male,35.0,0,1,36.01,C,2,0,0,Young Adult,Medium,Lower,0,18.005,Small Family
4777,1,male,38.0,1,0,243.31125,S,2,0,1,Adult,Very High,Upper,0,121.655625,Small Family
4778,2,male,36.0,1,0,106.43,S,2,0,1,Adult,High,Middle,0,53.215,Small Family
4779,1,male,44.0,0,0,243.31125,S,1,1,1,Adult,Very High,Upper,0,243.31125,Single
4780,1,male,33.0,1,0,243.31125,C,2,0,1,Young Adult,Very High,Upper,0,121.655625,Small Family
4781,1,female,36.0,4,0,188.55,S,5,0,1,Adult,Very High,Upper,0,37.71,Large Family
4782,1,male,32.0,0,0,126.77,S,1,1,1,Young Adult,High,Upper,0,126.77,Single
4783,3,male,39.0,1,2,38.04,S,4,0,0,Adult,Medium,Lower,0,9.51,Small Family
4784,2,male,9.0,3,0,55.5,C,4,0,1,Child,Medium,Middle,1,13.875,Small Family
4785,2,male,18.0,1,0,73.85,C,2,0,0,Teen,Medium,Middle,0,36.925,Small Family
4786,2,male,51.0,1,0,79.23,S,2,0,1,Adult,Medium,Middle,0,39.615,Small Family
4787,3,female,1.0,0,0,32.61,Q,1,1,1,Child,Medium,Lower,1,32.61,Single
4788,3,female,28.0,0,0,35.35,S,1,1,1,Young Adult,Medium,Lower,0,35.35,Single
4789,2,male,45.0,0,1,58.0,S,2,0,0,Adult,Medium,Middle,0,29.0,Small Family
4790,2,female,29.0,1,0,81.27,C,2,0,1,Young Adult,High,Middle,0,40.635,Small Family
4791,1,female,25.0,4,3,243.31125,S,8,0,1,Young Adult,Very High,Upper,0,30.41390625,Large Family
4792,3,male,32.0,0,0,9.06,Q,1,1,0,Young Adult,Low,Lower,0,9.06,Single
4793,1,female,25.0,0,0,158.29,S,1,1,1,Young Adult,Very High,Upper,0,158.29,Single
4794,2,female,30.0,0,0,109.25,S,1,1,1,Young Adult,High,Middle,0,109.25,Single
4795,2,male,21.0,1,1,111.01,S,3,0,0,Young Adult,High,Middle,0,37.00333333333334,Small Family
4796,2,male,44.0,0,0,94.85,S,1,1,0,Adult,High,Middle,0,94.85,Single
4797,1,male,49.0,1,0,243.31125,S,2,0,1,Adult,Very High,Upper,0,121.655625,Small Family
4798,3,male,28.0,0,0,10.34,S,1,1,0,Young Adult,Low,Lower,0,10.34,Single
4799,1,male,12.0,0,2,108.46,S,3,0,1,Child,High,Upper,1,36.15333333333333,Small Family
4800,3,male,23.0,0,0,19.09,C,1,1,0,Young Adult,Low,Lower,0,19.09,Single
4801,1,male,28.0,2,0,226.94,S,3,0,1,Young Adult,Very High,Upper,0,75.64666666666666,Small Family
4802,1,female,37.0,0,0,243.31125,C,1,1,1,Adult,Very High,Upper,0,243.31125,Single
4803,3,female,17.0,3,0,18.09,S,4,0,1,Teen,Low,Lower,0,4.5225,Small Family
4804,1,male,20.0,0,0,243.31125,S,1,1,1,Young Adult,Very High,Upper,0,243.31125,Single
4805,3,male,37.0,0,0,16.62,S,1,1,0,Adult,Low,Lower,0,16.62,Single
4806,3,male,42.0,0,1,10.35,S,2,0,0,Adult,Low,Lower,0,5.175,Small Family
4807,1,male,22.0,4,0,124.26,C,5,0,1,Young Adult,High,Upper,0,24.852,Large Family
4808,3,male,13.0,1,1,59.85,Q,3,0,0,Teen,Medium,Lower,1,19.95,Small Family
4809,1,male,62.375,0,1,221.9,S,2,0,0,Senior,Very High,Upper,0,110.95,Small Family
4810,3,male,40.0,1,0,52.51,S,2,0,0,Adult,Medium,Lower,0,26.255,Small Family
4811,1,female,27.0,0,0,243.31125,S,1,1,1,Young Adult,Very High,Upper,0,243.31125,Single
4812,3,male,41.0,0,1,41.66,Q,2,0,0,Adult,Medium,Lower,0,20.83,Small Family
4813,1,female,28.0,0,0,150.32,C,1,1,1,Young Adult,Very High,Upper,0,150.32,Single
4814,3,male,41.0,2,0,20.11,S,3,0,0,Adult,Low,Lower,0,6.703333333333333,Small Family
4815,3,male,32.0,0,1,33.07,S,2,0,0,Young Adult,Medium,Lower,0,16.535,Small Family
4816,3,male,31.0,0,0,53.46,S,1,1,0,Young Adult,Medium,Lower,0,53.46,Single
4817,3,male,29.0,0,1,7.36,C,2,0,0,Young Adult,Low,Lower,0,3.68,Small Family
4818,3,male,11.0,0,0,32.88,C,1,1,0,Child,Medium,Lower,1,32.88,Single
4819,3,female,55.0,0,0,7.81,Q,1,1,0,Adult,Low,Lower,0,7.81,Single
4820,1,female,18.0,0,0,243.31125,S,1,1,1,Teen,Very High,Upper,0,243.31125,Single
4821,2,male,12.0,0,1,102.17,S,2,0,1,Child,High,Middle,1,51.085,Small Family
4822,2,male,27.0,3,0,107.61,S,4,0,1,Young Adult,High,Middle,0,26.9025,Small Family
4823,2,male,18.0,0,0,62.5,S,1,1,0,Teen,Medium,Middle,0,62.5,Single
4824,2,female,29.0,0,1,74.56,S,2,0,1,Young Adult,Medium,Middle,0,37.28,Small Family
4825,3,male,39.0,0,2,30.85,C,3,0,0,Adult,Medium,Lower,0,10.283333333333333,Small Family
4826,1,male,43.0,0,1,243.31125,S,2,0,1,Adult,Very High,Upper,0,121.655625,Small Family
4827,3,male,41.0,1,0,24.58,S,2,0,0,Adult,Low,Lower,0,12.29,Small Family
4828,1,male,26.0,0,1,243.31125,C,2,0,1,Young Adult,Very High,Upper,0,121.655625,Small Family
4829,2,male,31.0,2,0,56.73,Q,3,0,1,Young Adult,Medium,Middle,0,18.91,Small Family
4830,3,male,35.0,1,0,9.44,S,2,0,0,Young Adult,Low,Lower,0,4.72,Small Family
4831,3,male,7.0,1,2,47.58,C,4,0,1,Child,Medium,Lower,1,11.895,Small Family
4832,3,male,37.0,0,0,18.92,C,1,1,0,Adult,Low,Lower,0,18.92,Single
4833,3,female,11.0,0,0,43.7,S,1,1,1,Child,Medium,Lower,1,43.7,Single
4834,1,male,57.0,0,0,172.43,S,1,1,1,Adult,Very High,Upper,0,172.43,Single
4835,3,female,25.0,2,1,38.65,Q,4,0,1,Young Adult,Medium,Lower,0,9.6625,Small Family
4836,1,female,28.0,0,0,243.31125,Q,1,1,1,Young Adult,Very High,Upper,0,243.31125,Single
4837,2,male,20.0,0,0,58.23,S,1,1,0,Young Adult,Medium,Middle,0,58.23,Single
4838,2,female,22.0,0,0,109.77,S,1,1,1,Young Adult,High,Middle,0,109.77,Single
4839,1,male,60.0,1,0,165.37,C,2,0,1,Adult,Very High,Upper,0,82.685,Small Family
4840,2,male,42.0,1,1,59.64,C,3,0,1,Adult,Medium,Middle,0,19.88,Small Family
4841,3,male,10.0,0,0,34.7,S,1,1,0,Child,Medium,Lower,1,34.7,Single
4842,3,male,50.0,0,1,23.55,S,2,0,0,Adult,Low,Lower,0,11.775,Small Family
4843,2,female,46.0,0,1,70.74,Q,2,0,1,Adult,Medium,Middle,0,35.37,Small Family
4844,1,male,26.0,0,0,153.2,S,1,1,0,Young Adult,Very High,Upper,0,153.2,Single
4845,1,female,34.0,1,0,243.31125,S,2,0,1,Young Adult,Very High,Upper,0,121.655625,Small Family
4846,2,male,30.0,1,0,108.86,S,2,0,1,Young Adult,High,Middle,0,54.43,Small Family
4847,3,male,56.0,1,1,26.41,S,3,0,0,Adult,Medium,Lower,0,8.803333333333333,Small Family
4848,1,female,20.0,0,0,196.23,S,1,1,1,Young Adult,Very High,Upper,0,196.23,Single
4849,3,male,32.0,1,0,5.12,S,2,0,0,Young Adult,Low,Lower,0,2.56,Small Family
4850,1,male,24.0,4,0,179.94,S,5,0,1,Young Adult,Very High,Upper,0,35.988,Large Family
4851,3,male,11.0,2,0,9.8,C,3,0,0,Child,Low,Lower,1,3.266666666666667,Small Family
4852,2,male,58.0,2,1,88.14,S,4,0,1,Adult,High,Middle,0,22.035,Small Family
4853,3,female,15.0,0,1,46.89,S,2,0,1,Teen,Medium,Lower,1,23.445,Small Family
4854,2,male,33.0,1,0,110.85,S,2,0,1,Young Adult,High,Middle,0,55.425,Small Family
4855,3,male,7.0,2,0,17.3,S,3,0,0,Child,Low,Lower,1,5.766666666666667,Small Family
4856,1,male,25.0,1,1,156.11,S,3,0,1,Young Adult,Very High,Upper,0,52.03666666666667,Small Family
4857,1,female,35.0,0,0,243.31125,C,1,1,1,Young Adult,Very High,Upper,0,243.31125,Single
4858,3,male,19.0,3,0,50.75,S,4,0,1,Teen,Medium,Lower,0,12.6875,Small Family
4859,3,female,38.0,0,2,32.77,S,3,0,1,Adult,Medium,Lower,0,10.923333333333334,Small Family
4860,3,female,27.0,0,0,40.95,C,1,1,1,Young Adult,Medium,Lower,0,40.95,Single
4861,3,male,45.0,0,0,37.84,S,1,1,0,Adult,Medium,Lower,0,37.84,Single
4862,3,male,48.0,1,0,40.1,S,2,0,0,Adult,Medium,Lower,0,20.05,Small Family
4863,1,male,22.0,0,1,243.31125,C,2,0,1,Young Adult,Very High,Upper,0,121.655625,Small Family
4864,2,male,31.0,0,0,113.44,C,1,1,0,Young Adult,High,Middle,0,113.44,Single
4865,2,male,32.0,1,1,50.13,C,3,0,0,Young Adult,Medium,Middle,0,16.71,Small Family
4866,3,female,38.0,1,2,37.32,S,4,0,1,Adult,Medium,Lower,0,9.33,Small Family
4867,2,male,30.0,1,2,83.13,Q,4,0,1,Young Adult,High,Middle,0,20.7825,Small Family
4868,1,female,32.0,0,1,111.19,C,2,0,1,Young Adult,High,Upper,0,55.595,Small Family
4869,3,male,27.0,1,0,16.35,S,2,0,0,Young Adult,Low,Lower,0,8.175,Small Family
4870,3,female,31.0,0,2,29.02,S,3,0,1,Young Adult,Medium,Lower,0,9.673333333333334,Small Family
4871,2,female,47.0,0,0,80.84,S,1,1,1,Adult,High,Middle,0,80.84,Single
4872,1,male,38.0,0,1,243.31125,S,2,0,1,Adult,Very High,Upper,0,121.655625,Small Family
4873,1,female,39.0,2,0,186.69,S,3,0,1,Adult,Very High,Upper,0,62.23,Small Family
4874,1,female,39.0,0,0,243.31125,S,1,1,1,Adult,Very High,Upper,0,243.31125,Single
4875,2,male,28.0,0,0,110.85,S,1,1,1,Young Adult,High,Middle,0,110.85,Single
4876,3,female,34.0,0,1,58.44,S,2,0,1,Young Adult,Medium,Lower,0,29.22,Small Family
4877,3,female,16.0,0,0,47.46,S,1,1,0,Teen,Medium,Lower,0,47.46,Single
4878,3,female,46.0,3,0,20.77,S,4,0,1,Adult,Low,Lower,0,5.1925,Small Family
4879,2,male,1.0,3,1,84.09,S,5,0,1,Child,High,Middle,1,16.818,Large Family
4880,3,male,29.0,0,1,29.62,C,2,0,0,Young Adult,Medium,Lower,0,14.81,Small Family
4881,1,male,45.0,0,0,127.93,S,1,1,1,Adult,High,Upper,0,127.93,Single
4882,2,male,12.0,0,0,65.26,S,1,1,0,Child,Medium,Middle,1,65.26,Single
4883,3,female,35.0,1,0,15.95,S,2,0,1,Young Adult,Low,Lower,0,7.975,Small Family
4884,1,male,21.0,0,0,142.06,C,1,1,0,Young Adult,High,Upper,0,142.06,Single
4885,1,female,25.0,0,2,243.31125,S,3,0,1,Young Adult,Very High,Upper,0,81.10375,Small Family
4886,3,male,42.0,0,0,43.0,C,1,1,0,Adult,Medium,Lower,0,43.0,Single
4887,2,male,33.0,0,0,110.91,S,1,1,0,Young Adult,High,Middle,0,110.91,Single
4888,3,male,4.0,0,0,51.37,S,1,1,1,Child,Medium,Lower,1,51.37,Single
4889,1,female,17.0,0,2,243.31125,S,3,0,1,Teen,Very High,Upper,0,81.10375,Small Family
4890,3,female,43.0,0,0,50.99,S,1,1,1,Adult,Medium,Lower,0,50.99,Single
4891,2,male,36.0,0,0,88.74,S,1,1,0,Adult,High,Middle,0,88.74,Single
4892,1,female,53.0,4,0,117.98,C,5,0,1,Adult,High,Upper,0,23.596,Large Family
4893,3,male,52.0,0,1,41.7,S,2,0,0,Adult,Medium,Lower,0,20.85,Small Family
4894,1,male,26.0,0,1,243.31125,S,2,0,1,Young Adult,Very High,Upper,0,121.655625,Small Family
4895,2,male,62.375,3,0,72.79,C,4,0,0,Senior,Medium,Middle,0,18.1975,Small Family
4896,1,female,30.0,2,0,243.31125,S,3,0,1,Young Adult,Very High,Upper,0,81.10375,Small Family
4897,1,male,17.0,0,0,238.03,S,1,1,1,Teen,Very High,Upper,0,238.03,Single
4898,2,male,22.0,1,0,56.91,S,2,0,1,Young Adult,Medium,Middle,0,28.455,Small Family
4899,1,male,1.0,0,0,226.79,S,1,1,1,Child,Very High,Upper,1,226.79,Single
4900,3,female,51.0,1,0,47.84,S,2,0,1,Adult,Medium,Lower,0,23.92,Small Family
4901,1,female,51.0,4,0,161.89,S,5,0,1,Adult,Very High,Upper,0,32.378,Large Family
4902,2,female,17.0,0,1,84.58,S,2,0,1,Teen,High,Middle,0,42.29,Small Family
4903,1,female,27.0,0,0,237.04,Q,1,1,1,Young Adult,Very High,Upper,0,237.04,Single
4904,2,male,31.0,0,0,108.4,Q,1,1,0,Young Adult,High,Middle,0,108.4,Single
4905,3,male,18.0,1,0,20.71,S,2,0,0,Teen,Low,Lower,0,10.355,Small Family
4906,1,male,7.0,0,0,151.53,S,1,1,1,Child,Very High,Upper,1,151.53,Single
4907,3,male,27.0,1,0,56.24,S,2,0,0,Young Adult,Medium,Lower,0,28.12,Small Family
4908,1,female,26.0,0,0,243.31125,S,1,1,1,Young Adult,Very High,Upper,0,243.31125,Single
4909,3,female,25.0,0,1,51.87,C,2,0,1,Young Adult,Medium,Lower,0,25.935,Small Family
4910,3,female,33.0,0,2,36.77,S,3,0,0,Young Adult,Medium,Lower,0,12.256666666666668,Small Family
4911,3,female,49.0,0,1,52.66,C,2,0,1,Adult,Medium,Lower,0,26.33,Small Family
4912,3,male,26.0,0,0,47.82,S,1,1,0,Young Adult,Medium,Lower,0,47.82,Single
4913,3,female,32.0,0,2,57.43,S,3,0,0,Young Adult,Medium,Lower,0,19.143333333333334,Small Family
4914,1,male,39.0,1,0,243.31125,S,2,0,1,Adult,Very High,Upper,0,121.655625,Small Family
4915,1,male,37.0,1,0,157.2,C,2,0,1,Adult,Very High,Upper,0,78.6,Small Family
4916,3,male,22.0,2,0,14.63,Q,3,0,0,Young Adult,Low,Lower,0,4.876666666666667,Small Family
4917,2,female,31.0,0,0,93.5,S,1,1,1,Young Adult,High,Middle,0,93.5,Single
4918,2,female,37.0,2,2,87.19,S,5,0,1,Adult,High,Middle,0,17.438,Large Family
4919,3,female,15.0,1,0,28.44,Q,2,0,1,Teen,Medium,Lower,1,14.22,Small Family
4920,2,male,46.0,0,0,48.83,S,1,1,0,Adult,Medium,Middle,0,48.83,Single
4921,3,female,49.0,0,0,50.63,S,1,1,1,Adult,Medium,Lower,0,50.63,Single
4922,3,male,21.0,0,1,56.1,S,2,0,1,Young Adult,Medium,Lower,0,28.05,Small Family
4923,3,male,33.0,3,1,45.13,S,5,0,0,Young Adult,Medium,Lower,0,9.026,Large Family
4924,3,male,38.0,0,0,46.79,S,1,1,0,Adult,Medium,Lower,0,46.79,Single
4925,1,male,23.0,0,1,243.31125,S,2,0,1,Young Adult,Very High,Upper,0,121.655625,Small Family
4926,2,female,36.0,0,1,53.53,S,2,0,1,Adult,Medium,Middle,0,26.765,Small Family
4927,2,male,32.0,1,0,78.22,S,2,0,0,Young Adult,Medium,Middle,0,39.11,Small Family
4928,1,male,11.0,0,0,133.68,S,1,1,1,Child,High,Upper,1,133.68,Single
4929,3,male,36.0,0,0,42.63,S,1,1,0,Adult,Medium,Lower,0,42.63,Single
4930,3,male,16.0,0,0,8.59,C,1,1,0,Teen,Low,Lower,0,8.59,Single
4931,2,male,42.0,0,0,87.09,Q,1,1,0,Adult,High,Middle,0,87.09,Single
4932,2,female,21.0,0,0,51.97,S,1,1,1,Young Adult,Medium,Middle,0,51.97,Single
4933,3,female,28.0,0,0,36.98,S,1,1,1,Young Adult,Medium,Lower,0,36.98,Single
4934,2,female,48.0,1,1,114.41,S,3,0,1,Adult,High,Middle,0,38.13666666666666,Small Family
4935,2,female,36.0,1,0,54.79,S,2,0,1,Adult,Medium,Middle,0,27.395,Small Family
4936,2,female,16.0,1,0,95.6,C,2,0,1,Teen,High,Middle,0,47.8,Small Family
4937,3,male,17.0,0,0,21.17,S,1,1,0,Teen,Low,Lower,0,21.17,Single
4938,3,male,22.0,1,0,13.88,S,2,0,0,Young Adult,Low,Lower,0,6.94,Small Family
4939,3,male,35.0,0,0,51.72,S,1,1,0,Young Adult,Medium,Lower,0,51.72,Single
4940,3,male,35.0,0,3,30.28,S,4,0,0,Young Adult,Medium,Lower,0,7.57,Small Family
4941,2,male,19.0,3,0,57.72,S,4,0,1,Teen,Medium,Middle,0,14.43,Small Family
4942,2,female,15.0,1,0,49.52,C,2,0,1,Teen,Medium,Middle,1,24.76,Small Family
4943,3,female,34.0,0,0,10.91,Q,1,1,1,Young Adult,Low,Lower,0,10.91,Single
4944,2,male,28.0,2,0,99.71,S,3,0,1,Young Adult,High,Middle,0,33.236666666666665,Small Family
4945,3,female,58.0,4,3,25.74,S,8,0,1,Adult,Medium,Lower,0,3.2175,Large Family
4946,3,female,30.0,1,0,24.89,S,2,0,1,Young Adult,Low,Lower,0,12.445,Small Family
4947,3,female,54.0,1,1,42.06,S,3,0,1,Adult,Medium,Lower,0,14.020000000000001,Small Family
4948,3,female,15.0,1,3,39.77,S,5,0,1,Teen,Medium,Lower,1,7.954000000000001,Large Family
4949,3,male,10.0,0,0,58.29,C,1,1,0,Child,Medium,Lower,1,58.29,Single
4950,3,male,15.0,0,0,52.2,S,1,1,0,Teen,Medium,Lower,1,52.2,Single
4951,2,male,45.0,1,0,51.38,S,2,0,0,Adult,Medium,Middle,0,25.69,Small Family
4952,1,male,53.0,0,1,116.91,S,2,0,1,Adult,High,Upper,0,58.455,Small Family
4953,2,male,20.0,0,0,106.76,S,1,1,1,Young Adult,High,Middle,0,106.76,Single
4954,3,female,24.0,0,0,11.27,S,1,1,1,Young Adult,Low,Lower,0,11.27,Single
4955,2,female,15.0,0,0,50.35,S,1,1,0,Teen,Medium,Middle,1,50.35,Single
4956,3,female,6.0,3,0,33.53,C,4,0,1,Child,Medium,Lower,1,8.3825,Small Family
4957,2,male,39.0,1,1,105.97,S,3,0,1,Adult,High,Middle,0,35.32333333333333,Small Family
4958,3,male,33.0,0,0,58.2,S,1,1,0,Young Adult,Medium,Lower,0,58.2,Single
4959,1,male,30.0,3,0,192.07,S,4,0,1,Young Adult,Very High,Upper,0,48.0175,Small Family
4960,3,female,12.0,2,0,10.68,S,3,0,1,Child,Low,Lower,1,3.56,Small Family
4961,3,male,51.0,0,0,36.53,S,1,1,0,Adult,Medium,Lower,0,36.53,Single
4962,1,male,23.0,2,0,129.13,S,3,0,1,Young Adult,High,Upper,0,43.04333333333333,Small Family
4963,2,male,37.0,0,0,78.69,S,1,1,1,Adult,Medium,Middle,0,78.69,Single
4964,3,male,11.0,0,0,7.65,S,1,1,0,Child,Low,Lower,1,7.65,Single
4965,2,male,28.0,0,0,59.77,S,1,1,1,Young Adult,Medium,Middle,0,59.77,Single
4966,1,male,34.0,1,0,137.4,C,2,0,1,Young Adult,High,Upper,0,68.7,Small Family
4967,3,male,34.0,0,0,59.52,Q,1,1,0,Young Adult,Medium,Lower,0,59.52,Single
4968,3,female,32.0,1,1,15.53,S,3,0,0,Young Adult,Low,Lower,0,5.176666666666667,Small Family
4969,3,male,36.0,1,1,52.88,Q,3,0,0,Adult,Medium,Lower,0,17.62666666666667,Small Family
4970,2,female,15.0,0,0,70.16,C,1,1,0,Teen,Medium,Middle,1,70.16,Single
4971,2,female,33.0,0,0,60.91,S,1,1,1,Young Adult,Medium,Middle,0,60.91,Single
4972,3,male,31.0,0,1,20.25,S,2,0,1,Young Adult,Low,Lower,0,10.125,Small Family
4973,3,male,33.0,0,0,57.78,S,1,1,0,Young Adult,Medium,Lower,0,57.78,Single
4974,3,female,31.0,1,2,43.25,S,4,0,1,Young Adult,Medium,Lower,0,10.8125,Small Family
4975,2,male,13.0,0,2,41.84,S,3,0,1,Teen,Medium,Middle,1,13.946666666666667,Small Family
4976,2,female,13.0,0,0,87.13,S,1,1,1,Teen,High,Middle,1,87.13,Single
4977,1,male,1.0,0,0,147.65,S,1,1,1,Child,High,Upper,1,147.65,Single
4978,1,male,41.0,1,0,179.16,S,2,0,1,Adult,Very High,Upper,0,89.58,Small Family
4979,1,male,41.0,2,0,134.09,S,3,0,1,Adult,High,Upper,0,44.696666666666665,Small Family
4980,1,male,41.0,4,2,183.06,C,7,0,1,Adult,Very High,Upper,0,26.15142857142857,Large Family
4981,3,female,34.0,2,2,50.91,Q,5,0,0,Young Adult,Medium,Lower,0,10.181999999999999,Large Family
4982,1,male,2.0,0,0,243.31125,C,1,1,1,Child,Very High,Upper,1,243.31125,Single
4983,3,female,17.0,0,0,58.85,S,1,1,1,Teen,Medium,Lower,0,58.85,Single
4984,3,male,32.0,1,0,46.68,S,2,0,0,Young Adult,Medium,Lower,0,23.34,Small Family
4985,3,male,32.0,3,0,16.56,S,4,0,0,Young Adult,Low,Lower,0,4.14,Small Family
4986,1,male,27.0,0,0,243.31125,Q,1,1,1,Young Adult,Very High,Upper,0,243.31125,Single
4987,3,female,35.0,0,2,22.71,C,3,0,1,Young Adult,Low,Lower,0,7.57,Small Family
4988,3,female,30.0,0,0,59.77,S,1,1,0,Young Adult,Medium,Lower,0,59.77,Single
4989,3,female,32.0,1,0,25.72,S,2,0,1,Young Adult,Medium,Lower,0,12.86,Small Family
4990,3,male,22.0,0,0,21.1,C,1,1,0,Young Adult,Low,Lower,0,21.1,Single
4991,3,male,43.0,0,0,18.16,C,1,1,0,Adult,Low,Lower,0,18.16,Single
4992,3,female,24.0,2,0,41.22,Q,3,0,1,Young Adult,Medium,Lower,0,13.74,Small Family
4993,2,male,13.0,0,0,93.18,S,1,1,1,Teen,High,Middle,1,93.18,Single
4994,3,male,20.0,0,0,57.45,S,1,1,0,Young Adult,Medium,Lower,0,57.45,Single
4995,1,female,25.0,0,1,175.03,S,2,0,1,Young Adult,Very High,Upper,0,87.515,Small Family
4996,3,male,43.0,0,0,21.25,Q,1,1,0,Adult,Low,Lower,0,21.25,Single
4997,1,male,29.0,0,0,178.08,S,1,1,1,Young Adult,Very High,Upper,0,178.08,Single
4998,2,male,28.0,0,1,111.73,S,2,0,1,Young Adult,High,Middle,0,55.865,Small Family
4999,3,male,14.0,0,1,28.04,S,2,0,1,Teen,Medium,Lower,1,14.02,Small Family
5000,3,female,40.0,1,0,25.33,C,2,0,1,Adult,Medium,Lower,0,12.665,Small Family
