PassengerId,Pclass,Sex,Age,SibSp,Parch,Fare,Embarked,FamilySize,IsAlone,Survived
1,2,male,11.0,0,0,49.09,S,1.0,1,1
2,3,male,15.0,0,0,14.84,S,1.0,1,0
3,3,male,35.0,0,0,6.97,S,1.0,1,0
4,3,female,15.0,1,1,28.34,C,3.0,0,1
5,1,male,44.0,0,0,212.09,S,1.0,1,1
6,1,female,29.0,0,0,146.77,S,1.0,1,1
7,1,male,31.0,0,0,144.98,S,1.0,1,1
8,3,male,26.0,0,0,52.36,S,1.0,1,0
9,3,female,40.0,0,0,37.68,S,1.0,1,0
10,3,male,40.0,0,1,25.28,S,2.0,0,0
11,1,female,34.0,0,0,243.31124999999997,Q,1.0,1,1
12,3,male,37.0,3,2,40.92,S,6.0,0,0
13,3,male,27.0,0,0,15.62,S,1.0,1,0
14,1,male,37.0,0,1,243.31124999999997,S,2.0,0,1
15,1,female,26.0,0,0,235.15,S,1.0,1,1
16,1,female,30.0,0,0,181.92,S,1.0,1,1
17,2,female,26.0,2,0,71.78,S,3.0,0,1
18,3,female,24.0,0,0,17.34,Q,1.0,1,1
19,2,male,21.0,0,1,119.11,S,2.0,0,1
20,2,male,36.0,1,0,88.19,S,2.0,0,0
21,3,male,47.0,0,0,32.68,C,1.0,1,0
22,1,male,45.0,0,0,126.9,S,1.0,1,1
23,2,male,14.0,0,1,75.99,S,2.0,0,1
24,2,male,47.0,0,0,50.95,S,1.0,1,0
25,2,male,26.0,1,1,93.52,S,3.0,0,0
26,3,male,38.0,0,1,32.1,C,2.0,0,0
27,1,female,18.0,0,1,243.31124999999997,S,2.0,0,1
28,3,female,32.0,0,0,43.53,S,1.0,1,1
29,3,male,34.0,0,0,31.98,C,1.0,1,0
30,1,female,11.0,4,0,228.28,S,5.0,0,1
31,3,female,38.0,0,1,33.09,S,2.0,0,1
32,1,male,47.0,3,1,235.72,S,5.0,0,1
33,1,male,28.0,0,0,218.25,C,1.0,1,1
34,3,male,48.0,1,1,9.51,C,3.0,0,0
35,3,female,28.0,0,0,5.99,S,1.0,1,1
36,3,female,41.0,0,0,23.03,C,1.0,1,1
37,2,male,1.0,2,0,106.9,C,3.0,0,1
38,1,male,61.0,2,2,243.31124999999997,Q,5.0,0,1
39,3,male,49.0,0,1,14.67,S,2.0,0,0
40,2,male,26.0,0,1,89.25,C,2.0,0,0
41,1,male,4.0,0,2,243.31124999999997,S,3.0,0,1
42,2,male,34.0,2,0,42.78,C,3.0,0,1
43,1,female,11.0,0,2,243.31124999999997,S,3.0,0,1
44,3,male,36.0,1,0,14.96,S,2.0,0,0
45,2,male,35.0,1,1,71.51,C,3.0,0,0
46,3,male,18.0,1,1,28.04,C,3.0,0,0
47,2,male,45.0,0,0,111.9,S,1.0,1,0
48,3,male,40.0,0,0,24.18,S,1.0,1,0
49,3,female,43.0,3,0,12.25,S,4.0,0,1
50,1,male,30.0,1,3,243.31124999999997,S,5.0,0,1
51,3,female,12.0,1,0,6.64,S,2.0,0,1
52,3,male,43.0,0,0,29.2,S,1.0,1,0
53,3,female,26.0,1,1,58.92,S,3.0,0,1
54,3,female,12.0,0,0,41.28,S,1.0,1,1
55,3,male,48.0,0,0,24.55,S,1.0,1,0
56,3,male,57.0,1,0,13.04,Q,2.0,0,0
57,1,male,29.0,0,0,243.31124999999997,S,1.0,1,1
58,1,female,58.0,1,1,213.07,S,3.0,0,1
59,1,male,31.0,0,0,194.81,C,1.0,1,1
60,2,female,25.0,0,0,63.55,S,1.0,1,1
61,2,male,22.0,0,0,114.86,S,1.0,1,1
62,2,male,51.0,0,0,60.03,S,1.0,1,1
63,3,male,20.0,0,2,59.94,S,3.0,0,0
64,2,female,40.0,1,2,79.47,S,4.0,0,1
65,2,male,23.0,1,0,44.04,S,2.0,0,0
66,3,female,24.0,0,0,53.09,Q,1.0,1,0
67,1,male,43.0,0,0,243.31124999999997,S,1.0,1,0
68,3,female,25.0,1,0,46.22,C,2.0,0,1
69,1,male,25.0,1,0,243.31124999999997,S,2.0,0,1
70,3,female,45.0,1,1,7.11,S,3.0,0,0
71,3,male,51.0,1,0,16.72,S,2.0,0,0
72,1,male,38.0,0,0,243.31124999999997,S,1.0,1,1
73,1,male,21.0,0,0,243.31124999999997,C,1.0,1,1
74,3,female,23.0,0,0,5.85,S,1.0,1,0
75,3,male,31.0,0,1,28.16,S,2.0,0,0
76,3,male,34.0,1,0,14.83,S,2.0,0,0
77,3,male,17.0,0,0,52.06,S,1.0,1,0
78,1,female,39.0,3,0,243.31124999999997,C,4.0,0,1
79,2,male,31.0,2,2,79.96,C,5.0,0,1
80,1,male,8.0,2,0,148.4,C,3.0,0,1
81,3,female,18.0,2,1,19.07,S,4.0,0,1
82,3,female,23.0,0,0,31.12,S,1.0,1,0
83,2,male,29.0,2,2,47.44,S,5.0,0,1
84,1,female,55.0,0,1,148.7,S,2.0,0,1
85,2,female,33.0,0,0,99.44,S,1.0,1,1
86,2,male,19.0,1,1,65.04,Q,3.0,0,0
87,3,male,33.0,0,1,45.85,Q,2.0,0,0
88,3,female,25.0,4,0,35.74,Q,5.0,0,1
89,3,male,34.0,1,0,16.79,S,2.0,0,0
90,2,female,38.0,1,0,82.8,S,2.0,0,1
91,1,female,46.0,0,0,137.48,C,1.0,1,1
92,3,female,30.0,1,1,31.16,C,3.0,0,1
93,3,male,51.0,0,1,30.34,C,2.0,0,0
94,3,female,42.0,2,0,11.1,S,3.0,0,1
95,3,female,21.0,0,1,15.06,C,2.0,0,1
96,2,male,59.0,1,0,81.85,S,2.0,0,0
97,3,male,34.0,0,0,18.34,S,1.0,1,0
98,2,female,19.0,0,2,84.45,C,3.0,0,1
99,1,male,51.0,0,0,139.7,S,1.0,1,1
100,1,female,57.0,0,0,243.31124999999997,S,1.0,1,1
101,1,male,30.0,1,1,173.78,S,3.0,0,1
102,3,male,23.0,0,0,50.02,S,1.0,1,0
103,2,male,28.0,0,0,88.13,S,1.0,1,0
104,3,female,39.0,0,0,21.78,S,1.0,1,1
105,3,female,47.0,0,0,51.42,S,1.0,1,1
106,1,female,37.0,0,2,243.31124999999997,S,3.0,0,1
107,2,female,31.0,1,0,54.67,C,2.0,0,1
108,3,female,49.0,0,0,44.25,S,1.0,1,1
109,1,male,26.0,0,0,243.31124999999997,C,1.0,1,1
110,1,male,43.0,0,0,243.31124999999997,S,1.0,1,0
111,2,male,26.0,0,0,75.19,S,1.0,1,0
112,1,male,36.0,0,0,243.31124999999997,S,1.0,1,1
113,3,male,29.0,0,0,56.18,S,1.0,1,0
114,3,male,29.0,1,0,22.64,C,2.0,0,0
115,3,female,25.0,0,0,34.72,S,1.0,1,1
116,3,male,47.0,0,1,30.3,Q,2.0,0,0
117,3,male,20.0,0,2,48.07,S,3.0,0,0
118,1,male,20.0,1,2,168.89,Q,4.0,0,1
119,3,male,58.0,3,0,39.49,S,4.0,0,0
120,3,female,43.0,0,0,46.84,S,1.0,1,0
121,3,female,1.0,4,1,30.97,S,6.0,0,1
122,3,male,23.0,0,0,10.79,S,1.0,1,0
123,2,female,6.0,0,0,58.45,S,1.0,1,1
124,1,male,18.0,0,1,195.54,S,2.0,0,1
125,1,male,1.0,0,1,119.16,S,2.0,0,1
126,2,male,28.0,0,2,41.71,C,3.0,0,1
127,3,male,15.0,0,1,35.82,C,2.0,0,0
128,3,female,31.0,0,1,17.56,S,2.0,0,0
129,1,female,9.0,0,0,195.37,S,1.0,1,1
130,3,male,31.0,0,2,23.52,S,3.0,0,0
131,2,male,25.0,0,0,77.22,C,1.0,1,1
132,1,male,50.0,2,2,243.31124999999997,S,5.0,0,1
133,1,female,48.0,0,0,197.07,S,1.0,1,1
134,2,female,40.0,1,0,116.62,S,2.0,0,1
135,3,male,26.0,1,1,36.77,S,3.0,0,0
136,2,female,56.0,0,0,43.71,S,1.0,1,1
137,3,male,10.0,0,1,18.58,S,2.0,0,0
138,3,female,12.0,0,0,14.47,S,1.0,1,1
139,2,male,29.0,0,2,60.35,S,3.0,0,0
140,3,male,59.0,0,1,42.33,S,2.0,0,0
141,3,male,27.0,0,0,32.47,S,1.0,1,0
142,2,female,28.0,0,0,68.59,S,1.0,1,1
143,2,male,11.0,2,0,85.39,S,3.0,0,1
144,2,male,42.0,0,1,82.79,S,2.0,0,0
145,2,male,42.0,1,0,72.1,S,2.0,0,1
146,1,male,40.0,0,0,243.31124999999997,S,1.0,1,1
147,3,male,22.0,2,0,59.62,S,3.0,0,0
148,3,male,21.0,0,0,26.3,C,1.0,1,0
149,1,male,13.0,0,0,243.31124999999997,S,1.0,1,1
150,2,female,31.0,3,0,49.05,S,4.0,0,0
151,3,female,16.0,1,0,16.23,S,2.0,0,1
152,1,female,15.0,0,1,170.83,S,2.0,0,1
153,1,male,24.0,0,0,106.83,Q,1.0,1,1
154,2,male,24.0,1,2,72.86,C,4.0,0,0
155,3,male,23.0,2,0,58.04,S,3.0,0,0
156,1,female,36.0,0,0,106.86,S,1.0,1,1
157,3,female,31.0,0,0,18.61,C,1.0,1,1
158,3,male,26.0,1,0,38.96,C,2.0,0,0
159,1,male,32.0,0,0,243.31124999999997,S,1.0,1,1
160,3,female,17.0,1,1,8.97,S,3.0,0,0
161,2,male,31.0,0,0,65.03,C,1.0,1,0
162,3,female,32.0,3,1,28.36,C,5.0,0,1
163,3,female,10.0,1,0,33.5,S,2.0,0,1
164,3,male,43.0,1,0,14.72,S,2.0,0,0
165,1,female,19.0,0,0,243.31124999999997,S,1.0,1,1
166,3,male,31.0,0,2,25.23,S,3.0,0,0
167,2,female,45.0,0,0,111.77,S,1.0,1,1
168,1,female,42.0,1,1,123.97,S,3.0,0,1
169,1,female,30.0,1,0,195.34,C,2.0,0,1
170,3,male,25.0,0,0,48.04,S,1.0,1,0
171,3,male,42.0,1,0,11.35,S,2.0,0,0
172,1,male,39.0,1,1,179.94,C,3.0,0,1
173,3,female,22.0,0,1,13.74,S,2.0,0,1
174,1,female,20.0,0,0,243.31124999999997,C,1.0,1,1
175,3,male,3.0,1,1,46.76,C,3.0,0,0
176,1,male,32.0,0,0,197.03,S,1.0,1,0
177,3,male,29.0,1,2,6.7,S,4.0,0,0
178,2,female,45.0,0,1,84.19,C,2.0,0,1
179,3,male,35.0,4,1,52.04,S,6.0,0,0
180,1,male,47.0,0,1,243.31124999999997,S,2.0,0,1
181,2,male,21.0,0,0,109.17,C,1.0,1,1
182,1,male,45.0,0,0,133.27,S,1.0,1,1
183,3,female,23.0,0,0,46.66,S,1.0,1,1
184,3,male,40.0,0,0,19.07,S,1.0,1,0
185,2,male,11.0,0,0,47.64,S,1.0,1,1
186,3,male,33.0,3,0,22.3,S,4.0,0,0
187,3,male,4.0,3,0,17.41,S,4.0,0,0
188,3,female,27.0,0,0,58.33,S,1.0,1,1
189,3,male,36.0,1,0,55.19,S,2.0,0,0
190,1,female,23.0,0,0,243.31124999999997,C,1.0,1,1
191,1,female,16.0,1,1,105.42,S,3.0,0,1
192,3,male,41.0,1,0,45.03,S,2.0,0,0
193,3,male,29.0,0,1,19.06,S,2.0,0,0
194,3,male,24.0,1,0,14.27,C,2.0,0,0
195,2,female,31.0,1,0,46.93,S,2.0,0,1
196,2,male,62.375,0,0,104.14,S,1.0,1,1
197,3,male,45.0,2,0,10.36,Q,3.0,0,0
198,3,female,45.0,2,0,36.45,C,3.0,0,1
199,3,male,36.0,0,0,5.84,S,1.0,1,0
200,3,female,32.0,1,0,54.05,C,2.0,0,1
201,3,female,1.0,4,0,55.64,Q,5.0,0,1
202,1,male,21.0,0,1,243.31124999999997,C,2.0,0,1
203,1,male,24.0,0,0,107.79,S,1.0,1,1
204,3,male,6.0,0,0,19.02,S,1.0,1,0
205,3,male,15.0,2,0,45.93,S,3.0,0,0
206,1,female,4.0,1,0,162.35,S,2.0,0,1
207,1,male,30.0,0,2,243.31124999999997,S,3.0,0,1
208,3,male,41.0,4,0,30.62,S,5.0,0,0
209,1,male,44.0,1,0,243.31124999999997,S,2.0,0,0
210,1,female,35.0,2,0,181.12,S,3.0,0,1
211,3,male,17.0,0,0,27.32,S,1.0,1,0
212,3,female,5.0,0,0,57.35,S,1.0,1,1
213,3,female,7.0,1,2,19.23,S,4.0,0,1
214,1,male,14.0,0,0,138.95,S,1.0,1,1
215,3,male,18.0,1,0,57.33,Q,2.0,0,0
216,1,male,28.0,1,0,124.96,C,2.0,0,1
217,2,male,17.0,0,0,115.86,S,1.0,1,1
218,3,male,34.0,2,0,8.23,S,3.0,0,0
219,3,female,27.0,0,0,57.42,S,1.0,1,0
220,3,female,30.0,0,0,15.31,S,1.0,1,1
221,3,female,45.0,0,0,58.9,S,1.0,1,0
222,3,male,15.0,0,0,14.66,S,1.0,1,0
223,1,female,35.0,0,0,243.31124999999997,S,1.0,1,1
224,2,female,30.0,1,0,100.08,S,2.0,0,1
225,2,male,26.0,1,0,97.36,S,2.0,0,0
226,1,female,42.0,0,0,243.31124999999997,C,1.0,1,1
227,3,male,41.0,1,0,58.09,C,2.0,0,0
228,2,male,18.0,0,2,105.23,S,3.0,0,1
229,3,female,28.0,0,1,40.93,C,2.0,0,1
230,3,male,34.0,1,3,12.56,Q,5.0,0,0
231,3,male,26.0,1,2,50.34,C,4.0,0,0
232,3,male,38.0,1,1,34.84,C,3.0,0,0
233,3,male,34.0,0,2,58.87,Q,3.0,0,0
234,2,male,54.0,1,1,47.47,S,3.0,0,1
235,1,male,10.0,1,1,243.31124999999997,S,3.0,0,1
236,3,female,28.0,3,0,24.03,Q,4.0,0,1
237,2,male,18.0,0,0,110.19,S,1.0,1,0
238,1,male,38.0,0,1,126.22,C,2.0,0,1
239,3,female,9.0,1,0,47.81,C,2.0,0,1
240,1,female,35.0,4,1,135.68,S,6.0,0,1
241,3,male,22.0,0,0,36.92,S,1.0,1,0
242,3,male,20.0,0,0,56.27,S,1.0,1,0
243,3,male,11.0,0,1,10.93,S,2.0,0,0
244,2,male,24.0,0,2,68.67,S,3.0,0,0
245,1,male,44.0,0,0,232.74,S,1.0,1,1
246,3,male,30.0,0,1,22.34,S,2.0,0,0
247,2,male,38.0,0,1,57.93,S,2.0,0,0
248,3,male,52.0,0,0,35.0,S,1.0,1,0
249,3,male,33.0,0,0,59.23,C,1.0,1,0
250,3,male,23.0,0,0,53.9,C,1.0,1,0
251,2,male,36.0,0,0,76.22,S,1.0,1,1
252,2,male,23.0,3,0,62.22,S,4.0,0,1
253,3,male,23.0,0,0,19.4,Q,1.0,1,0
254,2,female,10.0,1,0,119.27,S,2.0,0,1
255,1,male,42.0,0,1,243.31124999999997,S,2.0,0,1
256,3,male,25.0,2,0,48.41,S,3.0,0,0
257,3,female,32.0,0,0,29.74,S,1.0,1,0
258,3,male,17.0,0,0,10.67,S,1.0,1,0
259,3,male,36.0,0,1,23.3,S,2.0,0,0
260,1,male,20.0,1,1,243.31124999999997,S,3.0,0,1
261,3,female,28.0,0,0,48.0,S,1.0,1,0
262,3,male,41.0,0,2,43.53,S,3.0,0,1
263,1,male,40.0,0,1,172.81,S,2.0,0,1
264,3,female,30.0,1,1,39.18,S,3.0,0,1
265,3,male,7.0,0,1,53.08,S,2.0,0,0
266,3,male,62.375,0,0,43.36,C,1.0,1,0
267,3,female,53.0,0,0,33.11,S,1.0,1,0
268,3,male,39.0,0,0,22.15,S,1.0,1,0
269,2,male,20.0,2,0,104.76,S,3.0,0,1
270,2,female,29.0,0,0,51.35,C,1.0,1,1
271,3,female,23.0,0,2,52.05,C,3.0,0,1
272,3,female,46.0,2,0,48.06,S,3.0,0,1
273,3,female,33.0,1,2,49.89,S,4.0,0,1
274,3,male,20.0,0,0,59.44,S,1.0,1,0
275,3,male,24.0,2,0,46.18,S,3.0,0,0
276,3,female,45.0,0,0,6.87,C,1.0,1,1
277,3,female,51.0,0,0,16.3,S,1.0,1,0
278,3,female,50.0,4,3,6.94,S,6.0,0,1
279,3,male,40.0,3,1,15.45,S,5.0,0,0
280,3,female,27.0,0,0,8.38,S,1.0,1,1
281,3,male,1.0,0,2,32.59,S,3.0,0,0
282,2,male,34.0,0,1,93.55,S,2.0,0,0
283,2,female,30.0,0,0,110.4,S,1.0,1,1
284,1,male,32.0,0,0,218.38,S,1.0,1,1
285,3,male,31.0,0,0,46.17,S,1.0,1,0
286,1,male,13.0,3,0,243.31124999999997,S,4.0,0,1
287,2,male,37.0,2,1,90.89,S,4.0,0,0
288,3,female,38.0,0,0,34.21,S,1.0,1,1
289,2,female,39.0,0,0,41.37,C,1.0,1,1
290,3,male,42.0,0,0,32.16,S,1.0,1,0
291,1,female,38.0,0,2,243.31124999999997,S,3.0,0,1
292,1,female,25.0,0,1,155.71,C,2.0,0,1
293,3,female,29.0,1,0,17.83,C,2.0,0,1
294,2,female,31.0,0,0,74.09,C,1.0,1,1
295,1,male,31.0,2,0,243.31124999999997,S,3.0,0,1
296,3,female,43.0,1,1,36.32,S,3.0,0,1
297,3,male,38.0,0,0,19.9,S,1.0,1,0
298,1,male,57.0,0,1,218.76,S,2.0,0,1
299,3,male,59.0,1,2,10.28,S,4.0,0,1
300,1,female,31.0,2,0,243.31124999999997,C,3.0,0,1
301,1,male,1.0,1,0,224.25,S,2.0,0,1
302,3,female,46.0,0,0,8.61,S,1.0,1,0
303,3,male,23.0,0,0,14.16,S,1.0,1,0
304,3,male,20.0,0,0,36.96,S,1.0,1,0
305,3,male,25.0,4,0,17.78,C,5.0,0,1
306,3,male,24.0,1,0,56.39,S,2.0,0,0
307,3,male,38.0,1,0,46.56,S,2.0,0,0
308,2,male,10.0,0,2,117.2,S,3.0,0,1
309,3,male,16.0,1,0,5.34,C,2.0,0,0
310,2,male,34.0,0,0,116.33,C,1.0,1,0
311,2,female,38.0,0,1,51.28,S,2.0,0,1
312,1,male,38.0,0,0,195.24,S,1.0,1,1
313,1,male,20.0,3,1,123.94,S,5.0,0,1
314,3,male,17.0,1,1,12.86,Q,3.0,0,0
315,3,male,23.0,0,0,42.14,S,1.0,1,0
316,3,male,33.0,2,0,29.77,S,3.0,0,0
317,2,female,49.0,0,0,40.57,S,1.0,1,1
318,1,male,3.0,0,0,243.31124999999997,C,1.0,1,1
319,1,female,27.0,0,0,243.31124999999997,C,1.0,1,1
320,2,male,13.0,0,2,94.67,S,3.0,0,1
321,3,female,9.0,0,0,20.61,S,1.0,1,1
322,3,female,43.0,0,0,45.43,S,1.0,1,0
323,3,male,37.0,1,2,15.07,S,4.0,0,0
324,2,male,36.0,0,1,71.44,S,2.0,0,0
325,3,female,42.0,1,0,45.97,C,2.0,0,1
326,3,male,24.0,0,0,41.31,C,1.0,1,0
327,3,female,24.0,1,0,19.88,Q,2.0,0,1
328,3,female,58.0,1,2,11.72,S,4.0,0,1
329,2,male,27.0,1,0,66.76,S,2.0,0,0
330,1,male,40.0,0,2,106.42,C,3.0,0,1
331,2,female,30.0,1,0,45.87,S,2.0,0,1
332,3,female,6.0,0,1,11.32,S,2.0,0,1
333,1,female,3.0,2,0,163.21,S,3.0,0,1
334,1,female,22.0,0,3,131.63,Q,4.0,0,1
335,1,male,44.0,0,2,243.31124999999997,C,3.0,0,1
336,1,male,40.0,0,0,156.53,S,1.0,1,1
337,3,female,42.0,1,1,34.89,S,3.0,0,1
338,3,male,17.0,0,1,9.97,C,2.0,0,0
339,2,male,51.0,3,2,42.75,C,6.0,0,0
340,1,female,17.0,4,0,179.65,S,5.0,0,1
341,2,male,33.0,1,0,70.89,S,2.0,0,1
342,2,male,30.0,0,1,67.17,S,2.0,0,1
343,1,female,28.0,1,1,243.31124999999997,S,3.0,0,1
344,2,female,47.0,0,0,111.6,Q,1.0,1,1
345,2,male,21.0,0,1,41.52,S,2.0,0,0
346,3,male,12.0,2,0,11.53,S,3.0,0,0
347,3,female,30.0,3,1,20.44,S,5.0,0,0
348,1,female,25.0,3,0,243.31124999999997,S,4.0,0,1
349,2,male,62.375,0,0,73.61,S,1.0,1,0
350,3,male,39.0,0,0,58.25,C,1.0,1,0
351,3,male,25.0,0,0,40.06,S,1.0,1,0
352,3,male,16.0,0,0,24.29,S,1.0,1,0
353,3,female,6.0,0,0,43.14,S,1.0,1,1
354,1,male,17.0,0,0,243.31124999999997,C,1.0,1,1
355,1,male,31.0,1,0,141.95,C,2.0,0,1
356,3,male,49.0,1,1,18.41,S,3.0,0,0
357,1,female,45.0,1,0,243.31124999999997,S,2.0,0,1
358,3,male,33.0,1,0,9.14,S,2.0,0,0
359,3,male,26.0,0,0,28.11,S,1.0,1,0
360,3,male,33.0,0,2,39.0,S,3.0,0,0
361,2,male,23.0,1,1,118.87,C,3.0,0,0
362,3,female,52.0,0,0,49.57,S,1.0,1,0
363,2,male,28.0,0,1,85.41,Q,2.0,0,0
364,3,male,29.0,0,3,9.83,S,4.0,0,0
365,3,male,1.0,0,0,32.12,S,1.0,1,0
366,2,male,27.0,1,2,116.12,S,4.0,0,1
367,3,male,41.0,2,0,49.25,S,3.0,0,0
368,3,female,16.0,2,0,19.65,S,3.0,0,1
369,1,male,20.0,0,0,243.31124999999997,C,1.0,1,1
370,1,female,40.0,0,0,243.31124999999997,S,1.0,1,1
371,1,male,11.0,2,0,195.07,S,3.0,0,1
372,1,female,44.0,0,0,243.31124999999997,C,1.0,1,1
373,1,male,23.0,0,0,243.31124999999997,Q,1.0,1,1
374,3,male,25.0,2,0,53.19,S,3.0,0,0
375,1,male,15.0,1,0,216.83,C,2.0,0,1
376,2,male,35.0,2,0,114.06,S,3.0,0,1
377,3,male,62.0,0,0,44.97,S,1.0,1,0
378,1,female,40.0,0,3,243.31124999999997,S,4.0,0,1
379,3,male,19.0,2,0,15.91,Q,3.0,0,0
380,2,female,45.0,0,0,50.94,S,1.0,1,1
381,1,female,26.0,1,0,173.22,S,2.0,0,1
382,3,male,48.0,0,0,59.4,S,1.0,1,0
383,3,female,40.0,1,0,12.41,S,2.0,0,0
384,3,female,1.0,1,0,24.59,S,2.0,0,1
385,3,male,17.0,0,1,22.12,S,2.0,0,0
386,3,male,42.0,0,0,53.41,S,1.0,1,0
387,2,male,32.0,1,0,40.83,S,2.0,0,0
388,1,male,17.0,1,0,194.28,S,2.0,0,1
389,3,male,22.0,0,1,12.86,S,2.0,0,0
390,3,male,5.0,2,1,47.65,S,4.0,0,0
391,3,female,29.0,0,0,18.07,S,1.0,1,1
392,2,male,59.0,0,0,109.78,C,1.0,1,1
393,2,male,40.0,0,2,113.39,S,3.0,0,0
394,3,male,58.0,3,0,26.53,S,4.0,0,0
395,2,male,41.0,0,0,61.8,C,1.0,1,1
396,3,female,43.0,0,0,12.35,S,1.0,1,1
397,3,female,56.0,1,0,54.31,S,2.0,0,1
398,2,male,35.0,0,2,52.34,Q,3.0,0,1
399,3,male,28.0,0,3,10.46,S,4.0,0,0
400,3,male,43.0,0,1,18.48,S,2.0,0,0
401,1,female,49.0,1,0,241.06,Q,2.0,0,1
402,3,male,24.0,0,0,9.7,S,1.0,1,0
403,3,male,21.0,2,0,49.88,S,3.0,0,0
404,3,female,32.0,2,3,54.06,S,6.0,0,1
405,2,female,41.0,1,1,90.26,S,3.0,0,1
406,3,male,40.0,1,0,21.16,S,2.0,0,0
407,2,male,11.0,0,0,115.73,S,1.0,1,1
408,1,male,55.0,0,0,243.31124999999997,C,1.0,1,1
409,3,female,22.0,1,3,47.9,Q,5.0,0,1
410,1,male,27.0,2,0,243.31124999999997,S,3.0,0,1
411,2,male,18.0,0,0,93.08,C,1.0,1,0
412,3,female,62.375,0,0,42.78,S,1.0,1,0
413,3,male,33.0,0,0,12.42,S,1.0,1,0
414,3,female,19.0,0,2,33.09,Q,3.0,0,0
415,3,female,41.0,0,3,38.71,S,4.0,0,1
416,2,male,40.0,0,2,54.16,S,3.0,0,0
417,2,female,28.0,0,1,83.5,S,2.0,0,1
418,2,female,41.0,0,0,116.62,S,1.0,1,1
419,3,male,19.0,0,0,28.13,S,1.0,1,0
420,3,female,24.0,1,0,53.83,S,2.0,0,1
421,3,female,4.0,2,1,34.26,C,4.0,0,1
422,3,female,13.0,3,0,46.17,S,4.0,0,1
423,1,male,53.0,0,0,243.31124999999997,S,1.0,1,1
424,2,male,51.0,0,0,82.6,S,1.0,1,0
425,1,male,31.0,3,0,122.76,S,4.0,0,1
426,3,male,52.0,1,1,22.26,Q,3.0,0,0
427,2,male,28.0,0,2,54.22,Q,3.0,0,0
428,3,female,27.0,0,0,53.47,C,1.0,1,1
429,2,male,31.0,0,0,109.83,S,1.0,1,0
430,1,male,28.0,0,2,127.34,C,3.0,0,1
431,1,male,27.0,0,1,243.31124999999997,S,2.0,0,1
432,3,female,45.0,2,0,6.83,S,3.0,0,1
433,3,male,32.0,0,0,9.61,S,1.0,1,0
434,1,female,39.0,1,0,243.31124999999997,C,2.0,0,1
435,1,male,43.0,2,0,243.31124999999997,S,3.0,0,0
436,3,male,35.0,1,2,15.61,S,4.0,0,1
437,1,female,17.0,2,0,243.31124999999997,S,3.0,0,1
438,3,male,12.0,3,0,34.95,S,4.0,0,0
439,3,female,32.0,0,0,9.88,C,1.0,1,1
440,1,male,28.0,3,0,219.86,S,4.0,0,1
441,1,male,31.0,1,0,115.0,S,2.0,0,1
442,3,female,30.0,0,0,20.76,S,1.0,1,1
443,2,female,62.375,1,0,64.0,C,2.0,0,1
444,2,male,13.0,1,0,100.27,S,2.0,0,1
445,3,female,4.0,2,0,46.62,S,3.0,0,1
446,3,female,34.0,0,0,55.15,S,1.0,1,1
447,3,female,25.0,0,0,29.3,S,1.0,1,1
448,3,male,34.0,0,0,18.45,C,1.0,1,0
449,2,male,38.0,0,0,90.06,Q,1.0,1,0
450,1,female,47.0,0,0,119.69,S,1.0,1,1
451,3,female,10.0,0,3,5.07,S,4.0,0,1
452,3,female,23.0,1,2,40.78,S,4.0,0,1
453,2,female,36.0,0,0,65.66,S,1.0,1,1
454,3,male,40.0,0,1,16.57,S,2.0,0,0
455,1,male,59.0,0,0,243.31124999999997,S,1.0,1,1
456,2,female,42.0,0,0,97.88,C,1.0,1,1
457,1,female,29.0,0,0,243.31124999999997,C,1.0,1,1
458,2,male,18.0,0,0,80.09,C,1.0,1,0
459,1,male,23.0,0,0,131.7,S,1.0,1,1
460,1,male,22.0,0,0,129.83,C,1.0,1,0
461,1,male,39.0,0,1,243.31124999999997,S,2.0,0,1
462,3,female,33.0,0,0,45.12,S,1.0,1,1
463,3,female,13.0,0,0,41.72,C,1.0,1,1
464,3,female,24.0,0,0,17.46,Q,1.0,1,1
465,3,female,41.0,0,0,13.97,C,1.0,1,0
466,2,male,35.0,2,3,92.43,C,6.0,0,0
467,2,male,37.0,1,1,79.46,C,3.0,0,1
468,3,male,35.0,0,2,47.22,S,3.0,0,0
469,1,male,51.0,0,1,140.45,C,2.0,0,1
470,3,female,33.0,1,0,38.27,S,2.0,0,1
471,1,male,25.0,0,0,243.31124999999997,S,1.0,1,1
472,3,female,18.0,2,0,42.97,C,3.0,0,1
473,1,female,33.0,2,0,157.63,Q,3.0,0,1
474,3,male,1.0,2,1,13.89,S,4.0,0,0
475,3,female,28.0,2,0,49.86,C,3.0,0,1
476,3,male,27.0,1,0,15.82,S,2.0,0,0
477,1,female,12.0,1,1,243.31124999999997,Q,3.0,0,1
478,3,male,18.0,1,1,33.47,S,3.0,0,0
479,3,male,41.0,1,0,22.5,S,2.0,0,0
480,3,female,33.0,1,0,7.39,C,2.0,0,0
481,3,male,31.0,0,0,58.92,C,1.0,1,0
482,3,female,34.0,0,0,41.66,C,1.0,1,1
483,2,male,31.0,2,0,112.06,Q,3.0,0,0
484,3,male,46.0,0,0,59.95,S,1.0,1,0
485,3,male,32.0,1,0,26.56,S,2.0,0,0
486,3,male,11.0,3,0,19.01,C,4.0,0,0
487,1,female,51.0,1,1,152.46,Q,3.0,0,1
488,2,male,35.0,4,2,47.31,S,6.0,0,1
489,3,male,22.0,1,0,38.33,S,2.0,0,0
490,3,male,14.0,0,1,30.98,S,2.0,0,0
491,2,female,35.0,2,0,56.22,S,3.0,0,1
492,3,male,28.0,0,0,14.25,C,1.0,1,0
493,2,male,50.0,0,0,82.18,S,1.0,1,1
494,1,female,26.0,0,0,243.31124999999997,S,1.0,1,1
495,2,male,19.0,0,0,75.99,C,1.0,1,0
496,2,female,42.0,0,2,66.1,S,3.0,0,1
497,3,male,42.0,0,0,25.94,C,1.0,1,0
498,1,male,32.0,1,3,243.31124999999997,S,5.0,0,1
499,3,male,39.0,1,0,47.62,S,2.0,0,0
500,3,male,30.0,0,0,22.2,S,1.0,1,0
501,3,male,33.0,0,0,11.22,S,1.0,1,0
502,3,female,45.0,1,0,34.23,S,2.0,0,1
503,2,female,38.0,1,0,78.52,C,2.0,0,1
504,3,male,28.0,2,1,54.98,S,4.0,0,0
505,3,female,48.0,0,0,18.73,S,1.0,1,0
506,1,female,1.0,2,0,243.31124999999997,C,3.0,0,1
507,3,male,57.0,0,0,6.67,S,1.0,1,0
508,3,female,8.0,1,0,12.25,Q,2.0,0,1
509,3,female,22.0,0,1,32.47,S,2.0,0,1
510,3,male,29.0,0,1,17.58,S,2.0,0,0
511,3,female,28.0,0,2,48.9,S,3.0,0,1
512,2,male,43.0,0,0,41.6,S,1.0,1,0
513,3,male,16.0,0,0,5.24,S,1.0,1,0
514,3,male,33.0,1,0,17.81,S,2.0,0,0
515,1,female,22.0,1,2,243.31124999999997,S,4.0,0,1
516,1,male,34.0,0,0,104.42,C,1.0,1,1
517,2,male,29.0,0,0,111.51,C,1.0,1,0
518,3,male,31.0,0,0,54.05,S,1.0,1,0
519,3,female,23.0,4,0,40.04,S,5.0,0,0
520,1,male,23.0,0,1,243.31124999999997,S,2.0,0,1
521,3,male,34.0,0,1,48.08,S,2.0,0,0
522,2,male,42.0,0,0,78.47,Q,1.0,1,0
523,3,male,22.0,1,2,58.08,S,4.0,0,1
524,3,male,19.0,0,0,5.32,S,1.0,1,0
525,3,male,38.0,0,3,36.34,S,4.0,0,0
526,2,female,30.0,2,1,115.78,S,4.0,0,1
527,2,male,41.0,1,0,114.9,C,2.0,0,1
528,2,female,18.0,1,1,85.24,S,3.0,0,1
529,1,male,7.0,0,0,120.33,C,1.0,1,1
530,3,female,23.0,0,0,48.21,S,1.0,1,1
531,3,male,20.0,3,0,37.63,S,4.0,0,0
532,3,female,29.0,2,0,18.82,S,3.0,0,1
533,3,male,22.0,0,0,53.91,C,1.0,1,0
534,3,male,40.0,0,0,49.61,S,1.0,1,0
535,3,female,26.0,0,1,13.8,S,2.0,0,0
536,3,female,32.0,0,0,50.46,S,1.0,1,1
537,3,female,32.0,1,1,58.5,S,3.0,0,1
538,1,male,33.0,3,0,243.31124999999997,C,4.0,0,1
539,2,male,30.0,0,0,115.36,S,1.0,1,1
540,1,male,37.0,0,0,198.24,S,1.0,1,0
541,3,female,20.0,2,0,23.84,S,3.0,0,1
542,3,male,48.0,0,1,42.18,S,2.0,0,0
543,1,male,27.0,3,0,243.31124999999997,Q,4.0,0,1
544,3,male,13.0,1,0,56.12,S,2.0,0,0
545,3,male,32.0,3,1,38.98,S,5.0,0,0
546,2,female,19.0,0,0,42.45,C,1.0,1,1
547,1,female,39.0,0,1,239.29,S,2.0,0,1
548,3,female,59.0,0,0,21.55,C,1.0,1,0
549,3,female,20.0,0,1,19.98,C,2.0,0,1
550,3,female,34.0,0,2,26.55,S,3.0,0,1
551,3,female,7.0,3,1,5.66,S,5.0,0,1
552,3,male,36.0,2,0,58.3,S,3.0,0,0
553,3,male,18.0,1,0,34.28,S,2.0,0,0
554,3,male,22.0,0,1,47.54,S,2.0,0,0
555,3,male,16.0,1,0,19.18,C,2.0,0,0
556,2,male,40.0,1,0,95.1,C,2.0,0,0
557,1,female,43.0,0,1,227.02,S,2.0,0,1
558,1,male,30.0,3,0,133.47,C,4.0,0,1
559,3,female,19.0,0,0,58.39,S,1.0,1,0
560,3,male,51.0,0,2,32.16,S,3.0,0,0
561,3,female,20.0,0,0,41.16,S,1.0,1,1
562,1,male,2.0,1,0,243.31124999999997,S,2.0,0,1
563,1,female,36.0,1,1,243.31124999999997,C,3.0,0,1
564,1,female,16.0,0,2,105.73,S,3.0,0,1
565,2,male,43.0,0,0,57.23,S,1.0,1,0
566,3,female,25.0,0,1,34.52,S,2.0,0,1
567,2,male,38.0,0,1,118.13,S,2.0,0,0
568,2,male,48.0,0,0,105.59,C,1.0,1,1
569,3,male,14.0,0,0,36.16,C,1.0,1,0
570,2,male,23.0,0,0,108.86,S,1.0,1,1
571,3,male,29.0,2,1,39.1,S,4.0,0,0
572,3,female,50.0,0,1,22.55,S,2.0,0,1
573,2,male,21.0,1,0,68.72,S,2.0,0,0
574,3,male,22.0,0,1,58.15,S,2.0,0,0
575,3,male,36.0,0,1,11.12,S,2.0,0,0
576,3,female,22.0,0,0,10.79,Q,1.0,1,1
577,1,male,32.0,0,1,157.17,S,2.0,0,1
578,3,male,10.0,0,0,22.6,S,1.0,1,0
579,2,male,59.0,2,2,85.41,S,5.0,0,0
580,2,male,12.0,3,0,68.27,S,4.0,0,1
581,2,female,26.0,0,0,86.66,S,1.0,1,1
582,3,female,30.0,0,0,37.08,S,1.0,1,1
583,2,male,55.0,3,0,83.38,S,4.0,0,1
584,2,male,13.0,0,1,49.86,S,2.0,0,1
585,3,male,56.0,1,0,39.06,S,2.0,0,0
586,1,female,40.0,4,2,152.47,S,6.0,0,1
587,1,male,35.0,4,0,158.25,C,5.0,0,1
588,1,male,17.0,0,0,243.31124999999997,C,1.0,1,1
589,1,male,37.0,0,2,225.46,C,3.0,0,1
590,1,male,21.0,0,1,243.31124999999997,S,2.0,0,1
591,1,female,46.0,2,1,213.19,S,4.0,0,1
592,3,male,17.0,2,3,46.26,S,6.0,0,0
593,1,female,29.0,1,0,243.31124999999997,S,2.0,0,1
594,2,male,23.0,1,0,106.57,C,2.0,0,0
595,3,female,17.0,1,0,16.55,S,2.0,0,1
596,2,male,40.0,1,0,77.28,C,2.0,0,0
597,3,female,37.0,2,1,47.38,C,4.0,0,0
598,1,male,46.0,1,2,153.52,C,4.0,0,1
599,1,male,7.0,0,0,243.31124999999997,C,1.0,1,1
600,1,male,44.0,0,1,243.31124999999997,S,2.0,0,1
601,1,female,62.375,1,2,149.79,S,4.0,0,1
602,2,female,24.0,0,1,76.37,S,2.0,0,1
603,1,female,55.0,0,0,243.31124999999997,S,1.0,1,1
604,1,male,27.0,1,0,152.13,S,2.0,0,1
605,1,female,12.0,1,2,243.31124999999997,S,4.0,0,1
606,2,male,26.0,3,3,83.86,Q,6.0,0,0
607,1,male,44.0,0,0,243.31124999999997,S,1.0,1,1
608,2,male,19.0,1,2,52.24,C,4.0,0,1
609,3,male,22.0,0,0,37.25,S,1.0,1,0
610,3,male,38.0,2,0,6.87,Q,3.0,0,0
611,1,female,30.0,0,2,186.62,S,3.0,0,1
612,3,male,38.0,1,0,56.55,S,2.0,0,0
613,3,male,33.0,1,0,20.86,S,2.0,0,0
614,1,female,36.0,0,0,172.05,C,1.0,1,1
615,3,male,24.0,3,0,9.64,S,4.0,0,0
616,3,male,33.0,2,0,36.25,C,3.0,0,0
617,1,male,18.0,0,0,125.2,S,1.0,1,0
618,2,female,47.0,0,2,93.58,S,3.0,0,1
619,3,male,22.0,0,2,57.17,S,3.0,0,0
620,3,female,45.0,0,0,39.05,C,1.0,1,1
621,1,female,27.0,2,0,243.31124999999997,S,3.0,0,1
622,1,male,33.0,3,1,243.31124999999997,C,5.0,0,1
623,2,male,24.0,0,0,94.57,S,1.0,1,0
624,2,male,17.0,0,0,87.22,S,1.0,1,0
625,3,female,7.0,0,0,53.38,S,1.0,1,1
626,2,male,16.0,0,0,67.44,S,1.0,1,1
627,2,male,26.0,0,0,74.3,S,1.0,1,0
628,3,female,33.0,0,0,12.97,C,1.0,1,0
629,1,male,43.0,0,1,219.96,C,2.0,0,1
630,2,female,24.0,1,1,101.03,S,3.0,0,1
631,3,male,19.0,1,1,59.95,S,3.0,0,0
632,3,male,11.0,0,0,10.19,S,1.0,1,0
633,3,female,36.0,1,1,16.72,Q,3.0,0,1
634,3,female,48.0,1,0,19.94,C,2.0,0,1
635,1,female,46.0,2,0,243.31124999999997,S,3.0,0,1
636,2,female,39.0,0,1,103.95,S,2.0,0,1
637,3,male,38.0,2,0,46.36,Q,3.0,0,0
638,1,male,52.0,2,0,133.07,S,3.0,0,1
639,2,female,34.0,0,0,85.06,Q,1.0,1,1
640,2,female,38.0,0,2,96.48,S,3.0,0,1
641,1,male,26.0,3,0,243.31124999999997,S,4.0,0,1
642,2,male,12.0,1,1,113.03,S,3.0,0,1
643,1,female,21.0,3,3,146.17,S,6.0,0,1
644,2,female,30.0,1,1,59.85,C,3.0,0,1
645,1,male,31.0,1,0,221.71,S,2.0,0,1
646,3,female,55.0,0,0,22.06,S,1.0,1,0
647,3,female,31.0,0,0,29.18,Q,1.0,1,1
648,3,male,45.0,3,0,16.77,S,4.0,0,0
649,3,male,24.0,0,1,38.42,S,2.0,0,0
650,2,male,26.0,0,0,76.23,S,1.0,1,0
651,1,male,13.0,1,2,138.09,S,4.0,0,1
652,3,male,20.0,1,0,29.57,S,2.0,0,0
653,3,female,37.0,0,1,48.83,S,2.0,0,1
654,3,female,30.0,0,0,46.14,S,1.0,1,1
655,2,female,42.0,0,0,42.04,S,1.0,1,1
656,1,female,32.0,0,1,183.5,S,2.0,0,1
657,2,male,25.0,1,0,44.22,S,2.0,0,0
658,2,male,58.0,0,0,99.92,S,1.0,1,0
659,3,male,29.0,2,0,25.15,S,3.0,0,0
660,3,male,45.0,1,0,10.82,S,2.0,0,0
661,2,female,25.0,1,1,107.3,S,3.0,0,1
662,3,female,39.0,0,2,9.72,S,3.0,0,0
663,3,male,42.0,0,0,14.27,Q,1.0,1,0
664,1,male,33.0,0,0,116.67,S,1.0,1,1
665,1,male,1.0,0,1,197.36,S,2.0,0,1
666,1,male,30.0,2,3,243.31124999999997,C,6.0,0,1
667,1,male,46.0,0,2,126.61,C,3.0,0,1
668,1,male,37.0,2,1,222.23,Q,4.0,0,1
669,1,female,36.0,0,0,210.67,S,1.0,1,1
670,2,male,8.0,0,0,92.52,S,1.0,1,1
671,1,male,21.0,4,0,175.07,S,5.0,0,1
672,3,female,35.0,0,0,56.1,S,1.0,1,1
673,1,male,35.0,0,1,172.16,S,2.0,0,1
674,3,female,46.0,0,0,56.58,C,1.0,1,1
675,2,male,28.0,0,1,94.07,S,2.0,0,0
676,3,female,35.0,1,0,53.32,S,2.0,0,1
677,1,male,30.0,0,1,243.31124999999997,S,2.0,0,1
678,2,female,17.0,0,0,72.87,Q,1.0,1,1
679,3,male,1.0,0,0,22.34,S,1.0,1,0
680,3,female,36.0,2,0,11.0,Q,3.0,0,1
681,3,female,32.0,0,2,45.13,C,3.0,0,0
682,2,male,22.0,0,0,80.89,Q,1.0,1,0
683,1,male,9.0,0,1,243.31124999999997,C,2.0,0,1
684,3,female,38.0,0,0,47.65,S,1.0,1,1
685,3,female,27.0,0,0,54.76,C,1.0,1,1
686,3,male,37.0,0,2,47.03,S,3.0,0,0
687,3,male,54.0,0,0,50.39,S,1.0,1,0
688,2,male,2.0,0,0,56.76,S,1.0,1,1
689,3,female,21.0,0,0,53.83,S,1.0,1,1
690,1,male,27.0,3,2,204.24,S,6.0,0,1
691,2,female,49.0,1,0,109.15,S,2.0,0,1
692,2,female,9.0,0,0,42.05,S,1.0,1,1
693,3,male,55.0,0,0,49.5,Q,1.0,1,0
694,1,male,32.0,1,0,243.31124999999997,S,2.0,0,1
695,1,male,29.0,2,0,192.32,S,3.0,0,1
696,3,female,27.0,0,1,44.92,S,2.0,0,1
697,2,male,24.0,1,1,44.54,S,3.0,0,0
698,3,male,44.0,0,0,52.46,S,1.0,1,0
699,1,male,16.0,0,1,243.31124999999997,C,2.0,0,1
700,2,female,34.0,3,1,42.82,S,5.0,0,1
701,3,female,25.0,1,2,5.89,S,4.0,0,1
702,1,female,20.0,2,0,240.13,C,3.0,0,1
703,2,male,62.375,0,0,50.46,S,1.0,1,1
704,1,female,35.0,0,1,210.85,S,2.0,0,1
705,1,male,38.0,1,0,222.76,C,2.0,0,1
706,3,female,45.0,0,0,46.68,S,1.0,1,1
707,2,male,12.0,0,1,62.99,S,2.0,0,1
708,3,female,53.0,0,0,35.56,S,1.0,1,0
709,2,male,1.0,0,0,71.99,S,1.0,1,1
710,3,male,20.0,0,0,47.71,S,1.0,1,0
711,3,female,24.0,1,1,46.7,C,3.0,0,0
712,3,male,38.0,2,0,21.92,S,3.0,0,0
713,2,male,33.0,0,2,107.69,S,3.0,0,0
714,2,male,28.0,1,0,119.05,S,2.0,0,1
715,2,male,30.0,0,0,95.9,Q,1.0,1,0
716,3,female,17.0,2,0,46.09,C,3.0,0,0
717,3,female,11.0,0,0,38.5,C,1.0,1,1
718,3,female,39.0,1,0,18.14,S,2.0,0,1
719,1,female,39.0,1,0,243.31124999999997,C,2.0,0,1
720,3,female,51.0,0,2,7.76,C,3.0,0,1
721,3,female,20.0,0,0,7.51,S,1.0,1,1
722,1,male,39.0,3,0,243.31124999999997,Q,4.0,0,1
723,1,male,26.0,0,0,243.31124999999997,C,1.0,1,1
724,3,female,45.0,1,1,35.59,Q,3.0,0,1
725,3,female,43.0,3,0,24.69,C,4.0,0,1
726,3,male,33.0,0,0,29.47,C,1.0,1,0
727,1,female,26.0,2,1,130.15,Q,4.0,0,1
728,3,female,42.0,3,0,41.25,S,4.0,0,1
729,1,female,38.0,1,0,211.06,C,2.0,0,1
730,1,male,21.0,0,0,177.79,S,1.0,1,1
731,1,male,13.0,0,1,243.31124999999997,C,2.0,0,1
732,3,female,26.0,0,0,55.47,C,1.0,1,1
733,3,male,50.0,2,0,22.38,C,3.0,0,0
734,3,male,45.0,2,1,5.94,C,4.0,0,0
735,2,male,16.0,1,0,82.05,S,2.0,0,1
736,3,male,15.0,0,1,55.8,S,2.0,0,0
737,2,male,47.0,0,0,44.62,S,1.0,1,1
738,3,female,15.0,1,0,5.27,S,2.0,0,1
739,2,female,37.0,1,0,52.29,S,2.0,0,1
740,2,male,22.0,2,0,119.19,S,3.0,0,1
741,2,male,51.0,1,0,67.56,S,2.0,0,0
742,2,male,20.0,2,0,63.36,S,3.0,0,1
743,3,male,45.0,1,0,52.36,S,2.0,0,1
744,3,male,32.0,1,2,8.78,C,4.0,0,0
745,1,female,33.0,0,0,243.31124999999997,S,1.0,1,1
746,3,male,4.0,2,1,58.52,S,4.0,0,0
747,2,male,1.0,1,2,113.54,C,4.0,0,1
748,3,male,27.0,0,2,12.32,S,3.0,0,0
749,3,male,33.0,0,2,52.14,S,3.0,0,0
750,3,male,15.0,0,0,11.48,S,1.0,1,0
751,1,female,16.0,0,2,243.31124999999997,Q,3.0,0,1
752,3,male,37.0,0,1,22.79,S,2.0,0,0
753,3,female,37.0,0,1,39.94,C,2.0,0,1
754,2,male,28.0,0,0,48.74,S,1.0,1,0
755,1,male,40.0,0,2,183.49,S,3.0,0,1
756,3,male,15.0,1,1,34.75,S,3.0,0,0
757,3,male,25.0,0,1,26.64,S,2.0,0,0
758,3,male,51.0,0,0,24.74,C,1.0,1,0
759,3,male,31.0,0,0,51.58,S,1.0,1,0
760,3,female,32.0,0,2,44.81,C,3.0,0,0
761,1,male,60.0,0,0,243.31124999999997,S,1.0,1,1
762,2,male,12.0,1,0,53.91,S,2.0,0,0
763,1,male,40.0,1,1,243.31124999999997,S,3.0,0,1
764,3,female,52.0,0,0,34.13,Q,1.0,1,1
765,1,male,26.0,1,0,243.31124999999997,S,2.0,0,1
766,3,male,41.0,0,0,14.01,S,1.0,1,1
767,3,female,17.0,4,0,7.93,S,5.0,0,1
768,3,female,21.0,3,0,52.73,S,4.0,0,0
769,2,female,35.0,0,0,84.83,S,1.0,1,1
770,3,male,40.0,1,0,36.39,S,2.0,0,0
771,1,male,45.0,1,0,216.82,Q,2.0,0,1
772,3,male,50.0,1,2,46.52,S,4.0,0,0
773,1,female,29.0,1,0,238.92,Q,2.0,0,1
774,2,male,46.0,3,0,104.83,S,4.0,0,1
775,3,female,26.0,0,0,30.82,S,1.0,1,1
776,1,female,42.0,1,1,213.84,Q,3.0,0,1
777,1,male,33.0,2,2,234.58,S,5.0,0,1
778,3,female,36.0,1,0,56.86,S,2.0,0,1
779,3,male,36.0,1,0,24.43,S,2.0,0,0
780,3,female,9.0,0,0,58.18,Q,1.0,1,1
781,3,male,15.0,0,1,53.13,S,2.0,0,0
782,3,male,31.0,0,0,37.13,C,1.0,1,0
783,2,male,8.0,0,0,55.53,S,1.0,1,0
784,2,female,41.0,0,1,95.86,S,2.0,0,1
785,1,female,41.0,4,2,133.32,S,6.0,0,1
786,3,male,34.0,1,0,36.93,Q,2.0,0,0
787,3,female,15.0,1,3,27.09,C,5.0,0,1
788,2,male,48.0,0,0,117.69,S,1.0,1,1
789,2,male,56.0,2,1,72.93,S,4.0,0,0
790,3,female,32.0,1,0,6.26,S,2.0,0,1
791,1,female,37.0,1,0,243.31124999999997,S,2.0,0,1
792,3,male,33.0,0,1,10.2,S,2.0,0,0
793,3,male,37.0,0,0,17.76,C,1.0,1,0
794,3,male,28.0,1,0,28.48,S,2.0,0,0
795,1,male,30.0,0,0,176.37,Q,1.0,1,1
796,3,male,42.0,2,0,24.31,S,3.0,0,0
797,3,female,60.0,2,0,5.96,S,3.0,0,1
798,3,male,12.0,4,2,31.58,Q,6.0,0,0
799,3,male,29.0,1,0,59.81,S,2.0,0,0
800,3,female,15.0,4,0,24.2,S,5.0,0,1
801,3,female,51.0,2,0,57.87,C,3.0,0,1
802,1,female,22.0,0,0,234.91,S,1.0,1,1
803,3,female,11.0,0,0,14.52,S,1.0,1,1
804,3,male,38.0,0,0,44.83,S,1.0,1,0
805,2,female,53.0,0,0,47.55,S,1.0,1,1
806,3,female,39.0,0,0,47.08,S,1.0,1,1
807,3,female,33.0,0,1,52.5,S,2.0,0,1
808,3,male,35.0,1,0,18.81,S,2.0,0,0
809,2,male,48.0,0,0,109.72,S,1.0,1,1
810,1,male,19.0,0,0,171.1,C,1.0,1,1
811,3,female,29.0,1,1,52.38,S,3.0,0,1
812,3,male,24.0,2,0,28.66,S,3.0,0,0
813,1,male,15.0,4,2,243.31124999999997,S,6.0,0,1
814,3,female,26.0,1,0,36.58,C,2.0,0,1
815,3,female,44.0,0,0,57.74,S,1.0,1,0
816,3,female,37.0,0,1,5.8,S,2.0,0,1
817,3,female,38.0,0,1,18.21,S,2.0,0,1
818,2,male,32.0,0,0,71.32,C,1.0,1,0
819,1,male,37.0,0,0,169.38,S,1.0,1,1
820,2,male,20.0,4,0,113.73,S,5.0,0,0
821,3,male,26.0,0,2,18.15,S,3.0,0,0
822,1,male,32.0,0,1,243.31124999999997,S,2.0,0,1
823,2,male,34.0,0,0,69.08,Q,1.0,1,0
824,2,male,34.0,1,0,47.58,C,2.0,0,0
825,3,female,28.0,0,0,27.44,S,1.0,1,0
826,3,female,25.0,0,0,24.56,C,1.0,1,0
827,2,male,62.375,0,0,72.6,S,1.0,1,0
828,2,female,42.0,0,0,71.25,C,1.0,1,1
829,3,female,35.0,0,0,24.85,S,1.0,1,1
830,2,male,27.0,0,0,42.37,S,1.0,1,1
831,1,male,24.0,0,0,209.3,Q,1.0,1,1
832,2,male,28.0,1,0,104.94,C,2.0,0,1
833,1,male,34.0,0,0,201.75,Q,1.0,1,1
834,1,male,6.0,1,0,114.63,C,2.0,0,1
835,2,male,10.0,0,0,111.1,S,1.0,1,1
836,2,male,22.0,0,1,55.91,S,2.0,0,0
837,3,male,33.0,0,0,24.27,S,1.0,1,0
838,2,male,27.0,0,0,107.7,S,1.0,1,1
839,3,male,49.0,0,0,43.93,S,1.0,1,0
840,3,male,11.0,0,0,46.59,S,1.0,1,0
841,1,male,20.0,1,0,243.31124999999997,S,2.0,0,1
842,3,female,50.0,2,0,10.82,S,3.0,0,1
843,1,female,32.0,1,0,117.69,S,2.0,0,1
844,3,female,42.0,0,0,55.0,S,1.0,1,1
845,1,male,57.0,1,0,216.05,S,2.0,0,1
846,2,female,21.0,0,1,76.45,Q,2.0,0,1
847,1,female,29.0,1,1,140.18,S,3.0,0,1
848,3,male,26.0,0,2,42.61,S,3.0,0,0
849,3,female,5.0,0,0,14.11,S,1.0,1,1
850,3,male,26.0,2,1,34.62,C,4.0,0,0
851,1,female,41.0,1,1,228.96,S,3.0,0,1
852,3,male,37.0,0,2,34.49,Q,3.0,0,0
853,1,male,38.0,0,0,154.11,S,1.0,1,1
854,3,male,25.0,0,1,29.89,S,2.0,0,0
855,1,male,21.0,3,0,243.31124999999997,S,4.0,0,1
856,1,male,47.0,0,0,134.5,C,1.0,1,1
857,1,female,24.0,4,0,110.88,S,5.0,0,1
858,2,female,34.0,0,1,80.19,S,2.0,0,1
859,3,female,32.0,0,1,26.45,S,2.0,0,1
860,1,male,49.0,1,0,118.49,S,2.0,0,1
861,3,male,43.0,0,0,33.19,Q,1.0,1,0
862,2,male,13.0,0,0,61.31,S,1.0,1,0
863,3,female,15.0,0,0,41.46,S,1.0,1,1
864,2,male,38.0,1,0,69.51,S,2.0,0,1
865,2,male,29.0,1,0,93.76,S,2.0,0,0
866,3,male,24.0,1,2,58.29,S,4.0,0,0
867,1,male,43.0,1,0,180.73,S,2.0,0,1
868,1,female,32.0,1,0,198.42,S,2.0,0,1
869,3,male,31.0,0,2,14.17,Q,3.0,0,0
870,3,male,40.0,0,2,47.87,S,3.0,0,0
871,2,female,25.0,1,1,88.56,C,3.0,0,1
872,2,female,50.0,3,0,98.57,Q,4.0,0,1
873,3,male,20.0,0,1,55.37,S,2.0,0,1
874,2,male,39.0,0,0,78.02,S,1.0,1,0
875,1,male,49.0,0,2,120.43,C,3.0,0,1
876,1,female,12.0,0,1,243.31124999999997,C,2.0,0,1
877,3,male,26.0,0,1,24.06,S,2.0,0,0
878,3,male,45.0,1,0,21.75,S,2.0,0,0
879,1,male,45.0,0,0,243.31124999999997,S,1.0,1,0
880,1,male,28.0,1,1,134.62,S,3.0,0,1
881,1,female,20.0,1,1,205.99,C,3.0,0,1
882,3,male,42.0,3,0,47.14,S,4.0,0,0
883,1,female,45.0,0,2,108.05,C,3.0,0,1
884,1,male,15.0,0,0,243.31124999999997,S,1.0,1,1
885,3,male,14.0,0,0,37.6,S,1.0,1,1
886,1,male,33.0,0,1,159.13,S,2.0,0,1
887,3,male,38.0,0,0,51.25,S,1.0,1,0
888,1,male,26.0,1,0,243.31124999999997,C,2.0,0,1
889,1,male,39.0,0,1,145.11,S,2.0,0,1
890,1,male,21.0,3,0,110.11,C,4.0,0,0
891,3,male,3.0,1,0,30.76,C,2.0,0,0
892,3,male,24.0,1,1,31.98,S,3.0,0,0
893,3,male,31.0,1,1,30.3,S,3.0,0,0
894,2,female,26.0,0,0,49.21,Q,1.0,1,1
895,3,male,15.0,1,0,22.51,S,2.0,0,0
896,1,female,6.0,0,0,243.31124999999997,Q,1.0,1,1
897,2,male,23.0,2,1,52.48,S,4.0,0,1
898,3,female,42.0,0,0,18.84,S,1.0,1,1
899,1,male,46.0,0,0,243.31124999999997,C,1.0,1,1
900,1,male,45.0,0,1,243.31124999999997,C,2.0,0,1
901,1,male,19.0,0,0,178.1,C,1.0,1,1
902,1,male,15.0,0,0,106.47,S,1.0,1,1
903,1,female,36.0,0,2,153.59,C,3.0,0,1
904,3,female,38.0,2,0,11.98,S,3.0,0,1
905,2,female,35.0,0,0,117.43,S,1.0,1,1
906,3,male,4.0,0,2,51.54,Q,3.0,0,0
907,3,male,19.0,0,2,24.13,S,3.0,0,0
908,2,male,30.0,0,0,44.58,S,1.0,1,0
909,2,female,36.0,0,0,92.66,S,1.0,1,1
910,2,female,40.0,1,3,83.92,S,5.0,0,1
911,3,male,32.0,0,1,36.92,C,2.0,0,0
912,2,male,34.0,0,0,69.16,S,1.0,1,0
913,3,male,31.0,0,0,48.33,C,1.0,1,0
914,2,male,39.0,0,0,66.52,C,1.0,1,0
915,3,male,34.0,0,2,24.57,S,3.0,0,0
916,2,female,31.0,1,0,94.67,S,2.0,0,1
917,2,male,27.0,0,1,40.61,S,2.0,0,1
918,3,male,31.0,0,1,58.2,C,2.0,0,0
919,3,female,36.0,1,1,53.99,S,3.0,0,0
920,1,male,33.0,0,1,243.31124999999997,C,2.0,0,1
921,3,female,35.0,1,1,52.12,S,3.0,0,1
922,2,male,47.0,0,0,119.52,S,1.0,1,0
923,3,female,33.0,0,0,25.74,S,1.0,1,1
924,3,male,22.0,1,1,5.72,S,3.0,0,0
925,2,female,41.0,0,0,104.38,C,1.0,1,1
926,1,male,12.0,2,0,243.31124999999997,C,3.0,0,1
927,2,male,16.0,0,0,59.5,S,1.0,1,1
928,3,male,34.0,1,0,39.8,S,2.0,0,0
929,3,male,37.0,2,1,41.53,S,4.0,0,0
930,2,male,14.0,1,1,76.1,S,3.0,0,1
931,1,female,25.0,1,0,243.31124999999997,S,2.0,0,1
932,3,female,22.0,1,1,29.99,S,3.0,0,0
933,3,female,24.0,0,0,40.83,S,1.0,1,0
934,3,male,42.0,0,1,22.94,S,2.0,0,0
935,1,male,39.0,0,0,243.31124999999997,C,1.0,1,1
936,2,male,30.0,0,1,94.89,S,2.0,0,0
937,1,male,23.0,2,0,243.31124999999997,S,3.0,0,1
938,3,female,12.0,0,0,13.09,S,1.0,1,1
939,1,female,48.0,0,1,243.31124999999997,C,2.0,0,1
940,3,female,38.0,1,0,25.59,S,2.0,0,1
941,2,male,21.0,0,2,70.81,S,3.0,0,0
942,3,female,39.0,0,0,43.85,Q,1.0,1,1
943,3,female,29.0,0,0,54.99,S,1.0,1,1
944,3,male,26.0,0,0,39.76,S,1.0,1,0
945,1,male,36.0,1,0,133.06,S,2.0,0,1
946,1,female,20.0,0,0,133.56,C,1.0,1,1
947,1,female,26.0,0,3,105.89,S,4.0,0,1
948,3,female,32.0,1,0,15.64,S,2.0,0,1
949,3,male,24.0,0,1,46.11,S,2.0,0,0
950,3,male,39.0,1,0,12.29,S,2.0,0,0
951,3,female,54.0,2,0,14.8,S,3.0,0,1
952,3,female,20.0,0,0,46.73,S,1.0,1,1
953,1,male,8.0,0,0,222.09,S,1.0,1,1
954,3,male,4.0,0,3,48.49,S,4.0,0,0
955,2,female,28.0,1,0,108.31,S,2.0,0,1
956,2,male,21.0,0,0,54.21,S,1.0,1,0
957,3,female,33.0,0,0,44.75,S,1.0,1,0
958,1,female,32.0,1,0,172.65,S,2.0,0,1
959,1,male,9.0,0,0,225.02,S,1.0,1,0
960,3,male,6.0,0,0,36.88,S,1.0,1,0
961,1,male,34.0,1,0,139.19,C,2.0,0,1
962,3,male,32.0,0,2,44.1,C,3.0,0,0
963,1,male,24.0,1,1,117.55,C,3.0,0,1
964,2,male,8.0,1,0,109.41,S,2.0,0,1
965,2,male,36.0,0,0,83.67,S,1.0,1,0
966,2,male,47.0,2,1,112.86,C,4.0,0,1
967,3,male,34.0,0,3,35.77,S,4.0,0,0
968,2,female,19.0,4,2,116.65,S,6.0,0,1
969,3,male,31.0,0,2,11.42,Q,3.0,0,0
970,2,male,12.0,0,0,105.7,S,1.0,1,0
971,3,male,44.0,0,2,47.29,S,3.0,0,0
972,3,female,31.0,0,1,19.93,S,2.0,0,1
973,3,male,7.0,1,0,5.12,C,2.0,0,0
974,1,male,26.0,1,0,147.0,Q,2.0,0,1
975,1,female,36.0,1,0,221.76,Q,2.0,0,1
976,2,male,26.0,0,0,67.28,S,1.0,1,1
977,3,female,26.0,0,0,55.98,S,1.0,1,1
978,1,female,14.0,1,0,243.31124999999997,S,2.0,0,1
979,2,male,37.0,0,0,46.52,S,1.0,1,0
980,3,male,22.0,1,0,58.7,C,2.0,0,0
981,2,male,2.0,1,0,99.65,S,2.0,0,0
982,3,female,25.0,0,1,35.68,S,2.0,0,0
983,1,male,43.0,1,0,170.06,S,2.0,0,1
984,1,female,25.0,1,2,235.49,S,4.0,0,1
985,3,female,53.0,1,2,51.3,S,4.0,0,1
986,2,female,36.0,0,2,53.36,S,3.0,0,1
987,3,male,34.0,0,1,51.52,S,2.0,0,0
988,2,male,28.0,0,0,87.29,S,1.0,1,0
989,1,male,29.0,0,0,243.31124999999997,S,1.0,1,0
990,3,male,27.0,0,0,22.12,C,1.0,1,0
991,3,female,26.0,1,3,5.18,S,5.0,0,1
992,3,male,37.0,1,0,47.05,S,2.0,0,0
993,2,male,18.0,0,0,115.54,S,1.0,1,0
994,3,male,16.0,0,1,23.13,S,2.0,0,0
995,2,female,15.0,2,2,46.36,C,5.0,0,1
996,1,male,57.0,0,1,139.85,Q,2.0,0,1
997,3,male,37.0,1,0,56.02,S,2.0,0,0
998,1,male,34.0,3,0,243.31124999999997,S,4.0,0,1
999,3,male,16.0,1,0,56.65,S,2.0,0,0
1000,2,female,38.0,4,0,86.66,S,5.0,0,1
1001,1,male,28.0,1,2,243.31124999999997,Q,4.0,0,1
1002,3,female,33.0,0,0,42.08,S,1.0,1,1
1003,3,male,17.0,0,0,54.27,S,1.0,1,0
1004,3,male,32.0,0,2,29.09,S,3.0,0,0
1005,3,female,24.0,0,0,43.02,S,1.0,1,1
1006,3,male,20.0,1,1,58.86,S,3.0,0,0
1007,3,male,40.0,0,1,18.24,C,2.0,0,0
1008,3,female,10.0,1,1,50.12,S,3.0,0,1
1009,1,male,37.0,0,0,118.72,Q,1.0,1,1
1010,2,female,39.0,0,0,81.32,S,1.0,1,1
1011,1,male,19.0,3,1,243.31124999999997,C,5.0,0,1
1012,3,male,19.0,0,2,29.53,S,3.0,0,0
1013,3,male,27.0,1,0,5.28,S,2.0,0,0
1014,1,male,34.0,1,0,243.31124999999997,S,2.0,0,1
1015,3,male,28.0,0,0,29.49,S,1.0,1,0
1016,3,male,36.0,0,2,39.77,S,3.0,0,0
1017,1,female,53.0,0,0,243.31124999999997,S,1.0,1,1
1018,3,male,23.0,1,0,37.11,S,2.0,0,0
1019,3,male,8.0,1,0,21.12,S,2.0,0,0
1020,1,female,41.0,0,0,243.31124999999997,C,1.0,1,1
1021,3,male,52.0,1,2,26.56,S,4.0,0,0
1022,2,male,35.0,0,0,45.2,S,1.0,1,0
1023,3,male,16.0,1,0,35.5,S,2.0,0,0
1024,3,female,28.0,2,0,46.19,C,3.0,0,1
1025,3,female,15.0,2,0,5.67,C,3.0,0,1
1026,2,female,38.0,1,0,103.17,S,2.0,0,1
1027,3,male,12.0,0,0,50.37,C,1.0,1,1
1028,3,female,26.0,4,0,32.89,C,5.0,0,1
1029,2,male,17.0,0,2,105.79,S,3.0,0,1
1030,3,female,32.0,1,0,56.2,S,2.0,0,1
1031,1,male,25.0,0,2,182.35,S,3.0,0,1
1032,3,female,32.0,4,0,38.86,S,5.0,0,0
1033,1,male,30.0,1,0,243.31124999999997,S,2.0,0,1
1034,1,female,17.0,1,0,231.65,S,2.0,0,1
1035,1,male,38.0,0,0,241.54,S,1.0,1,1
1036,3,female,29.0,1,0,39.54,S,2.0,0,1
1037,2,male,17.0,1,0,91.68,C,2.0,0,1
1038,3,male,59.0,1,0,37.57,S,2.0,0,0
1039,1,female,36.0,0,0,239.68,S,1.0,1,1
1040,2,male,28.0,0,0,95.28,Q,1.0,1,1
1041,3,male,48.0,0,0,24.01,S,1.0,1,0
1042,3,female,54.0,0,0,12.6,S,1.0,1,1
1043,2,male,28.0,0,1,118.06,S,2.0,0,1
1044,3,female,35.0,0,0,26.61,C,1.0,1,1
1045,3,male,17.0,0,2,58.45,S,3.0,0,0
1046,3,male,28.0,0,0,59.44,C,1.0,1,0
1047,1,female,27.0,0,2,243.31124999999997,Q,3.0,0,1
1048,1,male,32.0,2,0,107.22,S,3.0,0,1
1049,3,male,34.0,0,3,55.08,S,4.0,0,0
1050,1,male,37.0,0,0,230.22,S,1.0,1,1
1051,3,male,33.0,0,0,33.12,S,1.0,1,0
1052,3,male,14.0,1,0,25.09,S,2.0,0,0
1053,3,male,18.0,3,0,29.65,C,4.0,0,0
1054,3,male,23.0,0,2,54.6,S,3.0,0,0
1055,3,male,26.0,0,0,15.16,S,1.0,1,0
1056,2,male,44.0,4,0,119.38,S,5.0,0,1
1057,3,male,15.0,0,0,6.0,S,1.0,1,0
1058,2,male,25.0,0,0,109.83,S,1.0,1,0
1059,2,male,42.0,0,0,104.62,S,1.0,1,1
1060,3,male,26.0,0,0,17.47,C,1.0,1,0
1061,3,male,36.0,4,0,5.16,S,5.0,0,0
1062,3,female,28.0,0,0,35.78,Q,1.0,1,1
1063,3,male,33.0,3,0,18.45,Q,4.0,0,0
1064,2,male,27.0,4,0,87.25,S,5.0,0,0
1065,2,female,39.0,0,0,89.79,S,1.0,1,1
1066,3,male,10.0,0,0,9.84,S,1.0,1,0
1067,1,male,25.0,0,0,114.76,S,1.0,1,0
1068,1,female,34.0,0,2,183.73,S,3.0,0,1
1069,2,female,37.0,0,1,88.16,S,2.0,0,1
1070,2,female,49.0,1,3,117.8,S,5.0,0,1
1071,2,male,25.0,0,0,116.33,S,1.0,1,1
1072,1,female,49.0,3,1,243.31124999999997,S,5.0,0,1
1073,1,female,21.0,0,0,243.31124999999997,S,1.0,1,1
1074,1,male,47.0,1,0,229.84,S,2.0,0,1
1075,3,female,41.0,2,0,12.8,S,3.0,0,1
1076,2,female,18.0,0,1,106.77,Q,2.0,0,1
1077,2,female,34.0,0,2,113.26,S,3.0,0,1
1078,3,male,29.0,0,0,28.64,Q,1.0,1,0
1079,1,male,38.0,0,0,243.31124999999997,S,1.0,1,1
1080,3,female,27.0,0,1,22.92,S,2.0,0,0
1081,3,male,26.0,0,2,36.25,S,3.0,0,0
1082,1,male,48.0,0,1,149.19,C,2.0,0,1
1083,2,female,29.0,4,0,91.75,S,5.0,0,1
1084,3,female,41.0,0,0,43.24,Q,1.0,1,1
1085,3,female,27.0,0,0,49.13,S,1.0,1,0
1086,2,male,52.0,0,1,60.62,S,2.0,0,1
1087,3,male,21.0,0,1,46.69,S,2.0,0,0
1088,1,female,22.0,0,0,243.31124999999997,C,1.0,1,1
1089,3,male,50.0,3,0,24.01,Q,4.0,0,0
1090,1,female,24.0,0,2,228.18,S,3.0,0,1
1091,3,male,51.0,0,0,56.94,C,1.0,1,0
1092,3,male,42.0,0,2,55.3,C,3.0,0,0
1093,3,female,28.0,0,0,35.17,S,1.0,1,1
1094,3,male,6.0,0,1,25.16,S,2.0,0,1
1095,1,female,30.0,1,1,175.68,S,3.0,0,1
1096,1,male,31.0,0,0,243.31124999999997,S,1.0,1,1
1097,1,female,45.0,0,2,243.31124999999997,C,3.0,0,1
1098,1,male,51.0,1,0,147.0,S,2.0,0,1
1099,3,female,21.0,0,1,7.34,C,2.0,0,1
1100,2,male,40.0,0,2,52.27,C,3.0,0,0
1101,1,female,40.0,4,0,243.31124999999997,C,5.0,0,1
1102,3,male,44.0,0,0,21.24,S,1.0,1,0
1103,3,female,36.0,1,0,56.22,S,2.0,0,1
1104,3,male,5.0,0,1,57.57,S,2.0,0,0
1105,3,female,28.0,0,1,49.87,Q,2.0,0,1
1106,1,female,15.0,0,0,243.31124999999997,S,1.0,1,1
1107,2,male,27.0,0,1,106.83,S,2.0,0,0
1108,3,female,43.0,0,0,36.31,S,1.0,1,1
1109,3,female,34.0,0,0,50.99,S,1.0,1,1
1110,1,male,45.0,2,0,148.32,S,3.0,0,1
1111,3,male,34.0,1,0,27.37,S,2.0,0,0
1112,1,female,13.0,0,0,243.31124999999997,S,1.0,1,1
1113,1,male,1.0,0,1,127.79,Q,2.0,0,1
1114,3,male,32.0,2,0,46.3,S,3.0,0,0
1115,3,female,27.0,1,1,41.75,C,3.0,0,1
1116,3,male,17.0,0,0,46.01,S,1.0,1,0
1117,1,male,8.0,2,0,243.31124999999997,C,3.0,0,1
1118,3,male,20.0,0,0,31.42,Q,1.0,1,0
1119,2,female,27.0,0,2,82.77,Q,3.0,0,1
1120,1,male,39.0,0,1,243.31124999999997,S,2.0,0,1
1121,3,female,32.0,2,1,6.69,C,4.0,0,1
1122,3,female,51.0,3,2,59.59,S,6.0,0,1
1123,3,female,17.0,3,0,50.57,S,4.0,0,1
1124,3,male,41.0,0,0,41.9,S,1.0,1,0
1125,3,male,31.0,3,1,58.16,S,5.0,0,0
1126,3,male,39.0,0,1,38.69,S,2.0,0,0
1127,1,male,24.0,0,0,131.99,S,1.0,1,0
1128,2,female,44.0,0,1,94.57,C,2.0,0,1
1129,2,female,34.0,0,1,62.28,S,2.0,0,1
1130,2,female,21.0,1,2,44.4,S,4.0,0,1
1131,3,female,30.0,0,2,30.28,S,3.0,0,1
1132,2,male,27.0,3,0,78.86,S,4.0,0,1
1133,1,male,36.0,0,0,243.31124999999997,S,1.0,1,1
1134,1,female,15.0,0,0,135.57,S,1.0,1,1
1135,3,female,30.0,3,0,21.61,Q,4.0,0,1
1136,1,female,35.0,0,2,182.18,C,3.0,0,1
1137,3,male,30.0,1,0,18.66,S,2.0,0,0
1138,2,male,48.0,1,0,64.91,S,2.0,0,1
1139,2,male,40.0,0,0,47.09,S,1.0,1,0
1140,3,male,30.0,1,1,23.84,S,3.0,0,0
1141,3,male,33.0,0,0,7.83,S,1.0,1,0
1142,2,female,34.0,2,0,64.53,S,3.0,0,1
1143,3,female,35.0,0,0,40.12,S,1.0,1,1
1144,3,male,6.0,0,0,49.77,S,1.0,1,0
1145,2,male,26.0,0,3,93.02,S,4.0,0,0
1146,3,female,11.0,0,1,46.04,Q,2.0,0,1
1147,3,male,47.0,1,0,28.59,Q,2.0,0,0
1148,3,male,29.0,3,1,21.45,Q,5.0,0,0
1149,3,male,27.0,1,0,12.13,Q,2.0,0,0
1150,3,male,42.0,0,1,39.52,S,2.0,0,0
1151,3,male,35.0,3,0,33.04,C,4.0,0,0
1152,3,male,15.0,0,1,42.27,S,2.0,0,0
1153,3,female,29.0,0,0,18.04,C,1.0,1,0
1154,3,female,26.0,0,0,22.8,C,1.0,1,1
1155,3,female,7.0,0,0,21.07,S,1.0,1,0
1156,3,female,21.0,2,0,48.87,S,3.0,0,1
1157,1,male,28.0,0,1,133.6,S,2.0,0,1
1158,3,male,29.0,0,0,38.47,S,1.0,1,0
1159,3,female,11.0,1,0,7.82,Q,2.0,0,1
1160,1,male,45.0,2,1,243.31124999999997,C,4.0,0,1
1161,3,female,29.0,2,0,8.52,S,3.0,0,1
1162,1,female,30.0,0,1,185.57,S,2.0,0,1
1163,2,female,35.0,1,0,91.25,S,2.0,0,1
1164,3,female,20.0,0,0,24.07,Q,1.0,1,0
1165,1,female,36.0,0,2,243.31124999999997,Q,3.0,0,1
1166,3,male,25.0,2,0,50.45,S,3.0,0,0
1167,3,male,18.0,3,0,17.41,S,4.0,0,0
1168,3,male,37.0,2,1,9.75,C,4.0,0,0
1169,1,female,49.0,0,0,243.31124999999997,S,1.0,1,1
1170,2,female,39.0,2,1,43.5,Q,4.0,0,1
1171,3,female,42.0,3,2,21.22,S,6.0,0,1
1172,3,male,23.0,0,0,38.15,S,1.0,1,0
1173,3,female,9.0,0,1,47.68,S,2.0,0,1
1174,2,male,49.0,1,0,47.92,S,2.0,0,0
1175,3,male,57.0,0,0,33.89,S,1.0,1,0
1176,3,male,50.0,4,1,13.06,S,6.0,0,0
1177,3,male,26.0,0,1,6.3,C,2.0,0,0
1178,1,female,15.0,1,2,176.07,C,4.0,0,1
1179,3,female,16.0,1,2,21.49,S,4.0,0,1
1180,3,female,8.0,0,0,20.34,S,1.0,1,0
1181,3,male,29.0,2,0,58.53,S,3.0,0,0
1182,2,female,51.0,0,0,99.52,S,1.0,1,1
1183,3,female,28.0,0,0,37.19,S,1.0,1,1
1184,3,male,34.0,0,0,43.46,Q,1.0,1,0
1185,1,female,48.0,0,1,243.31124999999997,Q,2.0,0,1
1186,3,male,25.0,1,0,46.98,S,2.0,0,0
1187,3,male,56.0,3,1,8.7,C,5.0,0,0
1188,1,female,56.0,0,1,125.52,C,2.0,0,1
1189,2,female,28.0,0,0,88.96,Q,1.0,1,1
1190,3,female,22.0,0,0,8.88,S,1.0,1,1
1191,1,male,39.0,1,0,209.31,C,2.0,0,1
1192,3,male,25.0,3,0,38.89,S,4.0,0,0
1193,2,male,15.0,1,1,62.62,S,3.0,0,0
1194,3,male,47.0,1,0,21.78,S,2.0,0,0
1195,1,male,46.0,0,2,243.31124999999997,S,3.0,0,1
1196,3,female,32.0,0,1,36.86,S,2.0,0,1
1197,3,female,14.0,1,0,52.78,S,2.0,0,1
1198,3,male,14.0,1,1,48.52,C,3.0,0,0
1199,3,female,31.0,1,0,58.11,C,2.0,0,1
1200,1,female,24.0,2,0,243.31124999999997,Q,3.0,0,1
1201,3,male,26.0,1,0,43.42,S,2.0,0,0
1202,1,male,43.0,1,0,243.31124999999997,Q,2.0,0,1
1203,1,male,40.0,3,0,230.86,S,4.0,0,0
1204,2,male,48.0,4,3,108.54,S,6.0,0,1
1205,2,female,17.0,0,0,101.45,S,1.0,1,1
1206,3,male,26.0,0,0,20.03,C,1.0,1,0
1207,3,female,40.0,0,0,53.25,S,1.0,1,1
1208,2,female,36.0,1,0,40.49,C,2.0,0,1
1209,2,male,50.0,0,0,56.32,C,1.0,1,1
1210,3,female,35.0,0,1,12.74,Q,2.0,0,1
1211,2,male,54.0,0,0,76.63,Q,1.0,1,0
1212,2,female,37.0,1,0,86.82,S,2.0,0,1
1213,1,male,44.0,0,0,243.31124999999997,C,1.0,1,1
1214,3,female,26.0,0,1,54.11,Q,2.0,0,1
1215,3,male,30.0,0,0,20.67,Q,1.0,1,0
1216,1,male,42.0,1,1,243.31124999999997,C,3.0,0,1
1217,1,female,51.0,0,0,178.96,C,1.0,1,1
1218,3,female,39.0,0,0,27.53,S,1.0,1,1
1219,3,female,29.0,1,0,31.77,C,2.0,0,1
1220,2,female,48.0,0,0,114.73,S,1.0,1,1
1221,3,male,2.0,0,0,54.06,S,1.0,1,1
1222,1,male,12.0,1,2,243.31124999999997,S,4.0,0,1
1223,2,female,39.0,0,0,80.25,S,1.0,1,1
1224,3,female,30.0,1,3,40.61,S,5.0,0,1
1225,2,female,38.0,0,0,116.88,C,1.0,1,1
1226,3,male,31.0,0,0,59.2,C,1.0,1,0
1227,2,female,37.0,1,0,55.79,S,2.0,0,1
1228,2,male,19.0,1,0,111.11,S,2.0,0,0
1229,3,male,37.0,0,2,32.94,Q,3.0,0,0
1230,2,male,43.0,0,1,95.81,S,2.0,0,0
1231,3,male,46.0,2,1,33.3,S,4.0,0,0
1232,1,male,56.0,1,0,201.38,S,2.0,0,1
1233,1,male,33.0,0,0,156.2,Q,1.0,1,1
1234,1,female,34.0,1,3,104.83,S,5.0,0,1
1235,3,female,10.0,0,0,37.66,Q,1.0,1,1
1236,2,male,23.0,0,1,53.75,S,2.0,0,1
1237,3,male,27.0,0,0,6.41,S,1.0,1,0
1238,2,male,44.0,0,2,82.16,S,3.0,0,1
1239,3,male,22.0,0,1,48.56,S,2.0,0,0
1240,1,male,40.0,0,3,243.31124999999997,S,4.0,0,1
1241,3,male,30.0,0,0,23.44,S,1.0,1,0
1242,3,female,28.0,0,0,53.66,S,1.0,1,1
1243,3,male,33.0,0,0,33.51,S,1.0,1,0
1244,3,male,25.0,0,1,27.07,C,2.0,0,0
1245,3,male,24.0,1,1,54.8,C,3.0,0,0
1246,3,male,8.0,0,0,10.13,C,1.0,1,1
1247,1,female,27.0,1,0,175.45,Q,2.0,0,1
1248,1,male,24.0,0,0,153.26,S,1.0,1,1
1249,3,male,23.0,0,1,38.47,S,2.0,0,0
1250,3,female,35.0,0,0,19.54,S,1.0,1,0
1251,3,male,39.0,3,0,35.98,S,4.0,0,0
1252,2,female,33.0,0,0,112.89,S,1.0,1,1
1253,1,female,43.0,0,0,243.31124999999997,Q,1.0,1,1
1254,1,female,37.0,1,2,243.31124999999997,C,4.0,0,1
1255,3,male,26.0,3,0,19.08,S,4.0,0,0
1256,2,male,24.0,4,0,115.16,S,5.0,0,1
1257,1,male,34.0,0,0,242.39,S,1.0,1,1
1258,2,male,37.0,0,0,43.46,Q,1.0,1,0
1259,1,male,48.0,1,0,204.5,S,2.0,0,1
1260,3,female,45.0,0,0,25.92,S,1.0,1,1
1261,2,female,23.0,1,1,57.22,Q,3.0,0,1
1262,3,male,29.0,2,0,35.56,Q,3.0,0,0
1263,2,female,39.0,1,1,86.11,S,3.0,0,0
1264,2,male,44.0,0,1,66.06,S,2.0,0,0
1265,1,male,42.0,0,3,243.31124999999997,S,4.0,0,1
1266,1,male,29.0,1,2,194.14,C,4.0,0,1
1267,2,male,14.0,0,0,41.79,S,1.0,1,1
1268,2,female,17.0,0,0,85.7,Q,1.0,1,1
1269,3,female,34.0,0,1,24.87,S,2.0,0,1
1270,2,male,34.0,0,0,95.17,S,1.0,1,1
1271,3,female,16.0,0,0,17.15,C,1.0,1,1
1272,3,male,31.0,2,0,28.39,S,3.0,0,0
1273,3,female,38.0,0,0,17.72,S,1.0,1,0
1274,1,male,15.0,0,0,193.72,S,1.0,1,1
1275,2,male,44.0,0,0,90.45,C,1.0,1,1
1276,1,male,25.0,0,0,173.77,S,1.0,1,0
1277,1,female,46.0,3,1,129.27,S,5.0,0,1
1278,3,female,23.0,2,0,32.81,S,3.0,0,1
1279,1,male,17.0,0,2,196.84,S,3.0,0,1
1280,2,female,24.0,1,0,51.9,Q,2.0,0,1
1281,3,male,29.0,0,0,33.71,S,1.0,1,0
1282,3,male,25.0,4,0,14.54,S,5.0,0,0
1283,3,male,27.0,0,0,20.0,S,1.0,1,0
1284,1,male,34.0,0,0,117.97,C,1.0,1,0
1285,2,female,28.0,0,0,78.18,S,1.0,1,1
1286,3,male,29.0,2,1,33.93,C,4.0,0,0
1287,1,male,8.0,0,1,114.52,S,2.0,0,1
1288,2,male,35.0,1,0,119.17,S,2.0,0,1
1289,1,male,29.0,0,0,192.65,S,1.0,1,1
1290,1,male,51.0,2,0,148.74,S,3.0,0,1
1291,2,female,18.0,0,0,55.31,S,1.0,1,1
1292,1,male,6.0,2,0,243.31124999999997,S,3.0,0,1
1293,3,male,38.0,0,3,58.33,S,4.0,0,0
1294,3,female,35.0,0,0,49.14,C,1.0,1,1
1295,3,male,17.0,4,1,39.68,C,6.0,0,0
1296,1,male,10.0,4,1,133.03,S,6.0,0,1
1297,1,female,50.0,1,1,159.31,S,3.0,0,1
1298,1,female,48.0,0,0,243.31124999999997,C,1.0,1,1
1299,3,male,1.0,0,1,10.6,S,2.0,0,1
1300,3,female,24.0,0,2,8.57,Q,3.0,0,1
1301,1,male,52.0,0,0,152.08,S,1.0,1,1
1302,3,male,24.0,0,0,41.17,C,1.0,1,0
1303,1,male,24.0,0,2,243.31124999999997,S,3.0,0,1
1304,3,male,26.0,1,1,10.98,S,3.0,0,0
1305,3,male,15.0,1,0,56.97,S,2.0,0,0
1306,3,male,8.0,0,0,35.31,S,1.0,1,0
1307,3,female,44.0,0,0,40.73,S,1.0,1,1
1308,3,female,6.0,0,0,6.92,S,1.0,1,1
1309,2,male,33.0,1,0,51.87,S,2.0,0,0
1310,3,male,42.0,0,0,35.94,S,1.0,1,0
1311,1,female,11.0,1,0,193.11,S,2.0,0,1
1312,3,male,18.0,0,1,56.9,S,2.0,0,0
1313,3,male,46.0,0,1,56.11,S,2.0,0,0
1314,3,female,37.0,1,0,17.12,S,2.0,0,0
1315,2,female,22.0,1,1,56.3,S,3.0,0,1
1316,3,male,46.0,0,0,45.51,Q,1.0,1,0
1317,3,male,46.0,0,0,6.04,C,1.0,1,0
1318,3,male,33.0,3,2,18.19,S,6.0,0,0
1319,1,male,18.0,0,0,243.31124999999997,S,1.0,1,0
1320,1,female,25.0,2,0,172.78,S,3.0,0,1
1321,1,male,34.0,1,0,161.27,S,2.0,0,1
1322,1,male,28.0,1,0,181.06,S,2.0,0,1
1323,3,male,42.0,0,1,51.02,S,2.0,0,0
1324,1,female,10.0,0,3,243.31124999999997,S,4.0,0,1
1325,3,female,11.0,2,1,39.92,S,4.0,0,1
1326,2,female,32.0,0,1,102.46,S,2.0,0,1
1327,1,male,24.0,0,1,177.62,S,2.0,0,1
1328,3,male,22.0,1,2,17.19,S,4.0,0,0
1329,3,male,7.0,0,0,48.93,S,1.0,1,0
1330,2,female,30.0,1,2,85.85,S,4.0,0,1
1331,3,female,29.0,1,0,12.57,S,2.0,0,1
1332,3,male,38.0,2,2,58.83,S,5.0,0,0
1333,1,male,31.0,1,0,211.79,S,2.0,0,1
1334,3,male,28.0,0,1,33.72,C,2.0,0,0
1335,3,female,45.0,0,1,47.56,S,2.0,0,1
1336,3,male,13.0,1,3,48.47,S,5.0,0,0
1337,1,female,37.0,0,1,243.31124999999997,S,2.0,0,1
1338,3,female,8.0,4,0,34.11,S,5.0,0,1
1339,1,male,19.0,1,0,146.76,C,2.0,0,1
1340,1,female,14.0,0,0,243.31124999999997,C,1.0,1,1
1341,2,female,40.0,2,0,56.46,S,3.0,0,1
1342,2,male,29.0,0,0,71.3,S,1.0,1,0
1343,3,male,30.0,0,0,51.55,S,1.0,1,0
1344,3,male,16.0,1,0,22.21,Q,2.0,0,0
1345,3,male,26.0,2,2,33.78,C,5.0,0,0
1346,2,female,20.0,0,2,60.98,S,3.0,0,1
1347,2,female,35.0,0,0,85.67,S,1.0,1,1
1348,2,male,17.0,0,0,72.86,C,1.0,1,0
1349,3,male,47.0,0,0,31.46,S,1.0,1,0
1350,1,male,8.0,0,0,106.87,S,1.0,1,1
1351,3,female,20.0,0,0,6.29,S,1.0,1,1
1352,3,male,52.0,1,0,31.58,S,2.0,0,0
1353,2,female,24.0,2,0,80.56,C,3.0,0,1
1354,3,male,13.0,0,0,28.38,C,1.0,1,0
1355,2,male,33.0,0,0,45.4,S,1.0,1,0
1356,3,male,24.0,2,0,57.1,S,3.0,0,0
1357,3,male,19.0,1,1,5.19,S,3.0,0,0
1358,2,male,16.0,3,1,72.89,S,5.0,0,0
1359,2,male,62.375,0,0,87.72,S,1.0,1,0
1360,3,male,27.0,0,0,14.46,S,1.0,1,0
1361,3,female,5.0,0,0,30.97,Q,1.0,1,1
1362,1,male,49.0,1,0,188.34,S,2.0,0,1
1363,3,female,38.0,0,0,40.4,S,1.0,1,1
1364,3,male,20.0,0,0,12.01,S,1.0,1,0
1365,3,male,18.0,0,0,30.17,S,1.0,1,0
1366,1,male,39.0,0,0,140.75,S,1.0,1,1
1367,3,female,27.0,1,1,49.12,S,3.0,0,0
1368,3,female,5.0,0,0,55.39,S,1.0,1,1
1369,1,male,53.0,1,0,181.61,S,2.0,0,1
1370,1,male,24.0,0,0,236.64,S,1.0,1,1
1371,3,male,49.0,0,0,21.41,S,1.0,1,0
1372,1,female,47.0,0,1,132.1,S,2.0,0,1
1373,3,male,17.0,0,0,35.76,S,1.0,1,0
1374,2,male,43.0,0,0,55.55,S,1.0,1,0
1375,1,female,22.0,1,0,243.31124999999997,S,2.0,0,1
1376,3,female,6.0,2,0,44.75,S,3.0,0,1
1377,2,male,24.0,0,0,57.0,S,1.0,1,0
1378,3,male,35.0,0,0,55.15,S,1.0,1,0
1379,2,male,24.0,4,2,59.57,S,6.0,0,0
1380,3,male,26.0,0,0,49.2,S,1.0,1,0
1381,1,male,45.0,0,0,243.31124999999997,S,1.0,1,1
1382,2,male,31.0,0,0,93.17,S,1.0,1,0
1383,3,female,19.0,1,1,27.28,Q,3.0,0,0
1384,2,female,39.0,0,2,104.58,S,3.0,0,1
1385,3,male,33.0,0,1,27.72,C,2.0,0,0
1386,2,male,1.0,0,1,103.03,S,2.0,0,1
1387,3,male,36.0,0,3,13.35,S,4.0,0,0
1388,1,male,35.0,0,1,102.78,Q,2.0,0,1
1389,3,female,30.0,1,1,30.57,C,3.0,0,1
1390,2,male,42.0,1,3,89.94,S,5.0,0,0
1391,1,female,21.0,0,0,243.31124999999997,S,1.0,1,1
1392,1,male,34.0,0,0,222.88,S,1.0,1,1
1393,1,male,10.0,1,1,243.31124999999997,C,3.0,0,1
1394,3,male,35.0,1,2,14.97,S,4.0,0,0
1395,2,male,55.0,0,2,47.28,S,3.0,0,1
1396,3,female,17.0,0,1,13.95,S,2.0,0,1
1397,2,male,20.0,0,2,72.72,S,3.0,0,0
1398,1,female,21.0,0,0,243.31124999999997,C,1.0,1,1
1399,3,male,32.0,0,0,58.25,C,1.0,1,0
1400,3,male,16.0,1,0,8.64,S,2.0,0,0
1401,1,male,35.0,0,0,100.31,S,1.0,1,1
1402,1,male,41.0,1,0,115.89,C,2.0,0,1
1403,1,female,37.0,1,0,243.31124999999997,S,2.0,0,1
1404,3,male,7.0,2,0,19.5,S,3.0,0,0
1405,3,female,43.0,0,2,27.42,S,3.0,0,1
1406,2,male,42.0,0,0,112.05,S,1.0,1,1
1407,3,female,41.0,4,1,24.93,Q,6.0,0,0
1408,3,female,35.0,1,2,55.42,S,4.0,0,1
1409,3,male,33.0,2,0,24.85,S,3.0,0,0
1410,3,male,43.0,0,0,28.04,C,1.0,1,0
1411,1,female,55.0,0,1,243.31124999999997,S,2.0,0,1
1412,1,female,18.0,1,1,123.11,S,3.0,0,1
1413,2,male,44.0,0,0,77.13,C,1.0,1,0
1414,1,male,29.0,0,0,206.27,S,1.0,1,0
1415,3,female,28.0,0,0,31.54,S,1.0,1,0
1416,3,male,10.0,0,0,12.36,S,1.0,1,0
1417,1,male,26.0,0,0,243.31124999999997,S,1.0,1,1
1418,1,male,17.0,0,0,243.31124999999997,C,1.0,1,1
1419,2,male,24.0,0,0,81.17,S,1.0,1,0
1420,3,male,16.0,1,2,19.05,C,4.0,0,0
1421,2,male,24.0,0,1,91.51,S,2.0,0,1
1422,3,male,25.0,0,2,36.92,Q,3.0,0,0
1423,1,female,31.0,2,1,243.31124999999997,S,4.0,0,1
1424,1,female,9.0,0,1,243.31124999999997,S,2.0,0,1
1425,3,male,11.0,0,0,42.31,Q,1.0,1,1
1426,3,female,35.0,1,0,52.61,S,2.0,0,1
1427,1,male,20.0,2,1,243.31124999999997,S,4.0,0,1
1428,3,male,44.0,0,2,52.34,Q,3.0,0,0
1429,3,female,33.0,0,0,13.42,Q,1.0,1,1
1430,3,male,38.0,1,0,18.81,C,2.0,0,0
1431,2,male,48.0,0,1,103.39,S,2.0,0,1
1432,3,male,26.0,1,0,24.73,S,2.0,0,0
1433,2,male,23.0,4,0,70.51,S,5.0,0,0
1434,3,male,41.0,3,1,20.83,S,5.0,0,0
1435,1,male,37.0,0,0,144.84,S,1.0,1,0
1436,1,male,28.0,0,1,159.15,S,2.0,0,1
1437,2,male,48.0,3,2,46.25,S,6.0,0,0
1438,3,female,27.0,0,0,5.35,S,1.0,1,1
1439,1,female,30.0,0,0,180.41,S,1.0,1,1
1440,3,male,30.0,1,0,27.75,S,2.0,0,0
1441,3,female,18.0,0,0,10.67,C,1.0,1,1
1442,1,female,31.0,0,1,104.92,S,2.0,0,1
1443,3,male,48.0,2,0,47.76,S,3.0,0,0
1444,2,female,36.0,0,0,84.57,S,1.0,1,1
1445,3,male,30.0,0,0,57.68,S,1.0,1,0
1446,1,male,28.0,0,0,243.31124999999997,S,1.0,1,0
1447,3,male,34.0,1,0,44.52,S,2.0,0,0
1448,3,male,40.0,0,0,16.34,S,1.0,1,0
1449,3,female,38.0,0,0,43.34,Q,1.0,1,1
1450,3,male,26.0,1,0,5.77,S,2.0,0,0
1451,2,male,34.0,2,0,117.52,S,3.0,0,1
1452,3,male,36.0,0,2,28.39,S,3.0,0,0
1453,3,male,17.0,1,0,5.67,C,2.0,0,0
1454,3,female,32.0,0,1,30.41,S,2.0,0,0
1455,1,male,2.0,1,0,139.22,C,2.0,0,1
1456,3,female,36.0,0,1,39.19,C,2.0,0,1
1457,3,male,39.0,0,0,10.52,S,1.0,1,0
1458,3,male,40.0,1,2,14.96,S,4.0,0,0
1459,1,female,25.0,0,0,243.31124999999997,S,1.0,1,1
1460,3,female,34.0,0,1,41.2,S,2.0,0,1
1461,2,female,49.0,0,0,60.49,S,1.0,1,1
1462,3,male,48.0,1,1,34.72,C,3.0,0,0
1463,1,male,30.0,0,1,123.22,S,2.0,0,0
1464,3,female,32.0,0,0,8.8,S,1.0,1,1
1465,3,male,44.0,0,0,27.72,S,1.0,1,0
1466,1,female,10.0,0,0,243.31124999999997,S,1.0,1,1
1467,3,male,26.0,0,0,55.25,C,1.0,1,0
1468,2,female,47.0,0,1,83.62,S,2.0,0,1
1469,3,male,43.0,0,0,22.51,S,1.0,1,0
1470,3,male,35.0,0,0,54.41,S,1.0,1,0
1471,3,male,10.0,1,0,23.19,C,2.0,0,1
1472,3,male,29.0,1,0,34.22,S,2.0,0,0
1473,3,male,22.0,2,2,6.82,S,5.0,0,0
1474,2,male,34.0,0,1,45.18,Q,2.0,0,0
1475,2,male,19.0,3,0,97.97,C,4.0,0,0
1476,3,male,17.0,0,1,39.89,S,2.0,0,0
1477,3,male,3.0,4,2,8.34,S,6.0,0,0
1478,3,female,46.0,0,0,9.12,Q,1.0,1,1
1479,3,male,25.0,0,1,34.97,C,2.0,0,1
1480,2,female,32.0,0,0,96.56,S,1.0,1,1
1481,3,male,30.0,0,0,39.25,S,1.0,1,0
1482,1,male,16.0,2,0,243.31124999999997,S,3.0,0,1
1483,3,male,14.0,1,1,51.13,S,3.0,0,0
1484,1,female,17.0,4,0,219.34,S,5.0,0,1
1485,2,female,21.0,1,0,66.85,S,2.0,0,1
1486,2,male,35.0,0,0,115.48,C,1.0,1,1
1487,2,male,20.0,0,0,104.39,S,1.0,1,0
1488,3,male,53.0,4,1,50.69,C,6.0,0,0
1489,2,male,43.0,0,0,119.89,S,1.0,1,1
1490,2,male,41.0,1,0,74.7,S,2.0,0,0
1491,1,male,28.0,0,0,243.31124999999997,S,1.0,1,1
1492,2,female,50.0,0,0,84.8,S,1.0,1,1
1493,1,male,27.0,3,0,141.39,S,4.0,0,1
1494,1,female,30.0,0,0,243.31124999999997,S,1.0,1,1
1495,3,male,32.0,0,0,40.28,C,1.0,1,0
1496,3,female,39.0,0,0,35.38,S,1.0,1,0
1497,3,female,38.0,1,0,7.22,C,2.0,0,1
1498,2,female,24.0,0,0,70.96,C,1.0,1,1
1499,2,female,23.0,0,1,68.14,C,2.0,0,1
1500,3,male,38.0,0,0,54.89,S,1.0,1,0
1501,3,female,39.0,0,1,35.02,Q,2.0,0,0
1502,2,female,25.0,0,0,117.77,S,1.0,1,1
1503,1,male,9.0,0,0,127.18,C,1.0,1,1
1504,2,female,27.0,3,0,115.65,S,4.0,0,1
1505,2,female,38.0,3,0,83.84,S,4.0,0,1
1506,2,male,53.0,0,1,96.2,Q,2.0,0,1
1507,3,male,14.0,1,1,25.47,S,3.0,0,0
1508,3,male,24.0,0,0,9.78,S,1.0,1,0
1509,3,male,25.0,0,0,6.18,S,1.0,1,0
1510,3,male,48.0,0,1,28.55,S,2.0,0,0
1511,3,female,30.0,0,1,31.47,C,2.0,0,1
1512,3,male,18.0,0,3,50.25,S,4.0,0,0
1513,3,male,37.0,0,1,27.79,C,2.0,0,0
1514,1,male,25.0,1,1,243.31124999999997,S,3.0,0,1
1515,1,male,14.0,0,0,243.31124999999997,S,1.0,1,1
1516,1,female,18.0,1,1,243.31124999999997,S,3.0,0,1
1517,3,male,53.0,0,3,10.02,S,4.0,0,0
1518,3,male,35.0,0,1,11.22,Q,2.0,0,0
1519,1,male,31.0,0,0,117.32,C,1.0,1,1
1520,3,female,27.0,0,0,5.7,S,1.0,1,0
1521,1,female,34.0,1,1,123.16,S,3.0,0,1
1522,3,female,34.0,1,1,48.31,S,3.0,0,1
1523,2,male,34.0,0,1,67.47,S,2.0,0,1
1524,1,female,31.0,1,0,243.31124999999997,C,2.0,0,1
1525,2,female,41.0,3,0,114.35,C,4.0,0,1
1526,2,male,30.0,1,0,99.4,S,2.0,0,0
1527,2,female,17.0,0,1,50.71,C,2.0,0,1
1528,2,male,22.0,1,0,78.08,S,2.0,0,1
1529,3,female,4.0,0,1,38.67,S,2.0,0,1
1530,3,male,56.0,2,0,34.71,C,3.0,0,0
1531,2,male,41.0,0,0,118.24,S,1.0,1,1
1532,3,male,19.0,0,0,17.34,S,1.0,1,0
1533,3,male,26.0,0,0,56.1,S,1.0,1,0
1534,2,female,22.0,0,0,87.95,S,1.0,1,1
1535,2,female,50.0,2,2,78.34,S,5.0,0,1
1536,1,female,12.0,0,2,243.31124999999997,S,3.0,0,1
1537,1,male,31.0,0,0,138.15,S,1.0,1,1
1538,3,male,29.0,3,1,27.14,S,5.0,0,0
1539,1,male,41.0,0,0,126.62,S,1.0,1,1
1540,3,male,29.0,0,2,7.68,S,3.0,0,0
1541,3,female,7.0,0,1,59.5,S,2.0,0,1
1542,1,male,27.0,0,0,243.31124999999997,C,1.0,1,1
1543,3,male,17.0,0,0,27.48,C,1.0,1,0
1544,2,female,31.0,0,0,96.38,S,1.0,1,1
1545,3,male,49.0,1,1,37.16,C,3.0,0,0
1546,2,female,7.0,3,0,49.29,S,4.0,0,1
1547,3,male,20.0,0,1,41.67,S,2.0,0,0
1548,3,male,23.0,0,0,34.85,S,1.0,1,0
1549,1,female,25.0,0,2,242.32,S,3.0,0,1
1550,3,male,40.0,1,2,45.58,S,4.0,0,0
1551,3,female,28.0,0,0,6.38,S,1.0,1,1
1552,3,male,35.0,2,1,34.76,S,4.0,0,0
1553,3,male,22.0,0,1,11.26,S,2.0,0,0
1554,3,female,33.0,3,2,28.98,S,6.0,0,1
1555,1,male,40.0,0,0,243.31124999999997,S,1.0,1,1
1556,1,male,20.0,1,0,202.32,S,2.0,0,1
1557,3,female,40.0,0,0,56.47,S,1.0,1,1
1558,2,female,31.0,1,0,76.67,S,2.0,0,1
1559,3,male,44.0,0,0,27.82,C,1.0,1,0
1560,3,male,27.0,0,0,5.33,S,1.0,1,0
1561,2,female,35.0,0,0,85.49,S,1.0,1,1
1562,1,female,29.0,2,0,171.34,S,3.0,0,1
1563,3,female,29.0,1,0,14.61,C,2.0,0,1
1564,2,male,33.0,0,0,75.2,S,1.0,1,1
1565,3,female,37.0,0,1,55.28,S,2.0,0,1
1566,2,female,14.0,0,2,105.97,S,3.0,0,1
1567,3,male,49.0,2,0,48.89,S,3.0,0,0
1568,1,male,6.0,1,2,243.31124999999997,S,4.0,0,1
1569,3,male,21.0,1,0,36.02,S,2.0,0,0
1570,2,male,29.0,0,1,106.4,S,2.0,0,0
1571,3,male,35.0,3,0,13.77,S,4.0,0,0
1572,1,female,50.0,2,0,163.84,S,3.0,0,1
1573,3,female,6.0,1,0,5.08,C,2.0,0,1
1574,3,male,23.0,0,0,36.88,S,1.0,1,0
1575,1,female,2.0,1,0,243.31124999999997,Q,2.0,0,1
1576,1,male,30.0,0,0,198.69,Q,1.0,1,1
1577,1,male,34.0,0,0,109.79,C,1.0,1,1
1578,3,female,51.0,0,1,37.31,Q,2.0,0,1
1579,3,female,32.0,0,0,18.58,S,1.0,1,0
1580,3,male,44.0,0,0,51.61,C,1.0,1,0
1581,1,male,38.0,0,0,224.22,S,1.0,1,1
1582,2,male,24.0,0,1,43.31,C,2.0,0,0
1583,3,male,12.0,1,0,17.44,S,2.0,0,0
1584,2,female,34.0,0,0,105.45,S,1.0,1,1
1585,3,male,11.0,0,0,14.55,Q,1.0,1,0
1586,1,male,47.0,0,0,152.05,S,1.0,1,1
1587,3,male,28.0,2,0,30.77,C,3.0,0,0
1588,2,female,46.0,1,0,104.35,S,2.0,0,1
1589,2,female,24.0,0,0,100.19,S,1.0,1,1
1590,3,male,33.0,3,0,9.98,S,4.0,0,0
1591,3,male,33.0,0,0,31.7,S,1.0,1,0
1592,3,female,29.0,3,0,48.95,Q,4.0,0,1
1593,1,male,24.0,0,0,243.31124999999997,Q,1.0,1,1
1594,1,male,35.0,0,2,206.4,C,3.0,0,1
1595,3,male,18.0,0,0,53.81,C,1.0,1,0
1596,3,female,14.0,0,1,55.46,S,2.0,0,1
1597,2,female,46.0,0,0,119.5,S,1.0,1,1
1598,1,female,39.0,1,0,145.81,S,2.0,0,1
1599,1,male,31.0,2,1,243.31124999999997,S,4.0,0,1
1600,3,male,52.0,0,0,56.81,S,1.0,1,0
1601,1,male,27.0,0,0,243.31124999999997,S,1.0,1,1
1602,2,male,47.0,0,0,105.17,S,1.0,1,1
1603,1,female,32.0,0,0,232.18,S,1.0,1,1
1604,2,male,17.0,1,1,82.17,S,3.0,0,1
1605,1,male,54.0,0,0,243.31124999999997,S,1.0,1,1
1606,3,female,43.0,1,0,48.1,C,2.0,0,1
1607,1,female,28.0,0,1,153.5,S,2.0,0,1
1608,3,male,39.0,0,2,52.28,S,3.0,0,0
1609,1,male,25.0,0,1,243.31124999999997,C,2.0,0,1
1610,3,female,41.0,0,0,39.98,S,1.0,1,0
1611,3,male,1.0,0,1,30.24,S,2.0,0,0
1612,3,male,17.0,1,1,30.69,C,3.0,0,0
1613,3,female,43.0,0,1,27.34,S,2.0,0,1
1614,2,female,27.0,0,1,44.65,S,2.0,0,1
1615,2,female,33.0,1,2,110.59,S,4.0,0,1
1616,3,male,12.0,0,0,13.11,S,1.0,1,0
1617,3,female,54.0,1,0,10.86,S,2.0,0,1
1618,3,female,45.0,0,1,55.85,S,2.0,0,1
1619,3,male,27.0,0,0,6.36,C,1.0,1,0
1620,3,male,25.0,2,0,10.8,S,3.0,0,0
1621,2,female,43.0,1,0,54.52,S,2.0,0,1
1622,1,male,56.0,0,1,243.31124999999997,S,2.0,0,1
1623,3,male,42.0,0,0,27.32,C,1.0,1,0
1624,3,male,58.0,2,0,11.46,S,3.0,0,0
1625,1,male,18.0,0,0,152.12,S,1.0,1,1
1626,3,female,19.0,0,0,49.04,S,1.0,1,1
1627,1,male,15.0,1,0,243.31124999999997,S,2.0,0,1
1628,3,male,36.0,1,0,10.73,S,2.0,0,0
1629,1,male,32.0,1,1,243.31124999999997,S,3.0,0,1
1630,2,male,28.0,1,1,50.03,S,3.0,0,0
1631,3,male,41.0,1,1,44.23,S,3.0,0,0
1632,2,female,46.0,2,0,56.61,S,3.0,0,1
1633,3,male,10.0,1,0,19.85,S,2.0,0,0
1634,3,male,22.0,0,0,41.5,S,1.0,1,0
1635,3,male,41.0,0,0,25.42,S,1.0,1,0
1636,1,female,24.0,1,0,243.31124999999997,C,2.0,0,1
1637,2,male,20.0,2,1,73.59,S,4.0,0,0
1638,1,male,43.0,0,0,218.73,Q,1.0,1,1
1639,3,female,13.0,0,0,31.17,S,1.0,1,1
1640,3,male,26.0,3,2,21.49,S,6.0,0,0
1641,3,male,34.0,0,0,50.75,C,1.0,1,0
1642,3,male,23.0,0,2,53.49,S,3.0,0,0
1643,3,male,40.0,1,3,28.83,S,5.0,0,0
1644,3,male,23.0,4,0,25.61,S,5.0,0,0
1645,1,female,48.0,2,0,243.31124999999997,S,3.0,0,1
1646,3,male,28.0,1,1,8.19,C,3.0,0,0
1647,1,male,39.0,0,0,243.31124999999997,S,1.0,1,1
1648,3,male,40.0,2,0,48.03,Q,3.0,0,1
1649,3,male,22.0,0,1,26.86,Q,2.0,0,0
1650,3,male,3.0,2,0,14.6,S,3.0,0,0
1651,1,female,35.0,0,0,243.31124999999997,S,1.0,1,1
1652,2,male,31.0,0,0,75.39,S,1.0,1,1
1653,2,female,37.0,0,1,109.12,S,2.0,0,1
1654,2,female,27.0,0,0,67.87,S,1.0,1,1
1655,1,female,24.0,1,0,189.62,S,2.0,0,1
1656,3,male,56.0,3,0,14.62,S,4.0,0,0
1657,3,female,11.0,1,0,32.96,S,2.0,0,1
1658,2,female,40.0,2,1,91.87,S,4.0,0,1
1659,2,female,23.0,0,1,100.98,S,2.0,0,1
1660,2,female,26.0,1,0,76.97,S,2.0,0,1
1661,3,male,26.0,2,0,16.81,C,3.0,0,0
1662,3,male,20.0,1,0,49.79,C,2.0,0,0
1663,3,female,37.0,0,0,43.62,S,1.0,1,1
1664,2,male,48.0,1,0,97.66,Q,2.0,0,1
1665,3,male,36.0,1,0,11.78,S,2.0,0,0
1666,3,male,31.0,0,0,17.32,C,1.0,1,0
1667,1,female,17.0,1,0,243.31124999999997,S,2.0,0,1
1668,3,male,37.0,3,1,52.15,S,5.0,0,0
1669,1,female,58.0,0,1,243.31124999999997,S,2.0,0,1
1670,3,female,25.0,1,0,50.76,S,2.0,0,1
1671,2,female,25.0,1,0,71.29,C,2.0,0,1
1672,3,male,23.0,1,2,50.15,S,4.0,0,0
1673,3,female,24.0,0,2,54.45,S,3.0,0,1
1674,3,female,1.0,2,0,8.12,S,3.0,0,1
1675,3,female,35.0,0,1,27.9,S,2.0,0,1
1676,2,male,19.0,0,1,98.41,S,2.0,0,0
1677,1,male,9.0,2,0,243.31124999999997,Q,3.0,0,1
1678,2,female,40.0,1,0,84.27,S,2.0,0,1
1679,1,male,16.0,2,0,171.33,S,3.0,0,1
1680,3,male,26.0,0,0,52.68,Q,1.0,1,0
1681,2,male,49.0,0,0,99.65,S,1.0,1,0
1682,3,female,12.0,3,2,31.63,S,6.0,0,1
1683,3,male,10.0,0,1,27.58,S,2.0,0,0
1684,3,female,34.0,1,0,41.62,S,2.0,0,1
1685,1,male,45.0,2,0,161.75,S,3.0,0,1
1686,3,female,10.0,1,1,7.31,S,3.0,0,1
1687,3,female,35.0,0,0,44.6,S,1.0,1,0
1688,2,female,38.0,1,0,99.9,C,2.0,0,1
1689,3,male,3.0,2,2,7.7,S,5.0,0,0
1690,3,female,40.0,0,0,6.13,C,1.0,1,1
1691,1,male,41.0,0,0,123.56,S,1.0,1,1
1692,3,female,26.0,0,0,18.86,S,1.0,1,1
1693,2,male,46.0,0,0,83.12,S,1.0,1,0
1694,1,male,45.0,2,0,130.66,S,3.0,0,1
1695,2,male,31.0,2,0,93.05,S,3.0,0,1
1696,1,male,24.0,4,0,156.57,S,5.0,0,1
1697,1,male,17.0,0,0,243.31124999999997,C,1.0,1,1
1698,1,female,30.0,1,0,110.72,S,2.0,0,1
1699,3,male,37.0,0,0,10.23,S,1.0,1,0
1700,3,female,26.0,1,0,51.83,S,2.0,0,1
1701,3,male,1.0,1,2,20.92,C,4.0,0,0
1702,2,male,46.0,2,0,72.94,S,3.0,0,1
1703,2,female,32.0,2,0,69.24,S,3.0,0,1
1704,3,female,25.0,3,0,17.23,C,4.0,0,1
1705,2,male,41.0,2,0,78.18,C,3.0,0,0
1706,1,male,50.0,2,1,224.76,S,4.0,0,1
1707,3,male,1.0,0,0,24.1,S,1.0,1,0
1708,1,male,36.0,2,1,231.21,S,4.0,0,1
1709,3,male,11.0,1,0,17.56,Q,2.0,0,0
1710,3,male,36.0,0,0,41.31,S,1.0,1,0
1711,1,female,32.0,0,1,121.87,S,2.0,0,1
1712,1,female,38.0,1,0,243.31124999999997,S,2.0,0,1
1713,3,male,24.0,0,0,44.32,S,1.0,1,0
1714,2,male,6.0,0,1,115.29,S,2.0,0,1
1715,1,male,24.0,1,2,171.09,S,4.0,0,1
1716,3,male,35.0,2,0,39.77,S,3.0,0,0
1717,1,female,43.0,2,0,152.6,Q,3.0,0,1
1718,3,male,15.0,0,0,20.63,C,1.0,1,0
1719,3,female,43.0,0,0,56.63,Q,1.0,1,1
1720,1,female,22.0,0,0,243.31124999999997,C,1.0,1,1
1721,1,male,35.0,0,1,243.31124999999997,S,2.0,0,0
1722,1,female,23.0,0,0,243.31124999999997,S,1.0,1,1
1723,2,male,32.0,4,1,118.87,S,6.0,0,1
1724,1,male,42.0,0,0,152.14,S,1.0,1,0
1725,3,male,14.0,0,0,34.79,S,1.0,1,0
1726,1,female,21.0,0,2,130.49,S,3.0,0,1
1727,3,female,32.0,0,0,29.48,Q,1.0,1,1
1728,3,female,61.0,0,0,13.01,S,1.0,1,0
1729,3,male,19.0,0,0,35.44,S,1.0,1,0
1730,3,male,57.0,3,1,58.76,S,5.0,0,0
1731,2,male,56.0,0,0,65.45,C,1.0,1,0
1732,3,female,29.0,0,0,46.11,Q,1.0,1,0
1733,3,male,26.0,0,0,40.38,S,1.0,1,0
1734,2,female,21.0,0,0,65.63,S,1.0,1,1
1735,1,female,29.0,0,1,196.75,S,2.0,0,1
1736,3,male,12.0,0,0,17.35,Q,1.0,1,0
1737,2,male,29.0,0,0,84.65,S,1.0,1,0
1738,1,female,49.0,1,0,243.31124999999997,C,2.0,0,1
1739,2,female,22.0,0,1,42.82,S,2.0,0,1
1740,2,male,27.0,0,1,107.21,S,2.0,0,0
1741,3,female,8.0,0,1,10.05,S,2.0,0,1
1742,3,female,35.0,0,0,23.46,C,1.0,1,1
1743,3,male,33.0,0,0,21.06,Q,1.0,1,0
1744,1,male,31.0,0,0,181.6,C,1.0,1,1
1745,2,male,27.0,0,1,76.14,S,2.0,0,0
1746,2,male,26.0,0,1,119.6,S,2.0,0,0
1747,1,male,37.0,0,2,241.25,C,3.0,0,1
1748,2,female,30.0,0,0,61.56,S,1.0,1,1
1749,3,male,34.0,0,0,48.2,Q,1.0,1,0
1750,1,male,33.0,2,0,243.31124999999997,S,3.0,0,1
1751,3,female,45.0,1,1,23.56,Q,3.0,0,1
1752,1,male,39.0,1,0,243.31124999999997,C,2.0,0,1
1753,1,female,33.0,2,1,206.54,S,4.0,0,1
1754,1,female,50.0,4,0,243.31124999999997,S,5.0,0,1
1755,3,female,35.0,1,0,8.78,S,2.0,0,1
1756,3,male,47.0,1,0,46.4,S,2.0,0,0
1757,3,male,38.0,0,0,29.56,S,1.0,1,0
1758,2,male,6.0,0,0,85.76,S,1.0,1,1
1759,1,male,47.0,1,0,101.65,S,2.0,0,1
1760,3,female,32.0,4,0,13.65,S,5.0,0,1
1761,2,female,29.0,0,0,109.76,Q,1.0,1,1
1762,3,female,34.0,1,2,50.6,S,4.0,0,1
1763,1,female,26.0,0,1,184.06,C,2.0,0,1
1764,2,female,33.0,0,0,90.41,S,1.0,1,1
1765,1,male,22.0,0,0,219.34,C,1.0,1,0
1766,2,male,47.0,0,0,71.68,S,1.0,1,1
1767,3,male,29.0,0,2,48.82,S,3.0,0,0
1768,2,female,25.0,1,0,114.97,S,2.0,0,1
1769,2,male,18.0,2,0,72.43,Q,3.0,0,1
1770,2,female,33.0,2,1,92.33,S,4.0,0,1
1771,2,female,32.0,0,0,98.56,S,1.0,1,1
1772,3,male,35.0,2,2,44.96,C,5.0,0,0
1773,3,male,17.0,0,0,41.17,S,1.0,1,0
1774,3,female,9.0,0,0,13.37,S,1.0,1,1
1775,3,male,38.0,1,0,47.62,S,2.0,0,0
1776,2,female,49.0,0,2,83.92,S,3.0,0,1
1777,3,male,17.0,0,1,45.04,S,2.0,0,0
1778,2,male,51.0,0,0,40.07,S,1.0,1,0
1779,2,male,34.0,1,0,60.66,S,2.0,0,1
1780,3,female,30.0,0,0,49.01,S,1.0,1,0
1781,1,female,25.0,1,2,106.9,S,4.0,0,1
1782,3,male,12.0,1,0,42.12,C,2.0,0,0
1783,2,male,43.0,1,1,54.93,Q,3.0,0,0
1784,3,female,20.0,2,0,5.46,S,3.0,0,1
1785,3,male,20.0,0,0,10.63,C,1.0,1,0
1786,3,male,43.0,0,0,37.84,Q,1.0,1,0
1787,3,male,6.0,0,1,5.36,S,2.0,0,1
1788,3,male,10.0,0,1,54.99,Q,2.0,0,0
1789,1,male,30.0,1,0,126.05,S,2.0,0,1
1790,3,male,34.0,0,0,19.18,C,1.0,1,0
1791,1,male,36.0,0,0,159.27,S,1.0,1,1
1792,3,female,26.0,1,0,51.79,S,2.0,0,1
1793,3,male,62.375,1,2,56.0,C,4.0,0,0
1794,3,female,27.0,1,0,11.39,S,2.0,0,1
1795,1,male,27.0,1,1,169.7,S,3.0,0,1
1796,1,female,20.0,1,1,169.11,S,3.0,0,1
1797,3,male,32.0,1,1,37.2,C,3.0,0,1
1798,1,female,38.0,0,2,136.96,C,3.0,0,1
1799,1,female,46.0,4,0,243.31124999999997,S,5.0,0,1
1800,1,male,11.0,0,2,243.31124999999997,S,3.0,0,1
1801,3,female,27.0,0,0,22.56,S,1.0,1,1
1802,3,female,36.0,0,0,10.2,S,1.0,1,1
1803,2,female,38.0,1,1,105.72,C,3.0,0,1
1804,2,male,30.0,3,0,87.25,C,4.0,0,1
1805,2,male,37.0,0,1,81.51,S,2.0,0,1
1806,3,male,19.0,0,1,10.82,Q,2.0,0,1
1807,3,male,50.0,2,1,36.36,C,4.0,0,0
1808,1,male,43.0,2,0,243.31124999999997,S,3.0,0,1
1809,1,female,13.0,0,1,243.31124999999997,S,2.0,0,1
1810,1,female,16.0,0,0,158.42,S,1.0,1,1
1811,3,male,16.0,1,1,59.21,S,3.0,0,0
1812,3,female,39.0,0,0,6.7,C,1.0,1,1
1813,2,female,13.0,2,0,58.87,S,3.0,0,1
1814,1,male,26.0,0,0,243.31124999999997,C,1.0,1,1
1815,1,male,36.0,0,0,243.31124999999997,S,1.0,1,0
1816,3,female,29.0,0,0,26.22,C,1.0,1,1
1817,2,female,33.0,0,0,62.7,S,1.0,1,1
1818,3,male,16.0,0,0,22.02,S,1.0,1,0
1819,3,male,38.0,0,1,13.75,S,2.0,0,0
1820,2,male,22.0,1,0,85.32,C,2.0,0,1
1821,1,male,26.0,0,0,228.46,C,1.0,1,1
1822,1,male,33.0,2,0,243.31124999999997,S,3.0,0,1
1823,3,male,31.0,0,1,55.64,S,2.0,0,0
1824,3,male,30.0,1,0,12.71,S,2.0,0,0
1825,3,female,20.0,0,0,45.46,C,1.0,1,0
1826,3,male,26.0,0,0,57.77,S,1.0,1,0
1827,1,female,30.0,0,0,229.81,S,1.0,1,1
1828,3,female,12.0,0,0,28.93,S,1.0,1,1
1829,3,male,24.0,1,0,23.56,S,2.0,0,0
1830,2,male,35.0,1,1,40.12,S,3.0,0,0
1831,3,male,13.0,1,0,46.42,Q,2.0,0,0
1832,3,female,45.0,0,0,41.37,C,1.0,1,1
1833,3,male,47.0,2,0,58.28,C,3.0,0,0
1834,3,male,14.0,1,0,15.2,S,2.0,0,1
1835,3,male,48.0,4,2,34.88,S,6.0,0,0
1836,3,female,28.0,1,0,29.7,Q,2.0,0,1
1837,1,female,35.0,0,1,164.87,S,2.0,0,1
1838,2,male,24.0,0,1,53.35,S,2.0,0,0
1839,3,female,42.0,0,0,59.4,S,1.0,1,0
1840,1,male,35.0,1,2,102.7,S,4.0,0,1
1841,2,male,19.0,0,0,96.57,S,1.0,1,0
1842,2,female,15.0,1,0,119.32,C,2.0,0,1
1843,2,female,11.0,0,0,47.22,Q,1.0,1,1
1844,3,female,32.0,0,0,35.91,S,1.0,1,1
1845,3,male,37.0,0,0,41.45,S,1.0,1,0
1846,1,female,38.0,0,0,177.59,S,1.0,1,1
1847,1,male,28.0,1,0,109.41,S,2.0,0,1
1848,1,male,15.0,0,0,227.87,Q,1.0,1,1
1849,3,male,21.0,1,0,49.42,S,2.0,0,0
1850,3,female,45.0,0,0,20.93,S,1.0,1,0
1851,2,female,24.0,0,0,69.0,S,1.0,1,1
1852,3,male,32.0,1,0,38.48,C,2.0,0,0
1853,3,male,16.0,0,0,24.45,S,1.0,1,0
1854,3,male,34.0,1,0,37.68,S,2.0,0,0
1855,3,female,24.0,2,0,40.5,S,3.0,0,1
1856,2,female,44.0,2,0,40.81,S,3.0,0,1
1857,3,male,40.0,0,0,50.23,S,1.0,1,0
1858,2,female,24.0,0,2,98.12,C,3.0,0,1
1859,3,male,28.0,1,0,56.93,S,2.0,0,0
1860,3,male,23.0,1,0,27.6,S,2.0,0,0
1861,3,female,12.0,1,0,52.32,C,2.0,0,1
1862,3,male,19.0,0,0,17.13,S,1.0,1,0
1863,1,male,33.0,0,0,152.42,C,1.0,1,1
1864,3,female,34.0,0,0,36.53,C,1.0,1,1
1865,3,male,32.0,1,0,22.86,S,2.0,0,0
1866,3,female,26.0,0,0,59.15,C,1.0,1,0
1867,1,male,42.0,0,1,243.31124999999997,S,2.0,0,1
1868,1,female,31.0,1,0,123.49,S,2.0,0,1
1869,1,male,39.0,0,0,243.31124999999997,C,1.0,1,1
1870,3,male,7.0,0,1,16.93,C,2.0,0,0
1871,3,male,1.0,0,0,36.86,S,1.0,1,0
1872,1,female,34.0,0,1,192.06,S,2.0,0,1
1873,3,male,11.0,0,0,24.25,S,1.0,1,0
1874,3,female,27.0,0,0,9.88,C,1.0,1,1
1875,3,male,26.0,0,0,17.86,Q,1.0,1,0
1876,3,male,51.0,0,2,15.13,S,3.0,0,0
1877,3,female,35.0,0,0,46.01,S,1.0,1,1
1878,3,female,32.0,1,2,47.9,C,4.0,0,1
1879,2,male,41.0,0,0,117.12,S,1.0,1,1
1880,3,female,35.0,0,0,58.3,S,1.0,1,1
1881,3,male,24.0,0,2,53.63,S,3.0,0,0
1882,3,female,44.0,0,0,32.38,S,1.0,1,1
1883,3,female,16.0,0,2,27.82,Q,3.0,0,1
1884,3,male,34.0,0,0,55.37,Q,1.0,1,0
1885,1,male,10.0,1,2,213.18,S,4.0,0,1
1886,2,male,33.0,0,0,86.65,Q,1.0,1,1
1887,1,female,33.0,2,0,153.7,S,3.0,0,1
1888,1,female,52.0,0,1,167.09,C,2.0,0,1
1889,3,female,10.0,0,0,51.72,S,1.0,1,1
1890,3,male,22.0,0,0,20.47,C,1.0,1,0
1891,1,male,41.0,1,0,213.75,S,2.0,0,1
1892,2,male,34.0,0,0,92.6,S,1.0,1,0
1893,3,male,32.0,0,2,17.71,Q,3.0,0,1
1894,1,male,18.0,0,0,117.58,S,1.0,1,1
1895,3,male,22.0,0,0,53.58,Q,1.0,1,0
1896,3,male,46.0,3,0,7.19,S,4.0,0,0
1897,3,male,29.0,0,1,41.83,S,2.0,0,0
1898,1,female,35.0,1,0,187.39,C,2.0,0,1
1899,2,female,29.0,1,0,76.44,S,2.0,0,1
1900,3,male,15.0,0,0,55.25,S,1.0,1,0
1901,3,female,42.0,0,0,32.43,S,1.0,1,1
1902,1,female,37.0,1,1,243.31124999999997,S,3.0,0,1
1903,3,female,60.0,0,0,55.68,S,1.0,1,1
1904,1,male,17.0,0,0,160.55,S,1.0,1,1
1905,3,female,41.0,1,0,8.42,S,2.0,0,1
1906,1,female,13.0,1,1,148.79,S,3.0,0,1
1907,3,female,32.0,1,0,9.55,Q,2.0,0,1
1908,2,male,43.0,1,0,99.51,S,2.0,0,0
1909,2,male,3.0,0,0,113.31,S,1.0,1,1
1910,1,male,27.0,0,1,228.35,S,2.0,0,1
1911,2,male,23.0,0,0,114.89,S,1.0,1,0
1912,3,male,21.0,1,0,7.15,S,2.0,0,0
1913,3,female,35.0,3,0,12.31,S,4.0,0,1
1914,2,female,45.0,0,0,119.51,C,1.0,1,1
1915,2,female,28.0,0,2,94.53,C,3.0,0,1
1916,3,female,33.0,0,0,9.32,S,1.0,1,0
1917,3,female,31.0,2,2,50.96,S,5.0,0,1
1918,3,male,30.0,0,0,40.27,S,1.0,1,0
1919,2,male,16.0,0,0,95.82,S,1.0,1,1
1920,2,male,44.0,4,0,53.66,C,5.0,0,0
1921,3,male,34.0,2,2,53.63,C,5.0,0,0
1922,1,female,35.0,0,0,180.64,S,1.0,1,1
1923,3,female,20.0,3,1,7.75,C,5.0,0,1
1924,2,male,24.0,0,0,93.45,C,1.0,1,0
1925,3,male,28.0,0,0,19.37,S,1.0,1,0
1926,1,female,10.0,0,1,243.31124999999997,S,2.0,0,1
1927,3,male,8.0,2,2,24.03,C,5.0,0,1
1928,2,male,22.0,1,0,77.04,S,2.0,0,0
1929,3,male,37.0,0,0,34.67,C,1.0,1,0
1930,1,male,22.0,3,0,195.72,S,4.0,0,1
1931,3,female,17.0,0,0,52.19,S,1.0,1,1
1932,3,female,19.0,1,0,30.87,S,2.0,0,1
1933,3,male,24.0,1,0,51.51,S,2.0,0,0
1934,3,female,25.0,0,0,24.99,S,1.0,1,1
1935,3,male,58.0,0,0,14.61,C,1.0,1,0
1936,3,male,44.0,2,2,30.05,C,5.0,0,0
1937,2,female,43.0,0,0,82.72,Q,1.0,1,1
1938,3,male,45.0,1,0,31.31,S,2.0,0,0
1939,2,male,17.0,0,3,113.79,S,4.0,0,1
1940,1,female,14.0,1,0,106.73,S,2.0,0,1
1941,1,male,16.0,0,0,243.31124999999997,S,1.0,1,1
1942,2,male,47.0,0,0,65.91,S,1.0,1,0
1943,3,male,23.0,0,0,17.36,S,1.0,1,0
1944,3,female,14.0,2,1,12.12,S,4.0,0,1
1945,3,male,24.0,0,0,52.76,S,1.0,1,0
1946,3,male,27.0,0,0,8.09,S,1.0,1,0
1947,2,female,33.0,3,0,55.33,S,4.0,0,1
1948,1,female,33.0,1,2,207.04,C,4.0,0,1
1949,2,male,19.0,0,1,65.03,C,2.0,0,0
1950,2,female,39.0,4,0,47.56,S,5.0,0,1
1951,1,male,22.0,1,0,162.12,C,2.0,0,1
1952,1,male,28.0,0,0,243.31124999999997,S,1.0,1,0
1953,3,male,39.0,0,0,26.66,S,1.0,1,0
1954,3,female,22.0,1,0,47.55,S,2.0,0,1
1955,3,male,23.0,1,0,50.65,C,2.0,0,0
1956,3,female,38.0,0,1,42.67,S,2.0,0,1
1957,3,male,19.0,0,0,31.04,S,1.0,1,0
1958,2,male,25.0,0,0,118.81,S,1.0,1,1
1959,3,male,37.0,0,1,51.59,S,2.0,0,0
1960,3,male,57.0,0,0,23.79,S,1.0,1,0
1961,1,male,38.0,0,0,185.51,C,1.0,1,1
1962,2,male,36.0,1,0,84.22,C,2.0,0,0
1963,3,male,37.0,1,0,58.66,Q,2.0,0,0
1964,2,male,16.0,0,1,95.02,C,2.0,0,0
1965,3,female,32.0,0,1,59.9,S,2.0,0,1
1966,3,female,30.0,0,0,52.79,S,1.0,1,1
1967,1,male,34.0,0,2,131.78,S,3.0,0,1
1968,2,female,32.0,3,2,45.6,S,6.0,0,1
1969,2,male,35.0,1,0,78.09,S,2.0,0,1
1970,1,male,26.0,0,1,243.31124999999997,C,2.0,0,1
1971,1,female,31.0,0,0,176.3,S,1.0,1,1
1972,3,male,14.0,0,0,31.9,C,1.0,1,0
1973,2,female,26.0,1,0,58.34,S,2.0,0,1
1974,3,male,48.0,0,0,57.43,S,1.0,1,0
1975,2,male,34.0,1,2,47.03,S,4.0,0,0
1976,3,male,30.0,1,1,18.49,S,3.0,0,0
1977,2,male,55.0,0,1,66.33,S,2.0,0,0
1978,2,male,12.0,2,0,105.22,S,3.0,0,1
1979,3,male,16.0,1,0,38.86,S,2.0,0,0
1980,3,female,52.0,1,0,28.14,S,2.0,0,1
1981,1,female,31.0,3,0,104.07,C,4.0,0,1
1982,3,male,27.0,0,0,10.42,S,1.0,1,0
1983,2,male,14.0,0,0,56.44,C,1.0,1,1
1984,2,male,36.0,2,0,88.78,S,3.0,0,1
1985,1,male,37.0,1,0,233.18,S,2.0,0,1
1986,1,female,16.0,3,0,150.88,C,4.0,0,1
1987,3,male,28.0,0,0,36.14,C,1.0,1,0
1988,2,male,26.0,1,2,108.9,C,4.0,0,1
1989,2,female,33.0,0,0,45.08,S,1.0,1,1
1990,3,female,15.0,0,0,21.15,S,1.0,1,1
1991,3,male,46.0,0,1,8.95,S,2.0,0,0
1992,1,female,42.0,0,3,243.31124999999997,S,4.0,0,1
1993,3,female,25.0,0,1,10.25,Q,2.0,0,1
1994,1,female,27.0,1,0,243.31124999999997,S,2.0,0,1
1995,3,male,28.0,0,0,27.92,S,1.0,1,0
1996,3,male,20.0,0,2,45.59,S,3.0,0,0
1997,3,male,24.0,0,1,19.98,C,2.0,0,0
1998,1,male,26.0,0,0,243.31124999999997,S,1.0,1,1
1999,1,female,51.0,3,0,226.96,Q,4.0,0,1
2000,2,male,42.0,0,0,97.77,S,1.0,1,1
2001,2,female,42.0,0,0,84.37,C,1.0,1,1
2002,1,female,35.0,2,0,213.61,S,3.0,0,1
2003,3,male,15.0,1,0,14.81,C,2.0,0,1
2004,1,male,29.0,1,3,168.64,S,5.0,0,1
2005,2,female,43.0,1,0,100.24,C,2.0,0,1
2006,3,female,14.0,3,1,54.67,S,5.0,0,1
2007,2,male,38.0,0,0,60.66,S,1.0,1,0
2008,3,female,60.0,4,0,37.85,S,5.0,0,1
2009,1,female,44.0,2,0,243.31124999999997,C,3.0,0,1
2010,2,female,48.0,0,1,65.47,S,2.0,0,1
2011,1,female,33.0,1,0,243.31124999999997,S,2.0,0,1
2012,1,male,43.0,1,0,243.31124999999997,S,2.0,0,1
2013,3,female,21.0,0,1,44.77,S,2.0,0,1
2014,1,female,40.0,0,0,188.98,S,1.0,1,1
2015,3,male,39.0,3,2,22.76,S,6.0,0,0
2016,2,male,34.0,0,2,108.37,S,3.0,0,1
2017,2,female,47.0,0,2,86.3,S,3.0,0,1
2018,3,female,23.0,1,0,16.08,S,2.0,0,1
2019,1,female,28.0,0,0,243.31124999999997,S,1.0,1,1
2020,3,male,31.0,0,3,58.0,S,4.0,0,0
2021,3,male,17.0,1,0,29.25,S,2.0,0,0
2022,3,male,33.0,1,0,5.72,S,2.0,0,0
2023,3,male,8.0,0,1,5.49,C,2.0,0,1
2024,1,male,44.0,3,0,101.16,S,4.0,0,1
2025,2,male,31.0,0,1,97.85,C,2.0,0,0
2026,2,male,23.0,0,1,53.56,S,2.0,0,0
2027,3,female,19.0,0,1,8.46,C,2.0,0,1
2028,3,male,27.0,1,0,7.16,S,2.0,0,0
2029,2,male,39.0,0,0,111.87,S,1.0,1,0
2030,3,female,37.0,0,0,54.88,S,1.0,1,1
2031,1,male,21.0,2,0,136.26,C,3.0,0,1
2032,3,female,19.0,0,0,51.02,S,1.0,1,1
2033,2,male,39.0,1,0,70.17,S,2.0,0,1
2034,3,male,21.0,0,0,47.77,S,1.0,1,0
2035,3,male,31.0,4,0,8.45,Q,5.0,0,0
2036,2,male,32.0,0,1,73.26,C,2.0,0,1
2037,1,female,34.0,0,0,206.12,S,1.0,1,1
2038,1,male,41.0,0,0,178.54,C,1.0,1,1
2039,1,male,14.0,2,0,243.31124999999997,S,3.0,0,1
2040,2,male,5.0,2,1,117.72,C,4.0,0,1
2041,3,male,23.0,0,0,19.57,S,1.0,1,0
2042,3,male,53.0,1,0,40.38,S,2.0,0,0
2043,3,male,56.0,0,0,29.17,S,1.0,1,0
2044,1,female,54.0,3,0,127.89,Q,4.0,0,1
2045,3,male,27.0,3,2,31.23,C,6.0,0,0
2046,3,male,7.0,4,2,40.82,C,6.0,0,0
2047,1,male,1.0,2,0,168.15,S,3.0,0,1
2048,3,female,22.0,2,1,39.17,S,4.0,0,1
2049,3,female,27.0,0,1,40.89,S,2.0,0,1
2050,1,male,47.0,2,2,137.51,C,5.0,0,1
2051,2,male,41.0,1,0,74.84,Q,2.0,0,1
2052,2,male,33.0,3,0,81.97,S,4.0,0,1
2053,1,male,18.0,0,0,243.31124999999997,S,1.0,1,1
2054,3,male,18.0,0,0,27.6,C,1.0,1,0
2055,3,male,33.0,0,0,24.24,S,1.0,1,0
2056,3,female,39.0,1,1,11.82,S,3.0,0,1
2057,2,male,35.0,0,1,62.1,S,2.0,0,1
2058,2,female,17.0,0,2,114.81,S,3.0,0,1
2059,3,male,38.0,0,0,56.72,C,1.0,1,0
2060,3,male,36.0,0,0,57.72,C,1.0,1,0
2061,1,male,16.0,0,0,197.34,S,1.0,1,0
2062,3,male,20.0,0,0,24.3,S,1.0,1,0
2063,3,male,39.0,3,2,12.9,S,6.0,0,0
2064,2,male,27.0,1,0,109.19,C,2.0,0,1
2065,1,female,51.0,0,1,206.52,S,2.0,0,1
2066,3,male,37.0,1,0,28.35,S,2.0,0,0
2067,1,female,24.0,1,0,243.31124999999997,Q,2.0,0,1
2068,2,male,30.0,0,0,108.79,C,1.0,1,0
2069,1,female,31.0,0,0,125.82,C,1.0,1,1
2070,2,female,21.0,1,0,119.43,Q,2.0,0,1
2071,3,female,18.0,0,0,48.54,S,1.0,1,0
2072,3,male,39.0,1,0,6.4,C,2.0,0,0
2073,1,male,41.0,0,2,243.31124999999997,S,3.0,0,1
2074,3,female,38.0,0,1,17.96,S,2.0,0,1
2075,3,male,50.0,4,2,19.88,S,6.0,0,0
2076,3,female,23.0,0,1,10.02,S,2.0,0,1
2077,1,male,52.0,1,1,243.31124999999997,S,3.0,0,1
2078,2,male,18.0,0,0,103.67,Q,1.0,1,1
2079,3,male,17.0,0,0,27.85,S,1.0,1,0
2080,3,male,7.0,0,0,56.03,Q,1.0,1,0
2081,1,female,24.0,0,1,222.88,S,2.0,0,1
2082,1,male,23.0,0,0,243.31124999999997,S,1.0,1,1
2083,2,male,37.0,0,0,110.75,S,1.0,1,0
2084,3,male,33.0,0,2,24.22,C,3.0,0,0
2085,3,male,14.0,1,0,40.42,S,2.0,0,1
2086,2,female,25.0,0,2,107.04,Q,3.0,0,1
2087,1,male,25.0,2,1,214.4,C,4.0,0,1
2088,3,male,7.0,0,0,28.74,C,1.0,1,0
2089,3,female,17.0,0,1,36.48,S,2.0,0,1
2090,2,female,20.0,1,1,108.61,S,3.0,0,1
2091,3,female,49.0,0,0,43.72,Q,1.0,1,1
2092,3,male,32.0,0,1,41.01,S,2.0,0,0
2093,1,male,39.0,0,1,204.48,S,2.0,0,0
2094,3,female,11.0,1,0,20.18,S,2.0,0,1
2095,2,female,46.0,1,0,110.41,Q,2.0,0,1
2096,3,male,47.0,0,0,56.87,S,1.0,1,0
2097,3,male,4.0,0,0,12.3,S,1.0,1,1
2098,3,female,21.0,1,0,48.95,S,2.0,0,1
2099,3,female,36.0,0,1,34.86,Q,2.0,0,1
2100,2,male,38.0,0,0,50.71,S,1.0,1,0
2101,3,female,21.0,0,2,57.89,S,3.0,0,1
2102,3,female,26.0,0,0,38.32,S,1.0,1,1
2103,1,male,22.0,0,0,227.13,S,1.0,1,0
2104,3,male,31.0,2,0,33.3,S,3.0,0,0
2105,3,female,46.0,0,1,18.74,S,2.0,0,1
2106,2,female,20.0,0,0,49.61,S,1.0,1,1
2107,3,female,43.0,2,0,55.77,S,3.0,0,1
2108,3,female,20.0,0,1,51.27,S,2.0,0,1
2109,2,male,19.0,0,0,55.25,Q,1.0,1,0
2110,3,male,41.0,0,0,22.43,S,1.0,1,0
2111,1,male,42.0,1,0,243.31124999999997,S,2.0,0,1
2112,1,male,41.0,0,1,117.63,S,2.0,0,1
2113,1,male,13.0,0,0,116.24,S,1.0,1,1
2114,3,female,24.0,4,0,17.65,C,5.0,0,1
2115,3,male,41.0,2,0,46.74,C,3.0,0,0
2116,1,male,31.0,1,2,173.62,S,4.0,0,1
2117,2,male,16.0,0,0,65.45,C,1.0,1,0
2118,3,female,36.0,0,0,56.31,C,1.0,1,1
2119,1,male,21.0,0,0,145.37,S,1.0,1,1
2120,3,male,53.0,0,0,52.28,S,1.0,1,0
2121,3,male,50.0,1,1,41.63,S,3.0,0,0
2122,3,female,38.0,0,0,57.68,Q,1.0,1,1
2123,3,male,48.0,2,1,19.96,S,4.0,0,0
2124,2,male,31.0,0,1,116.42,S,2.0,0,1
2125,3,male,40.0,0,2,43.74,C,3.0,0,0
2126,3,male,49.0,1,0,56.06,S,2.0,0,0
2127,3,female,33.0,0,3,50.35,S,4.0,0,1
2128,1,female,27.0,2,0,243.31124999999997,S,3.0,0,1
2129,3,female,8.0,4,1,26.3,S,6.0,0,1
2130,2,male,29.0,0,0,48.06,S,1.0,1,0
2131,1,female,41.0,0,1,138.36,S,2.0,0,1
2132,1,male,42.0,0,0,125.68,S,1.0,1,1
2133,3,male,37.0,1,1,42.22,C,3.0,0,0
2134,3,female,23.0,0,2,7.59,S,3.0,0,1
2135,3,male,4.0,1,1,41.28,S,3.0,0,0
2136,3,male,24.0,0,1,31.31,S,2.0,0,0
2137,1,male,26.0,1,0,156.44,C,2.0,0,0
2138,3,male,26.0,1,0,38.4,C,2.0,0,0
2139,1,male,38.0,0,2,150.67,S,3.0,0,1
2140,3,female,56.0,0,1,59.67,S,2.0,0,1
2141,3,male,32.0,0,0,10.15,C,1.0,1,0
2142,3,female,27.0,0,0,20.2,S,1.0,1,0
2143,3,male,27.0,0,0,41.08,S,1.0,1,0
2144,2,female,32.0,0,0,47.38,S,1.0,1,1
2145,2,male,19.0,2,0,74.61,Q,3.0,0,1
2146,3,male,32.0,2,0,54.1,Q,3.0,0,0
2147,2,male,36.0,2,0,49.48,S,3.0,0,0
2148,2,female,33.0,0,0,90.45,S,1.0,1,1
2149,2,male,36.0,1,0,111.43,C,2.0,0,1
2150,3,male,36.0,0,0,9.18,S,1.0,1,0
2151,2,male,7.0,0,0,57.76,S,1.0,1,1
2152,1,female,38.0,0,2,229.02,S,3.0,0,1
2153,3,male,21.0,0,0,52.14,S,1.0,1,0
2154,3,male,16.0,0,1,36.75,C,2.0,0,0
2155,1,female,16.0,0,2,243.31124999999997,S,3.0,0,1
2156,1,male,36.0,3,0,151.4,S,4.0,0,1
2157,1,male,27.0,0,0,128.97,S,1.0,1,1
2158,2,male,8.0,2,0,89.48,C,3.0,0,0
2159,2,female,36.0,0,0,85.37,C,1.0,1,1
2160,3,male,11.0,0,0,55.01,S,1.0,1,0
2161,3,male,32.0,0,0,24.25,Q,1.0,1,0
2162,3,male,33.0,1,0,23.47,S,2.0,0,0
2163,2,male,42.0,0,0,119.29,C,1.0,1,1
2164,3,male,53.0,0,2,22.53,S,3.0,0,0
2165,2,male,12.0,0,0,103.28,S,1.0,1,1
2166,3,female,29.0,0,2,14.95,S,3.0,0,1
2167,3,male,26.0,1,0,57.18,S,2.0,0,0
2168,1,male,36.0,0,0,227.22,C,1.0,1,1
2169,3,female,33.0,0,0,17.36,C,1.0,1,1
2170,2,female,25.0,2,3,57.39,S,6.0,0,1
2171,3,male,24.0,0,0,12.56,S,1.0,1,0
2172,1,male,15.0,1,0,220.86,Q,2.0,0,1
2173,1,female,43.0,1,1,191.98,S,3.0,0,1
2174,3,male,36.0,3,0,7.74,S,4.0,0,0
2175,1,female,42.0,0,0,243.31124999999997,C,1.0,1,1
2176,3,male,26.0,1,2,22.9,S,4.0,0,0
2177,2,male,21.0,0,2,81.95,S,3.0,0,0
2178,3,male,16.0,1,0,50.86,S,2.0,0,0
2179,3,female,35.0,0,0,46.93,S,1.0,1,0
2180,3,male,16.0,0,2,42.61,C,3.0,0,0
2181,2,female,54.0,2,3,59.66,S,6.0,0,1
2182,1,male,13.0,0,0,243.31124999999997,S,1.0,1,1
2183,1,male,34.0,2,1,243.31124999999997,S,4.0,0,1
2184,2,male,50.0,2,0,55.87,S,3.0,0,0
2185,3,female,38.0,0,0,22.51,S,1.0,1,1
2186,3,male,32.0,0,0,9.78,C,1.0,1,0
2187,3,male,17.0,0,0,34.45,S,1.0,1,0
2188,3,female,12.0,4,0,5.8,C,5.0,0,1
2189,3,male,40.0,0,0,29.41,S,1.0,1,0
2190,3,male,50.0,0,0,14.82,S,1.0,1,0
2191,2,male,24.0,1,0,119.54,C,2.0,0,0
2192,3,male,15.0,3,0,42.13,S,4.0,0,0
2193,3,male,1.0,1,3,24.3,S,5.0,0,0
2194,3,female,17.0,1,1,23.77,S,3.0,0,1
2195,1,male,29.0,0,0,148.28,S,1.0,1,1
2196,2,male,51.0,0,2,85.27,Q,3.0,0,1
2197,2,female,39.0,0,0,85.54,S,1.0,1,1
2198,3,male,34.0,2,0,36.87,C,3.0,0,0
2199,3,male,25.0,1,2,39.11,S,4.0,0,0
2200,2,male,22.0,1,0,44.03,S,2.0,0,0
2201,3,female,48.0,1,0,9.41,Q,2.0,0,1
2202,1,female,33.0,0,0,129.32,Q,1.0,1,1
2203,2,male,3.0,0,0,107.91,Q,1.0,1,1
2204,1,female,21.0,0,0,243.31124999999997,S,1.0,1,1
2205,3,male,19.0,0,2,21.36,S,3.0,0,0
2206,3,female,23.0,1,0,12.17,S,2.0,0,1
2207,2,female,37.0,0,2,97.7,S,3.0,0,1
2208,3,male,29.0,1,2,16.16,S,4.0,0,0
2209,2,male,29.0,1,0,94.49,C,2.0,0,1
2210,3,male,47.0,0,0,39.44,C,1.0,1,0
2211,3,male,21.0,0,0,33.71,S,1.0,1,0
2212,3,female,54.0,0,0,36.68,S,1.0,1,1
2213,1,female,21.0,0,0,110.15,Q,1.0,1,1
2214,3,male,31.0,1,3,30.69,S,5.0,0,0
2215,3,female,26.0,0,1,47.83,S,2.0,0,1
2216,2,male,32.0,2,0,46.5,S,3.0,0,0
2217,3,male,36.0,1,0,26.81,S,2.0,0,0
2218,2,male,36.0,0,0,89.41,S,1.0,1,0
2219,3,male,20.0,1,0,15.45,S,2.0,0,0
2220,1,male,15.0,1,2,216.56,S,4.0,0,1
2221,3,male,62.375,1,2,15.54,S,4.0,0,0
2222,3,female,24.0,0,0,6.13,S,1.0,1,1
2223,1,female,39.0,0,0,243.31124999999997,S,1.0,1,1
2224,1,female,9.0,0,1,243.31124999999997,C,2.0,0,1
2225,1,male,26.0,0,0,182.49,S,1.0,1,1
2226,2,male,28.0,1,0,55.4,S,2.0,0,1
2227,2,male,36.0,1,0,42.46,C,2.0,0,1
2228,3,female,1.0,3,0,46.41,S,4.0,0,1
2229,2,male,32.0,0,0,87.89,S,1.0,1,1
2230,2,male,15.0,0,0,51.34,C,1.0,1,1
2231,3,female,34.0,1,0,59.16,S,2.0,0,0
2232,1,male,17.0,0,0,243.31124999999997,C,1.0,1,1
2233,3,female,19.0,0,0,45.9,C,1.0,1,1
2234,3,male,26.0,0,0,15.58,S,1.0,1,0
2235,3,female,16.0,0,0,51.06,S,1.0,1,0
2236,3,male,24.0,1,1,56.98,S,3.0,0,0
2237,3,male,14.0,0,0,18.0,S,1.0,1,0
2238,1,male,6.0,1,0,243.31124999999997,C,2.0,0,1
2239,1,male,43.0,2,2,160.34,S,5.0,0,1
2240,1,male,13.0,0,0,243.31124999999997,S,1.0,1,1
2241,3,male,28.0,3,1,31.13,S,5.0,0,0
2242,1,male,40.0,0,0,107.95,S,1.0,1,1
2243,3,female,22.0,3,0,14.52,S,4.0,0,1
2244,3,male,19.0,0,0,8.39,S,1.0,1,0
2245,3,female,33.0,1,0,35.81,C,2.0,0,0
2246,3,female,45.0,0,0,39.39,S,1.0,1,1
2247,1,male,15.0,1,0,159.07,S,2.0,0,1
2248,3,male,28.0,1,2,34.82,S,4.0,0,0
2249,3,female,7.0,0,0,19.33,S,1.0,1,1
2250,1,male,25.0,2,0,243.31124999999997,S,3.0,0,1
2251,1,male,30.0,0,0,204.33,S,1.0,1,0
2252,3,male,19.0,0,1,31.34,S,2.0,0,0
2253,3,female,24.0,1,1,45.55,S,3.0,0,1
2254,3,male,12.0,1,1,5.81,S,3.0,0,0
2255,3,female,31.0,0,0,31.85,C,1.0,1,0
2256,3,male,44.0,0,0,22.91,S,1.0,1,0
2257,3,female,16.0,3,0,6.67,C,4.0,0,1
2258,2,female,22.0,1,0,111.9,S,2.0,0,1
2259,2,male,37.0,0,1,43.26,C,2.0,0,1
2260,2,male,46.0,0,2,43.46,S,3.0,0,0
2261,3,female,11.0,4,0,49.32,S,5.0,0,1
2262,3,female,28.0,1,0,29.58,C,2.0,0,1
2263,3,male,34.0,2,0,5.19,C,3.0,0,0
2264,2,female,29.0,0,0,54.31,Q,1.0,1,1
2265,3,male,1.0,1,0,19.06,S,2.0,0,0
2266,3,female,37.0,1,0,50.68,S,2.0,0,1
2267,3,female,50.0,0,2,49.9,S,3.0,0,0
2268,3,male,32.0,0,0,13.93,S,1.0,1,0
2269,1,male,17.0,1,3,243.31124999999997,Q,5.0,0,1
2270,3,female,23.0,0,0,7.21,S,1.0,1,0
2271,1,female,53.0,2,0,243.31124999999997,S,3.0,0,1
2272,2,male,42.0,2,0,105.05,S,3.0,0,0
2273,2,male,38.0,2,0,53.65,S,3.0,0,1
2274,3,female,35.0,1,0,11.44,S,2.0,0,0
2275,3,male,21.0,0,0,32.89,S,1.0,1,0
2276,3,male,27.0,0,0,34.53,S,1.0,1,0
2277,3,female,29.0,2,3,42.17,S,6.0,0,1
2278,3,female,37.0,0,0,46.75,S,1.0,1,1
2279,3,male,50.0,0,1,43.27,S,2.0,0,0
2280,1,male,45.0,0,0,232.69,C,1.0,1,1
2281,2,male,12.0,0,0,102.12,S,1.0,1,1
2282,2,female,33.0,1,0,59.15,S,2.0,0,1
2283,2,female,40.0,0,2,74.31,S,3.0,0,1
2284,1,male,38.0,0,0,237.57,C,1.0,1,1
2285,1,female,22.0,3,0,243.31124999999997,S,4.0,0,1
2286,2,male,62.375,1,0,96.14,Q,2.0,0,0
2287,3,male,13.0,1,0,47.3,S,2.0,0,0
2288,2,female,16.0,1,1,96.75,S,3.0,0,1
2289,2,male,33.0,2,0,64.7,S,3.0,0,0
2290,1,male,58.0,1,0,243.31124999999997,S,2.0,0,1
2291,3,male,19.0,0,1,33.96,S,2.0,0,0
2292,2,female,27.0,3,0,115.56,S,4.0,0,1
2293,1,female,44.0,0,0,243.31124999999997,S,1.0,1,1
2294,3,male,30.0,3,0,48.69,S,4.0,0,0
2295,1,female,26.0,0,1,243.31124999999997,S,2.0,0,1
2296,1,male,37.0,0,2,243.31124999999997,C,3.0,0,1
2297,1,female,34.0,0,0,225.94,S,1.0,1,1
2298,1,male,43.0,0,1,177.22,S,2.0,0,1
2299,1,female,47.0,1,0,201.36,S,2.0,0,1
2300,2,male,34.0,4,0,65.9,S,5.0,0,1
2301,3,female,34.0,4,0,47.92,C,5.0,0,0
2302,3,male,33.0,3,0,12.99,S,4.0,0,0
2303,3,female,36.0,0,0,38.09,S,1.0,1,0
2304,2,male,31.0,4,1,84.87,S,6.0,0,0
2305,3,female,30.0,0,1,36.25,S,2.0,0,1
2306,2,male,46.0,2,3,48.01,C,6.0,0,1
2307,1,male,50.0,0,0,243.31124999999997,S,1.0,1,1
2308,3,female,10.0,0,0,17.97,Q,1.0,1,1
2309,1,male,30.0,3,0,229.13,Q,4.0,0,1
2310,2,female,21.0,3,0,81.15,C,4.0,0,1
2311,3,male,26.0,1,1,47.84,S,3.0,0,0
2312,3,male,35.0,1,0,33.97,S,2.0,0,0
2313,2,female,39.0,0,2,86.94,S,3.0,0,1
2314,3,female,29.0,1,3,59.85,Q,5.0,0,1
2315,3,female,5.0,1,0,41.49,S,2.0,0,1
2316,1,male,17.0,0,0,243.31124999999997,C,1.0,1,0
2317,2,female,42.0,0,0,100.06,Q,1.0,1,1
2318,2,male,1.0,0,0,107.42,C,1.0,1,1
2319,2,male,45.0,1,0,48.46,S,2.0,0,0
2320,2,male,37.0,0,0,55.85,S,1.0,1,1
2321,3,female,47.0,0,0,49.3,S,1.0,1,1
2322,3,male,27.0,0,1,19.4,S,2.0,0,0
2323,3,male,3.0,0,0,28.08,Q,1.0,1,0
2324,2,male,36.0,1,0,119.18,Q,2.0,0,1
2325,3,female,47.0,1,0,54.93,S,2.0,0,0
2326,3,female,42.0,0,2,12.62,S,3.0,0,1
2327,3,female,21.0,0,1,18.03,S,2.0,0,0
2328,1,male,31.0,0,0,118.19,S,1.0,1,1
2329,3,female,23.0,2,1,7.17,S,4.0,0,1
2330,1,male,19.0,0,1,243.31124999999997,S,2.0,0,1
2331,2,female,42.0,0,2,101.67,Q,3.0,0,1
2332,1,male,14.0,1,0,243.31124999999997,Q,2.0,0,1
2333,3,male,18.0,0,1,30.75,S,2.0,0,0
2334,3,male,16.0,2,0,52.02,S,3.0,0,0
2335,1,female,11.0,0,2,243.31124999999997,S,3.0,0,1
2336,2,female,32.0,1,0,108.91,C,2.0,0,1
2337,2,female,45.0,0,2,46.92,S,3.0,0,1
2338,2,female,28.0,0,2,81.42,S,3.0,0,1
2339,1,male,10.0,0,0,144.59,S,1.0,1,1
2340,2,male,41.0,1,2,111.59,S,4.0,0,0
2341,3,male,52.0,3,0,55.44,C,4.0,0,0
2342,1,male,22.0,0,0,243.31124999999997,Q,1.0,1,1
2343,1,male,24.0,2,0,243.31124999999997,S,3.0,0,1
2344,2,male,37.0,1,3,98.92,C,5.0,0,1
2345,3,male,51.0,3,0,56.03,S,4.0,0,0
2346,3,female,23.0,1,0,26.88,S,2.0,0,1
2347,3,male,13.0,0,1,29.73,C,2.0,0,0
2348,2,male,38.0,1,2,87.11,S,4.0,0,0
2349,3,male,40.0,0,1,33.21,S,2.0,0,0
2350,1,male,30.0,0,0,243.31124999999997,C,1.0,1,1
2351,3,female,23.0,0,0,29.08,S,1.0,1,1
2352,3,female,43.0,3,0,39.68,S,4.0,0,1
2353,3,male,37.0,3,0,44.56,S,4.0,0,0
2354,3,male,20.0,1,0,40.49,S,2.0,0,0
2355,3,female,31.0,4,0,11.55,S,5.0,0,1
2356,1,male,12.0,1,2,243.31124999999997,S,4.0,0,1
2357,3,male,39.0,0,0,45.35,S,1.0,1,0
2358,1,male,27.0,0,0,221.13,Q,1.0,1,1
2359,3,female,24.0,0,0,7.6,C,1.0,1,0
2360,1,male,30.0,0,0,190.49,S,1.0,1,1
2361,1,male,31.0,0,0,188.3,C,1.0,1,1
2362,2,male,42.0,0,0,43.61,S,1.0,1,0
2363,2,male,38.0,2,2,46.67,C,5.0,0,0
2364,2,male,28.0,2,0,46.13,C,3.0,0,0
2365,3,male,40.0,1,0,58.6,S,2.0,0,0
2366,1,female,35.0,3,1,153.27,S,5.0,0,1
2367,1,male,24.0,0,1,187.9,C,2.0,0,1
2368,3,male,28.0,2,1,50.51,S,4.0,0,0
2369,2,female,28.0,0,2,67.68,S,3.0,0,1
2370,3,male,37.0,0,1,27.79,S,2.0,0,0
2371,3,male,25.0,2,0,34.03,S,3.0,0,0
2372,3,male,25.0,0,1,32.75,S,2.0,0,0
2373,3,female,56.0,0,0,55.65,S,1.0,1,1
2374,2,male,42.0,0,0,119.98,S,1.0,1,1
2375,3,female,20.0,1,0,8.11,S,2.0,0,1
2376,2,female,37.0,4,0,93.97,S,5.0,0,1
2377,2,male,32.0,0,0,115.92,Q,1.0,1,1
2378,3,male,35.0,2,0,25.85,Q,3.0,0,0
2379,2,male,32.0,0,0,98.75,S,1.0,1,0
2380,3,female,45.0,0,2,58.67,C,3.0,0,1
2381,3,male,34.0,0,2,34.44,Q,3.0,0,0
2382,3,female,29.0,1,0,29.63,Q,2.0,0,0
2383,3,male,44.0,0,1,37.1,C,2.0,0,0
2384,2,male,33.0,0,0,60.59,C,1.0,1,0
2385,2,male,32.0,0,2,62.65,S,3.0,0,1
2386,3,female,34.0,0,0,14.29,S,1.0,1,1
2387,2,female,29.0,1,0,66.18,S,2.0,0,1
2388,3,male,30.0,0,0,51.26,S,1.0,1,0
2389,3,female,22.0,0,0,42.99,Q,1.0,1,1
2390,3,male,20.0,0,0,41.15,S,1.0,1,0
2391,2,male,17.0,0,0,69.29,Q,1.0,1,0
2392,1,female,12.0,1,0,213.39,C,2.0,0,1
2393,2,male,19.0,0,0,64.95,S,1.0,1,1
2394,1,male,28.0,0,0,154.15,S,1.0,1,1
2395,3,female,31.0,0,3,19.15,S,4.0,0,1
2396,2,female,26.0,0,0,96.05,S,1.0,1,1
2397,1,female,1.0,2,0,183.28,C,3.0,0,1
2398,1,male,50.0,1,1,145.15,Q,3.0,0,1
2399,3,male,44.0,1,1,29.79,S,3.0,0,0
2400,3,female,36.0,0,0,50.43,S,1.0,1,1
2401,2,female,55.0,1,1,92.34,S,3.0,0,1
2402,1,male,17.0,2,0,111.59,S,3.0,0,0
2403,2,male,55.0,0,0,88.54,C,1.0,1,1
2404,2,male,17.0,1,0,80.35,S,2.0,0,1
2405,3,female,33.0,1,0,43.87,S,2.0,0,1
2406,3,female,13.0,0,0,16.41,S,1.0,1,1
2407,2,male,30.0,0,0,53.65,S,1.0,1,0
2408,1,male,35.0,1,0,243.31124999999997,S,2.0,0,1
2409,3,female,28.0,0,1,48.69,S,2.0,0,0
2410,2,male,39.0,1,0,93.82,S,2.0,0,0
2411,3,male,31.0,1,0,32.11,S,2.0,0,0
2412,1,male,23.0,2,0,243.31124999999997,S,3.0,0,1
2413,2,female,23.0,0,1,118.57,S,2.0,0,1
2414,1,male,41.0,0,0,243.31124999999997,Q,1.0,1,1
2415,3,male,22.0,0,1,22.48,C,2.0,0,1
2416,3,male,42.0,1,1,36.21,S,3.0,0,0
2417,2,female,46.0,2,0,43.68,C,3.0,0,1
2418,1,female,8.0,1,2,155.94,C,4.0,0,1
2419,1,female,45.0,0,0,239.35,S,1.0,1,1
2420,2,male,57.0,3,0,47.08,C,4.0,0,0
2421,1,female,33.0,4,0,243.31124999999997,S,5.0,0,1
2422,1,male,38.0,0,0,243.31124999999997,C,1.0,1,1
2423,3,male,43.0,0,0,22.29,S,1.0,1,0
2424,2,male,26.0,1,0,79.46,Q,2.0,0,0
2425,2,male,32.0,1,0,45.72,S,2.0,0,0
2426,3,female,13.0,3,1,32.29,S,5.0,0,1
2427,1,female,32.0,0,0,243.31124999999997,S,1.0,1,1
2428,3,female,36.0,0,1,43.57,S,2.0,0,1
2429,2,male,37.0,1,0,79.04,S,2.0,0,0
2430,3,male,44.0,2,0,48.13,S,3.0,0,0
2431,3,female,20.0,2,1,51.61,S,4.0,0,1
2432,3,male,23.0,4,0,37.91,S,5.0,0,0
2433,3,female,55.0,0,0,56.02,S,1.0,1,1
2434,2,female,28.0,2,0,98.83,S,3.0,0,1
2435,3,female,33.0,0,0,37.75,S,1.0,1,1
2436,2,male,29.0,0,0,89.34,S,1.0,1,0
2437,2,female,19.0,0,0,62.37,S,1.0,1,1
2438,2,female,51.0,1,1,92.56,S,3.0,0,1
2439,3,female,23.0,4,0,24.59,S,5.0,0,0
2440,1,female,15.0,0,0,243.31124999999997,S,1.0,1,1
2441,3,male,24.0,0,0,11.75,S,1.0,1,0
2442,3,female,4.0,1,0,31.04,S,2.0,0,1
2443,3,female,22.0,1,0,34.56,S,2.0,0,1
2444,3,male,17.0,3,0,35.51,S,4.0,0,0
2445,2,female,38.0,0,0,83.25,S,1.0,1,0
2446,2,male,21.0,0,1,110.16,C,2.0,0,1
2447,2,male,42.0,0,0,106.31,C,1.0,1,1
2448,1,female,48.0,0,2,243.31124999999997,Q,3.0,0,1
2449,1,male,40.0,0,0,169.98,S,1.0,1,1
2450,2,female,27.0,0,0,85.28,S,1.0,1,1
2451,2,male,32.0,0,1,68.42,Q,2.0,0,0
2452,3,male,10.0,0,1,40.04,S,2.0,0,0
2453,3,female,28.0,3,0,44.28,S,4.0,0,1
2454,2,male,19.0,0,1,91.59,S,2.0,0,0
2455,3,male,39.0,0,2,49.67,S,3.0,0,0
2456,1,male,62.375,2,1,243.31124999999997,S,4.0,0,1
2457,2,male,36.0,1,0,48.74,C,2.0,0,1
2458,3,male,4.0,1,1,38.75,Q,3.0,0,0
2459,2,female,25.0,1,1,90.44,S,3.0,0,1
2460,2,female,32.0,2,0,72.65,C,3.0,0,1
2461,3,male,31.0,2,1,14.2,S,4.0,0,0
2462,3,female,20.0,1,2,42.66,S,4.0,0,0
2463,3,male,33.0,2,0,23.47,S,3.0,0,0
2464,3,female,14.0,0,0,29.86,S,1.0,1,1
2465,3,female,18.0,0,0,23.32,S,1.0,1,1
2466,1,male,38.0,2,0,225.83,S,3.0,0,0
2467,2,male,17.0,0,0,72.67,S,1.0,1,0
2468,1,male,37.0,2,0,111.21,S,3.0,0,1
2469,2,male,12.0,0,0,42.96,Q,1.0,1,1
2470,3,female,53.0,0,1,22.78,C,2.0,0,1
2471,1,male,20.0,3,1,230.06,S,5.0,0,1
2472,3,female,27.0,0,0,42.88,S,1.0,1,1
2473,3,male,34.0,3,2,24.07,Q,6.0,0,0
2474,3,male,23.0,3,0,27.79,C,4.0,0,0
2475,3,male,32.0,2,1,35.96,S,4.0,0,0
2476,3,male,37.0,0,1,21.17,S,2.0,0,0
2477,1,male,42.0,1,0,243.31124999999997,S,2.0,0,1
2478,3,female,40.0,2,0,12.72,S,3.0,0,1
2479,1,male,28.0,1,0,243.31124999999997,C,2.0,0,1
2480,3,male,28.0,1,1,7.66,S,3.0,0,0
2481,2,female,61.0,4,1,91.85,Q,6.0,0,1
2482,3,female,42.0,1,0,14.68,S,2.0,0,1
2483,3,male,18.0,4,0,25.76,S,5.0,0,0
2484,1,male,31.0,0,0,183.81,S,1.0,1,1
2485,2,male,26.0,0,0,74.75,S,1.0,1,0
2486,3,male,28.0,0,3,51.77,S,4.0,0,0
2487,2,male,14.0,0,0,56.41,S,1.0,1,1
2488,3,male,25.0,1,2,34.84,Q,4.0,0,0
2489,3,male,54.0,0,1,41.8,S,2.0,0,0
2490,2,male,38.0,4,2,69.71,S,6.0,0,0
2491,2,female,1.0,0,0,65.42,S,1.0,1,1
2492,1,male,46.0,0,0,191.26,S,1.0,1,1
2493,3,female,44.0,0,0,10.4,S,1.0,1,1
2494,2,male,25.0,0,1,85.8,S,2.0,0,1
2495,3,male,39.0,0,0,34.26,S,1.0,1,0
2496,2,female,19.0,0,0,102.7,C,1.0,1,1
2497,3,female,24.0,1,1,56.43,S,3.0,0,1
2498,3,male,49.0,0,0,51.98,S,1.0,1,0
2499,3,female,26.0,0,0,58.44,S,1.0,1,0
2500,2,male,6.0,1,0,103.34,S,2.0,0,1
2501,3,male,29.0,0,0,51.83,S,1.0,1,0
2502,3,male,29.0,0,0,49.21,S,1.0,1,0
2503,3,female,46.0,0,0,54.62,S,1.0,1,1
2504,3,female,30.0,0,1,34.04,S,2.0,0,0
2505,1,male,25.0,1,1,243.31124999999997,Q,3.0,0,1
2506,1,male,44.0,0,0,132.38,S,1.0,1,1
2507,3,male,32.0,2,1,9.17,S,4.0,0,0
2508,2,female,20.0,2,0,95.52,S,3.0,0,1
2509,3,male,45.0,0,0,55.31,S,1.0,1,0
2510,3,male,33.0,4,1,8.36,S,6.0,0,0
2511,1,male,30.0,0,1,211.01,S,2.0,0,1
2512,3,male,32.0,0,0,56.17,C,1.0,1,0
2513,2,female,16.0,0,0,86.91,S,1.0,1,1
2514,3,female,23.0,0,1,52.84,S,2.0,0,1
2515,3,male,30.0,1,0,48.41,S,2.0,0,0
2516,3,male,27.0,0,1,7.22,S,2.0,0,1
2517,1,female,47.0,2,0,243.31124999999997,S,3.0,0,1
2518,2,female,33.0,1,2,91.63,Q,4.0,0,1
2519,3,male,41.0,0,0,59.84,C,1.0,1,0
2520,3,female,30.0,1,0,53.34,Q,2.0,0,1
2521,3,female,44.0,3,0,22.05,S,4.0,0,1
2522,1,male,35.0,0,0,149.24,S,1.0,1,1
2523,2,male,30.0,0,1,55.57,C,2.0,0,0
2524,2,male,30.0,0,0,83.87,C,1.0,1,0
2525,3,female,18.0,0,0,23.76,S,1.0,1,0
2526,2,male,37.0,0,0,106.37,Q,1.0,1,1
2527,1,male,29.0,0,0,243.31124999999997,Q,1.0,1,1
2528,3,male,23.0,1,0,30.19,S,2.0,0,0
2529,1,male,44.0,1,0,168.93,S,2.0,0,1
2530,3,female,14.0,0,0,48.45,S,1.0,1,1
2531,3,female,25.0,0,0,37.19,C,1.0,1,1
2532,3,female,43.0,0,3,31.92,S,4.0,0,1
2533,2,female,34.0,0,1,43.46,S,2.0,0,1
2534,1,male,29.0,0,2,237.19,S,3.0,0,1
2535,3,male,33.0,3,0,40.66,S,4.0,0,0
2536,3,male,32.0,0,0,52.71,S,1.0,1,0
2537,3,male,10.0,0,0,38.74,S,1.0,1,0
2538,1,female,25.0,0,0,243.31124999999997,S,1.0,1,1
2539,3,male,51.0,2,0,38.76,C,3.0,0,0
2540,3,male,21.0,1,0,34.21,S,2.0,0,0
2541,3,female,26.0,0,0,14.46,S,1.0,1,1
2542,3,female,23.0,0,1,23.46,S,2.0,0,1
2543,3,male,29.0,0,2,43.12,S,3.0,0,0
2544,3,male,22.0,0,1,28.4,C,2.0,0,0
2545,1,female,36.0,4,0,189.77,S,5.0,0,1
2546,2,female,33.0,1,0,112.68,S,2.0,0,1
2547,1,male,40.0,1,0,196.01,S,2.0,0,1
2548,2,female,16.0,0,0,95.79,S,1.0,1,1
2549,2,male,26.0,0,0,109.86,C,1.0,1,1
2550,1,male,27.0,1,0,168.53,S,2.0,0,1
2551,2,male,36.0,0,0,106.43,S,1.0,1,0
2552,1,male,20.0,4,1,243.31124999999997,C,6.0,0,1
2553,3,male,42.0,0,1,23.38,S,2.0,0,0
2554,3,male,45.0,0,0,26.53,S,1.0,1,0
2555,1,male,17.0,1,0,236.72,S,2.0,0,1
2556,3,male,24.0,0,2,41.98,Q,3.0,0,0
2557,3,female,23.0,0,0,29.95,C,1.0,1,1
2558,2,male,62.375,0,0,94.97,S,1.0,1,1
2559,1,male,24.0,1,0,224.81,S,2.0,0,1
2560,3,male,52.0,0,0,15.43,S,1.0,1,0
2561,3,male,14.0,0,0,20.24,S,1.0,1,0
2562,3,male,17.0,1,1,9.36,C,3.0,0,0
2563,1,female,21.0,0,0,138.16,S,1.0,1,1
2564,1,male,19.0,3,0,204.9,S,4.0,0,1
2565,2,male,27.0,0,0,118.85,S,1.0,1,1
2566,2,male,21.0,1,1,44.41,S,3.0,0,1
2567,1,male,19.0,0,0,243.31124999999997,S,1.0,1,1
2568,2,female,45.0,1,0,63.82,S,2.0,0,1
2569,3,male,46.0,1,0,32.05,S,2.0,0,1
2570,3,female,42.0,2,0,18.26,S,3.0,0,1
2571,2,female,37.0,0,0,69.44,S,1.0,1,0
2572,3,male,31.0,0,0,45.49,S,1.0,1,0
2573,2,female,24.0,1,1,73.87,S,3.0,0,1
2574,2,male,18.0,0,2,108.38,S,3.0,0,1
2575,1,female,35.0,0,0,243.31124999999997,S,1.0,1,1
2576,3,female,15.0,3,0,56.36,C,4.0,0,1
2577,3,male,17.0,0,0,51.46,S,1.0,1,0
2578,3,male,45.0,4,1,12.73,C,6.0,0,0
2579,2,male,55.0,0,0,60.79,C,1.0,1,0
2580,3,male,35.0,1,1,34.47,S,3.0,0,0
2581,1,male,44.0,0,1,124.36,Q,2.0,0,1
2582,3,male,27.0,0,2,20.58,C,3.0,0,0
2583,3,female,13.0,4,2,9.8,Q,6.0,0,1
2584,2,female,38.0,0,1,70.92,S,2.0,0,1
2585,3,male,37.0,2,0,50.66,S,3.0,0,0
2586,3,male,31.0,1,0,11.26,S,2.0,0,0
2587,1,male,27.0,0,0,243.31124999999997,S,1.0,1,1
2588,3,male,43.0,2,0,42.56,Q,3.0,0,0
2589,1,male,17.0,0,0,243.31124999999997,S,1.0,1,1
2590,3,female,20.0,1,0,52.92,S,2.0,0,1
2591,3,female,17.0,0,0,37.89,Q,1.0,1,1
2592,3,male,31.0,2,0,51.68,Q,3.0,0,0
2593,3,male,16.0,1,0,30.81,S,2.0,0,0
2594,3,male,21.0,0,0,32.54,C,1.0,1,0
2595,1,female,21.0,1,0,243.31124999999997,S,2.0,0,1
2596,3,male,27.0,0,0,26.32,S,1.0,1,0
2597,2,female,11.0,0,1,116.61,Q,2.0,0,1
2598,2,female,31.0,0,0,112.36,C,1.0,1,1
2599,2,male,46.0,0,0,52.09,S,1.0,1,0
2600,1,female,32.0,0,0,243.31124999999997,S,1.0,1,1
2601,3,male,50.0,0,0,5.38,S,1.0,1,0
2602,1,female,47.0,0,0,243.31124999999997,S,1.0,1,1
2603,3,male,40.0,0,3,25.04,S,4.0,0,0
2604,2,male,31.0,0,0,50.73,S,1.0,1,0
2605,1,female,30.0,1,0,243.31124999999997,S,2.0,0,1
2606,3,male,40.0,1,0,57.0,S,2.0,0,0
2607,1,female,25.0,0,0,107.17,C,1.0,1,1
2608,2,male,6.0,2,1,115.82,S,4.0,0,1
2609,3,female,36.0,1,0,26.53,C,2.0,0,1
2610,1,female,15.0,1,3,243.31124999999997,S,5.0,0,1
2611,3,female,17.0,0,0,54.88,S,1.0,1,1
2612,1,female,30.0,0,1,243.31124999999997,S,2.0,0,1
2613,1,male,29.0,2,0,216.9,C,3.0,0,1
2614,3,male,12.0,2,0,50.24,C,3.0,0,0
2615,2,female,32.0,0,1,64.29,S,2.0,0,1
2616,1,male,43.0,0,0,102.02,S,1.0,1,1
2617,2,female,15.0,1,0,80.2,S,2.0,0,1
2618,2,male,47.0,1,0,94.6,S,2.0,0,0
2619,3,male,10.0,2,0,5.19,S,3.0,0,0
2620,2,male,58.0,0,0,116.08,S,1.0,1,1
2621,3,male,25.0,0,0,56.17,S,1.0,1,0
2622,3,male,32.0,0,0,21.87,S,1.0,1,0
2623,2,female,5.0,0,0,66.76,S,1.0,1,1
2624,3,male,29.0,0,0,45.15,S,1.0,1,0
2625,2,male,33.0,2,0,96.71,S,3.0,0,1
2626,3,male,29.0,0,2,30.97,S,3.0,0,0
2627,1,male,23.0,2,0,243.31124999999997,Q,3.0,0,1
2628,3,male,18.0,0,2,16.15,S,3.0,0,0
2629,2,male,45.0,0,0,100.06,S,1.0,1,0
2630,2,male,30.0,0,0,65.68,S,1.0,1,0
2631,3,male,50.0,0,0,25.25,S,1.0,1,1
2632,3,male,23.0,1,0,49.38,S,2.0,0,0
2633,1,female,24.0,0,1,150.26,S,2.0,0,1
2634,1,male,41.0,0,0,120.34,C,1.0,1,0
2635,3,male,9.0,0,0,56.15,C,1.0,1,0
2636,3,female,14.0,0,2,10.21,C,3.0,0,1
2637,3,female,44.0,1,3,5.22,S,5.0,0,0
2638,3,male,15.0,0,0,26.4,S,1.0,1,0
2639,3,female,6.0,1,0,10.71,S,2.0,0,1
2640,3,female,54.0,1,0,52.47,S,2.0,0,1
2641,2,male,12.0,0,0,97.36,S,1.0,1,1
2642,1,female,32.0,0,0,106.98,C,1.0,1,1
2643,3,male,31.0,1,0,28.4,S,2.0,0,0
2644,3,female,1.0,1,1,34.65,S,3.0,0,1
2645,1,female,27.0,0,0,118.35,S,1.0,1,1
2646,2,male,36.0,0,0,42.84,S,1.0,1,1
2647,3,male,35.0,0,2,10.55,S,3.0,0,0
2648,3,female,42.0,0,0,29.55,S,1.0,1,1
2649,2,female,25.0,0,0,108.87,S,1.0,1,1
2650,2,male,39.0,0,1,107.48,C,2.0,0,0
2651,1,female,21.0,0,0,152.07,S,1.0,1,1
2652,2,female,12.0,0,0,101.51,S,1.0,1,1
2653,2,female,13.0,0,0,107.44,S,1.0,1,1
2654,1,male,11.0,2,0,180.65,Q,3.0,0,1
2655,3,male,43.0,0,1,57.08,S,2.0,0,0
2656,2,male,10.0,3,0,59.4,Q,4.0,0,0
2657,3,male,34.0,0,0,7.13,S,1.0,1,0
2658,3,male,27.0,1,0,38.24,Q,2.0,0,0
2659,1,male,29.0,0,2,243.31124999999997,S,3.0,0,1
2660,3,male,48.0,1,0,21.23,S,2.0,0,0
2661,2,female,24.0,0,0,96.47,S,1.0,1,1
2662,3,male,38.0,0,2,21.02,Q,3.0,0,0
2663,1,male,30.0,3,2,243.31124999999997,C,6.0,0,0
2664,3,male,28.0,0,0,31.63,S,1.0,1,0
2665,3,female,60.0,3,0,22.77,S,4.0,0,1
2666,2,female,11.0,0,0,40.77,S,1.0,1,1
2667,1,male,47.0,0,0,234.87,S,1.0,1,1
2668,3,male,39.0,0,0,27.56,S,1.0,1,0
2669,3,male,24.0,1,0,39.42,S,2.0,0,1
2670,2,female,51.0,0,0,85.32,S,1.0,1,1
2671,3,male,6.0,3,0,46.62,C,4.0,0,0
2672,2,male,23.0,0,2,43.72,S,3.0,0,1
2673,3,male,14.0,1,0,31.07,S,2.0,0,0
2674,1,male,35.0,0,0,243.31124999999997,S,1.0,1,1
2675,3,male,16.0,0,3,36.86,S,4.0,0,0
2676,2,male,36.0,0,0,78.84,S,1.0,1,0
2677,2,male,28.0,0,0,117.49,S,1.0,1,0
2678,1,male,24.0,0,0,151.7,Q,1.0,1,1
2679,1,female,35.0,0,0,185.33,S,1.0,1,1
2680,3,female,27.0,0,0,6.36,S,1.0,1,0
2681,2,male,16.0,0,0,40.24,S,1.0,1,1
2682,3,male,62.375,0,0,58.07,S,1.0,1,0
2683,1,male,24.0,0,0,144.36,S,1.0,1,1
2684,2,male,1.0,0,0,115.0,S,1.0,1,1
2685,2,female,19.0,4,0,87.54,S,5.0,0,1
2686,1,male,14.0,3,0,243.31124999999997,C,4.0,0,1
2687,1,male,41.0,0,0,243.31124999999997,C,1.0,1,1
2688,2,female,34.0,4,2,116.29,S,6.0,0,1
2689,2,female,35.0,1,0,66.21,S,2.0,0,1
2690,2,male,25.0,0,0,51.95,S,1.0,1,0
2691,3,female,26.0,0,1,11.73,S,2.0,0,1
2692,3,male,25.0,2,0,41.95,S,3.0,0,0
2693,1,female,29.0,1,1,214.17,S,3.0,0,1
2694,2,male,41.0,2,1,101.18,S,4.0,0,1
2695,3,male,34.0,2,0,10.15,S,3.0,0,0
2696,3,male,37.0,0,1,37.4,C,2.0,0,0
2697,3,male,36.0,0,0,22.49,C,1.0,1,0
2698,2,male,41.0,0,1,114.49,S,2.0,0,1
2699,3,female,34.0,0,0,49.0,S,1.0,1,0
2700,3,female,35.0,0,0,59.92,S,1.0,1,1
2701,3,male,45.0,0,2,19.16,Q,3.0,0,0
2702,3,male,21.0,0,0,8.4,C,1.0,1,0
2703,1,male,19.0,0,2,243.31124999999997,C,3.0,0,1
2704,1,female,15.0,0,0,243.31124999999997,S,1.0,1,1
2705,3,female,32.0,0,0,14.82,S,1.0,1,1
2706,3,female,6.0,0,0,37.85,S,1.0,1,1
2707,1,male,36.0,0,0,243.31124999999997,C,1.0,1,1
2708,2,male,29.0,1,0,54.14,C,2.0,0,1
2709,1,male,45.0,3,0,129.44,S,4.0,0,1
2710,2,male,21.0,0,0,52.5,S,1.0,1,0
2711,3,female,27.0,0,1,19.74,C,2.0,0,1
2712,3,female,45.0,2,0,52.96,S,3.0,0,1
2713,2,female,48.0,0,1,115.54,C,2.0,0,1
2714,2,male,21.0,1,0,73.0,S,2.0,0,0
2715,1,female,32.0,0,0,243.31124999999997,S,1.0,1,1
2716,2,male,34.0,2,0,110.82,S,3.0,0,1
2717,3,female,35.0,3,2,53.34,S,6.0,0,1
2718,3,male,27.0,1,0,20.28,S,2.0,0,0
2719,3,male,47.0,0,0,44.74,Q,1.0,1,0
2720,1,male,5.0,2,1,139.85,Q,4.0,0,1
2721,3,male,25.0,1,0,39.97,S,2.0,0,0
2722,3,male,36.0,1,1,56.05,S,3.0,0,0
2723,3,female,36.0,0,0,51.45,S,1.0,1,1
2724,2,male,48.0,1,0,61.32,S,2.0,0,0
2725,2,male,46.0,0,0,117.87,Q,1.0,1,1
2726,2,female,26.0,0,0,80.17,S,1.0,1,1
2727,1,female,47.0,0,1,140.36,S,2.0,0,1
2728,1,male,21.0,0,1,139.21,Q,2.0,0,1
2729,1,male,42.0,1,0,243.31124999999997,S,2.0,0,1
2730,2,male,54.0,1,2,103.55,C,4.0,0,1
2731,3,male,46.0,0,0,47.24,S,1.0,1,0
2732,2,female,31.0,1,0,71.18,Q,2.0,0,1
2733,1,female,26.0,3,0,243.31124999999997,C,4.0,0,1
2734,3,male,10.0,0,0,53.06,Q,1.0,1,0
2735,3,female,34.0,0,0,35.02,Q,1.0,1,0
2736,3,male,16.0,0,0,8.71,S,1.0,1,0
2737,3,male,20.0,0,0,32.94,S,1.0,1,0
2738,3,female,15.0,0,1,48.43,S,2.0,0,1
2739,3,male,24.0,0,1,34.09,C,2.0,0,0
2740,1,female,30.0,0,0,243.31124999999997,S,1.0,1,1
2741,2,male,34.0,4,0,54.94,Q,5.0,0,0
2742,1,female,22.0,1,0,118.4,S,2.0,0,1
2743,1,male,44.0,0,1,187.54,C,2.0,0,1
2744,1,female,27.0,0,0,243.31124999999997,S,1.0,1,1
2745,3,male,20.0,0,0,48.23,S,1.0,1,0
2746,3,male,33.0,0,2,9.99,S,3.0,0,0
2747,3,female,56.0,0,0,36.98,S,1.0,1,0
2748,1,male,34.0,0,0,108.03,S,1.0,1,1
2749,3,female,25.0,0,0,12.65,S,1.0,1,0
2750,3,male,10.0,0,0,16.15,S,1.0,1,1
2751,2,female,27.0,0,2,56.48,C,3.0,0,1
2752,3,male,33.0,2,0,13.88,S,3.0,0,0
2753,2,female,25.0,0,0,51.9,S,1.0,1,1
2754,2,male,8.0,0,0,94.92,Q,1.0,1,1
2755,3,female,19.0,0,0,7.67,C,1.0,1,1
2756,2,male,49.0,4,0,85.43,S,5.0,0,0
2757,2,female,49.0,2,0,89.3,C,3.0,0,1
2758,3,male,18.0,0,0,6.22,Q,1.0,1,0
2759,3,male,39.0,3,0,11.19,Q,4.0,0,0
2760,1,female,15.0,0,0,154.52,C,1.0,1,1
2761,1,male,48.0,4,0,153.53,S,5.0,0,1
2762,1,female,33.0,0,3,121.31,S,4.0,0,1
2763,3,male,42.0,0,0,17.66,S,1.0,1,0
2764,2,male,8.0,1,2,72.58,S,4.0,0,1
2765,1,male,39.0,0,0,243.31124999999997,S,1.0,1,1
2766,3,male,30.0,1,1,38.57,S,3.0,0,0
2767,3,female,41.0,0,0,10.07,S,1.0,1,1
2768,1,female,42.0,1,0,243.31124999999997,S,2.0,0,1
2769,3,female,31.0,0,0,47.53,S,1.0,1,1
2770,3,male,22.0,0,0,17.31,S,1.0,1,0
2771,1,male,40.0,2,1,196.98,C,4.0,0,1
2772,2,male,29.0,2,0,51.89,S,3.0,0,1
2773,3,female,19.0,4,0,35.14,Q,5.0,0,1
2774,2,female,18.0,1,2,55.81,S,4.0,0,1
2775,3,female,11.0,1,0,39.01,S,2.0,0,1
2776,2,female,23.0,0,0,89.91,S,1.0,1,1
2777,1,female,44.0,0,0,243.31124999999997,S,1.0,1,1
2778,1,male,32.0,0,0,243.31124999999997,S,1.0,1,0
2779,2,male,23.0,0,1,113.68,C,2.0,0,0
2780,1,male,40.0,2,0,243.31124999999997,C,3.0,0,1
2781,1,male,19.0,0,0,230.59,C,1.0,1,1
2782,3,female,31.0,3,0,52.91,S,4.0,0,0
2783,3,male,28.0,0,0,6.34,S,1.0,1,0
2784,3,female,40.0,1,0,35.65,S,2.0,0,1
2785,3,male,9.0,0,0,26.11,S,1.0,1,0
2786,1,male,19.0,0,0,231.8,S,1.0,1,1
2787,3,female,9.0,3,1,24.81,S,5.0,0,1
2788,1,male,27.0,0,0,224.17,Q,1.0,1,0
2789,3,female,46.0,0,0,6.12,S,1.0,1,1
2790,3,male,23.0,0,0,27.32,C,1.0,1,0
2791,3,male,23.0,0,2,50.72,S,3.0,0,0
2792,3,female,41.0,0,0,18.76,S,1.0,1,1
2793,3,male,44.0,1,3,7.9,C,5.0,0,1
2794,2,male,29.0,0,2,109.79,S,3.0,0,1
2795,2,male,39.0,0,1,87.26,S,2.0,0,0
2796,3,female,16.0,0,0,8.53,S,1.0,1,1
2797,1,male,48.0,1,0,170.18,S,2.0,0,1
2798,3,female,58.0,1,0,37.73,S,2.0,0,1
2799,3,female,37.0,0,2,18.75,S,3.0,0,1
2800,1,female,3.0,0,1,243.31124999999997,S,2.0,0,1
2801,3,female,23.0,0,2,50.68,C,3.0,0,1
2802,3,female,38.0,1,0,15.94,S,2.0,0,1
2803,3,male,25.0,1,0,44.56,S,2.0,0,0
2804,3,female,47.0,2,0,32.75,S,3.0,0,1
2805,3,female,38.0,0,0,54.77,C,1.0,1,0
2806,3,female,21.0,0,0,58.51,S,1.0,1,1
2807,3,male,30.0,0,0,31.67,S,1.0,1,0
2808,1,male,18.0,0,2,199.69,S,3.0,0,0
2809,2,female,28.0,0,0,95.47,C,1.0,1,1
2810,3,female,23.0,0,1,22.53,S,2.0,0,1
2811,1,female,45.0,1,1,243.31124999999997,S,3.0,0,1
2812,3,female,58.0,0,0,58.06,S,1.0,1,1
2813,3,female,11.0,2,0,28.79,S,3.0,0,1
2814,1,male,5.0,0,0,243.31124999999997,S,1.0,1,1
2815,3,female,27.0,2,0,51.07,C,3.0,0,1
2816,3,male,10.0,4,0,37.98,S,5.0,0,0
2817,2,female,31.0,2,0,79.07,S,3.0,0,1
2818,1,male,40.0,1,3,129.97,S,5.0,0,1
2819,1,male,49.0,1,0,217.83,S,2.0,0,1
2820,2,male,33.0,0,1,119.72,S,2.0,0,1
2821,3,female,27.0,0,1,56.34,S,2.0,0,1
2822,1,male,4.0,1,0,136.11,C,2.0,0,1
2823,3,male,30.0,1,0,50.98,S,2.0,0,0
2824,1,male,31.0,4,1,201.22,S,6.0,0,1
2825,2,male,38.0,0,0,47.4,S,1.0,1,0
2826,3,male,21.0,0,0,23.39,Q,1.0,1,0
2827,3,male,24.0,1,2,33.38,C,4.0,0,0
2828,1,female,11.0,4,0,136.75,C,5.0,0,1
2829,2,male,1.0,0,0,74.13,S,1.0,1,0
2830,1,female,16.0,0,0,153.03,S,1.0,1,1
2831,2,female,10.0,0,0,63.55,S,1.0,1,1
2832,3,male,34.0,0,2,58.69,S,3.0,0,0
2833,1,female,23.0,0,1,243.31124999999997,S,2.0,0,1
2834,2,male,23.0,0,0,87.77,C,1.0,1,1
2835,2,female,17.0,2,3,107.62,S,6.0,0,1
2836,3,male,1.0,0,1,29.29,S,2.0,0,0
2837,3,male,50.0,0,0,29.19,S,1.0,1,0
2838,1,male,17.0,1,0,235.26,S,2.0,0,1
2839,3,male,25.0,3,0,7.47,S,4.0,0,0
2840,2,male,11.0,4,0,98.86,S,5.0,0,1
2841,2,male,43.0,0,0,61.92,S,1.0,1,1
2842,3,male,32.0,3,0,49.11,Q,4.0,0,0
2843,3,female,19.0,0,0,43.02,Q,1.0,1,1
2844,3,male,25.0,1,1,24.4,S,3.0,0,0
2845,3,male,52.0,1,1,40.59,S,3.0,0,0
2846,2,male,29.0,0,0,116.28,S,1.0,1,0
2847,3,male,28.0,0,2,19.59,S,3.0,0,0
2848,2,male,18.0,0,0,98.13,C,1.0,1,0
2849,3,female,5.0,2,0,48.84,S,3.0,0,1
2850,2,female,28.0,0,0,45.91,S,1.0,1,1
2851,3,female,34.0,1,1,35.95,S,3.0,0,1
2852,1,male,44.0,0,2,174.99,S,3.0,0,1
2853,1,male,1.0,0,1,114.04,S,2.0,0,1
2854,3,female,15.0,4,2,17.95,S,6.0,0,1
2855,1,male,22.0,1,0,152.23,C,2.0,0,1
2856,3,male,30.0,3,1,33.97,S,5.0,0,0
2857,1,male,28.0,0,0,202.8,S,1.0,1,1
2858,1,female,28.0,0,0,187.81,Q,1.0,1,1
2859,1,female,35.0,0,0,234.38,S,1.0,1,1
2860,1,female,18.0,0,1,243.31124999999997,Q,2.0,0,1
2861,3,female,42.0,0,0,11.32,S,1.0,1,0
2862,2,female,36.0,1,0,53.68,Q,2.0,0,1
2863,3,female,26.0,0,0,21.81,S,1.0,1,0
2864,3,male,51.0,0,0,46.07,S,1.0,1,0
2865,2,female,50.0,0,0,72.37,C,1.0,1,1
2866,3,male,42.0,0,0,15.13,C,1.0,1,0
2867,3,female,1.0,1,0,37.88,S,2.0,0,1
2868,3,female,51.0,0,2,43.95,S,3.0,0,1
2869,2,female,40.0,0,1,70.25,Q,2.0,0,1
2870,2,female,56.0,0,0,63.39,S,1.0,1,1
2871,3,male,46.0,2,2,42.34,S,5.0,0,0
2872,3,female,51.0,3,0,38.6,S,4.0,0,1
2873,3,male,41.0,1,0,9.29,S,2.0,0,0
2874,2,male,48.0,0,0,71.48,S,1.0,1,0
2875,3,male,56.0,0,0,31.87,C,1.0,1,0
2876,2,male,33.0,1,0,62.88,C,2.0,0,1
2877,2,male,10.0,4,0,119.88,Q,5.0,0,1
2878,1,male,26.0,4,0,243.31124999999997,S,5.0,0,1
2879,3,male,35.0,2,0,34.88,S,3.0,0,0
2880,1,female,31.0,0,1,179.03,S,2.0,0,1
2881,2,female,14.0,3,0,107.16,S,4.0,0,1
2882,3,male,9.0,1,1,46.03,S,3.0,0,0
2883,1,male,20.0,1,0,193.36,S,2.0,0,1
2884,1,male,41.0,0,2,243.31124999999997,S,3.0,0,1
2885,1,female,51.0,0,0,108.72,S,1.0,1,1
2886,3,male,42.0,0,2,45.09,S,3.0,0,0
2887,3,female,44.0,0,1,30.38,Q,2.0,0,1
2888,2,male,29.0,0,0,67.33,C,1.0,1,0
2889,3,female,7.0,2,0,17.9,C,3.0,0,1
2890,3,male,24.0,0,0,6.42,C,1.0,1,0
2891,2,female,27.0,0,2,72.89,S,3.0,0,1
2892,3,male,24.0,0,0,22.92,C,1.0,1,0
2893,3,male,31.0,0,0,59.31,C,1.0,1,0
2894,3,male,36.0,4,0,52.77,S,5.0,0,0
2895,1,male,41.0,0,0,159.69,C,1.0,1,1
2896,3,male,26.0,0,0,32.56,S,1.0,1,0
2897,3,male,5.0,2,2,49.39,S,5.0,0,0
2898,2,male,24.0,2,0,50.7,S,3.0,0,0
2899,2,female,31.0,0,3,80.79,S,4.0,0,1
2900,1,male,46.0,1,0,174.57,S,2.0,0,1
2901,1,male,23.0,1,0,223.3,S,2.0,0,1
2902,3,female,37.0,1,0,8.99,S,2.0,0,1
2903,1,female,34.0,0,1,223.74,S,2.0,0,1
2904,2,male,31.0,4,0,75.81,Q,5.0,0,1
2905,3,female,42.0,0,0,44.49,C,1.0,1,1
2906,1,male,21.0,0,0,242.01,C,1.0,1,1
2907,3,female,23.0,0,0,13.92,S,1.0,1,0
2908,1,male,30.0,0,1,243.31124999999997,S,2.0,0,1
2909,2,male,22.0,3,0,78.8,S,4.0,0,1
2910,2,male,37.0,0,0,56.52,S,1.0,1,1
2911,1,male,21.0,0,0,243.31124999999997,S,1.0,1,1
2912,1,male,33.0,0,0,243.31124999999997,S,1.0,1,1
2913,3,male,29.0,0,0,10.71,S,1.0,1,0
2914,3,female,33.0,3,0,6.51,S,4.0,0,1
2915,1,female,24.0,0,0,243.31124999999997,S,1.0,1,1
2916,3,female,26.0,1,0,57.61,S,2.0,0,1
2917,3,male,31.0,1,0,28.23,C,2.0,0,0
2918,3,female,33.0,1,0,7.78,S,2.0,0,1
2919,2,female,30.0,1,0,92.23,C,2.0,0,1
2920,2,male,52.0,0,0,49.49,S,1.0,1,1
2921,2,male,17.0,2,0,63.34,C,3.0,0,1
2922,3,male,29.0,1,0,48.71,S,2.0,0,0
2923,3,female,10.0,1,1,40.73,S,3.0,0,1
2924,1,female,35.0,4,0,243.31124999999997,S,5.0,0,1
2925,2,male,16.0,1,0,103.91,Q,2.0,0,1
2926,3,female,26.0,2,0,20.9,S,3.0,0,1
2927,3,male,25.0,3,0,7.07,S,4.0,0,0
2928,3,male,34.0,0,1,32.96,S,2.0,0,0
2929,3,male,23.0,0,0,31.88,S,1.0,1,0
2930,2,female,22.0,0,0,91.86,S,1.0,1,1
2931,3,male,49.0,0,0,52.61,C,1.0,1,0
2932,3,male,34.0,2,1,24.5,S,4.0,0,0
2933,1,male,23.0,1,2,194.64,S,4.0,0,1
2934,3,female,27.0,1,0,30.87,S,2.0,0,1
2935,3,female,51.0,4,1,22.83,S,6.0,0,1
2936,1,female,27.0,0,0,223.17,S,1.0,1,1
2937,3,male,21.0,1,0,33.72,S,2.0,0,0
2938,3,male,21.0,0,0,55.27,S,1.0,1,0
2939,3,female,23.0,0,0,40.77,C,1.0,1,1
2940,1,male,22.0,0,0,243.31124999999997,S,1.0,1,1
2941,2,female,13.0,2,1,46.3,S,4.0,0,1
2942,3,male,15.0,0,0,25.48,C,1.0,1,0
2943,2,male,19.0,2,0,46.87,S,3.0,0,0
2944,3,female,38.0,0,0,27.39,S,1.0,1,1
2945,3,male,25.0,0,0,15.1,S,1.0,1,0
2946,1,female,27.0,0,0,191.41,S,1.0,1,1
2947,3,male,47.0,0,0,13.01,S,1.0,1,0
2948,3,male,47.0,4,0,40.9,S,5.0,0,0
2949,2,male,26.0,0,0,54.0,S,1.0,1,0
2950,3,female,22.0,4,0,27.38,C,5.0,0,1
2951,3,male,19.0,4,0,22.01,S,5.0,0,0
2952,3,female,39.0,4,0,26.01,Q,5.0,0,0
2953,3,male,27.0,0,0,32.39,C,1.0,1,0
2954,2,female,25.0,3,0,40.1,S,4.0,0,1
2955,3,male,19.0,0,0,37.09,C,1.0,1,0
2956,3,male,20.0,0,0,39.69,S,1.0,1,0
2957,3,male,34.0,0,1,51.45,S,2.0,0,0
2958,3,male,13.0,3,2,53.77,Q,6.0,0,0
2959,2,female,43.0,0,1,107.38,S,2.0,0,1
2960,3,female,23.0,0,0,9.34,S,1.0,1,0
2961,1,male,28.0,0,0,243.31124999999997,S,1.0,1,1
2962,2,female,13.0,0,0,69.75,S,1.0,1,1
2963,2,female,30.0,0,0,112.55,S,1.0,1,1
2964,3,male,26.0,2,0,33.46,S,3.0,0,0
2965,3,male,29.0,0,1,18.78,C,2.0,0,0
2966,3,female,49.0,2,0,46.6,S,3.0,0,1
2967,3,female,32.0,1,0,53.28,C,2.0,0,1
2968,3,female,20.0,4,0,41.59,S,5.0,0,1
2969,3,male,21.0,0,0,39.6,S,1.0,1,0
2970,2,male,38.0,1,0,109.32,S,2.0,0,1
2971,2,male,47.0,0,0,84.14,C,1.0,1,0
2972,1,male,34.0,0,0,243.31124999999997,C,1.0,1,0
2973,3,female,39.0,2,1,5.93,S,4.0,0,1
2974,3,male,38.0,1,0,40.27,S,2.0,0,1
2975,2,male,48.0,1,1,73.0,C,3.0,0,0
2976,1,female,5.0,1,0,112.44,S,2.0,0,1
2977,3,male,39.0,0,0,9.19,S,1.0,1,0
2978,1,male,43.0,1,0,129.11,S,2.0,0,1
2979,3,male,13.0,0,2,12.8,C,3.0,0,0
2980,3,male,18.0,0,0,25.39,S,1.0,1,0
2981,2,female,19.0,1,0,81.71,S,2.0,0,1
2982,1,female,21.0,4,0,243.31124999999997,S,5.0,0,1
2983,3,male,24.0,0,0,52.43,S,1.0,1,0
2984,3,female,33.0,0,0,34.17,S,1.0,1,1
2985,3,male,41.0,0,1,31.17,C,2.0,0,1
2986,3,male,44.0,0,0,51.66,C,1.0,1,0
2987,1,male,19.0,2,0,243.31124999999997,S,3.0,0,1
2988,3,male,19.0,2,2,36.83,S,5.0,0,0
2989,3,male,47.0,1,1,28.87,Q,3.0,0,0
2990,3,male,38.0,2,0,25.5,S,3.0,0,0
2991,1,male,31.0,0,0,243.31124999999997,S,1.0,1,1
2992,3,female,36.0,0,0,25.07,Q,1.0,1,1
2993,3,female,30.0,0,1,23.9,C,2.0,0,1
2994,2,female,37.0,2,1,66.95,S,4.0,0,1
2995,1,female,26.0,1,1,114.88,S,3.0,0,1
2996,3,female,33.0,1,0,19.1,S,2.0,0,1
2997,1,female,10.0,0,0,127.48,Q,1.0,1,1
2998,2,male,21.0,0,0,73.38,C,1.0,1,0
2999,2,male,21.0,3,0,60.77,S,4.0,0,0
3000,3,female,25.0,0,1,48.33,C,2.0,0,1
3001,3,male,18.0,1,0,51.32,C,2.0,0,0
3002,3,male,23.0,0,0,52.25,S,1.0,1,0
3003,2,female,10.0,0,1,61.3,S,2.0,0,1
3004,3,male,37.0,1,0,17.93,S,2.0,0,0
3005,3,male,29.0,0,0,30.21,C,1.0,1,0
3006,3,female,8.0,1,1,26.19,S,3.0,0,1
3007,3,male,19.0,1,2,26.0,S,4.0,0,0
3008,1,female,34.0,0,1,173.24,S,2.0,0,1
3009,3,male,23.0,1,0,27.1,S,2.0,0,0
3010,1,female,21.0,0,0,243.31124999999997,S,1.0,1,1
3011,3,male,29.0,0,0,26.03,S,1.0,1,0
3012,2,male,34.0,1,1,65.1,S,3.0,0,0
3013,2,male,11.0,0,0,93.53,S,1.0,1,1
3014,2,female,37.0,0,1,56.21,S,2.0,0,1
3015,3,male,20.0,2,0,38.06,S,3.0,0,0
3016,2,male,30.0,0,0,63.08,S,1.0,1,1
3017,3,male,30.0,2,1,50.8,S,4.0,0,0
3018,2,male,23.0,2,1,57.44,S,4.0,0,0
3019,1,male,17.0,0,0,183.85,S,1.0,1,1
3020,3,male,26.0,0,2,42.07,S,3.0,0,0
3021,2,male,51.0,0,3,63.58,C,4.0,0,0
3022,2,male,12.0,0,2,108.77,S,3.0,0,1
3023,3,male,52.0,2,1,17.65,S,4.0,0,0
3024,2,male,27.0,1,1,110.02,S,3.0,0,0
3025,1,female,30.0,0,0,179.02,S,1.0,1,1
3026,2,male,16.0,1,0,76.45,S,2.0,0,0
3027,3,male,20.0,4,0,39.59,S,5.0,0,0
3028,3,female,23.0,0,0,21.06,S,1.0,1,1
3029,3,male,16.0,1,0,16.87,Q,2.0,0,0
3030,3,male,27.0,1,0,44.42,S,2.0,0,0
3031,1,female,25.0,0,0,202.7,S,1.0,1,1
3032,2,male,54.0,0,2,65.33,Q,3.0,0,0
3033,3,female,15.0,1,1,38.79,S,3.0,0,1
3034,1,female,31.0,0,0,227.47,S,1.0,1,1
3035,2,male,33.0,0,0,46.36,S,1.0,1,0
3036,2,female,16.0,1,1,62.11,S,3.0,0,1
3037,2,female,39.0,1,1,64.34,S,3.0,0,1
3038,3,male,25.0,0,2,6.12,S,3.0,0,1
3039,1,female,1.0,0,3,171.38,S,4.0,0,1
3040,3,male,39.0,0,2,12.17,C,3.0,0,0
3041,1,male,15.0,0,0,168.56,S,1.0,1,1
3042,3,female,16.0,0,0,38.45,Q,1.0,1,1
3043,1,female,39.0,0,1,100.73,S,2.0,0,1
3044,2,male,25.0,0,0,85.74,S,1.0,1,0
3045,3,male,42.0,0,1,38.57,Q,2.0,0,0
3046,3,female,46.0,0,0,21.25,C,1.0,1,1
3047,2,male,22.0,0,1,66.32,C,2.0,0,0
3048,2,female,40.0,0,0,69.36,S,1.0,1,1
3049,2,male,20.0,0,0,73.64,C,1.0,1,1
3050,2,female,59.0,2,0,65.82,S,3.0,0,1
3051,1,female,21.0,0,2,100.82,C,3.0,0,1
3052,2,female,43.0,1,0,71.09,Q,2.0,0,1
3053,2,male,41.0,3,2,60.75,S,6.0,0,0
3054,2,male,34.0,0,1,112.36,S,2.0,0,1
3055,3,male,21.0,2,1,52.26,C,4.0,0,0
3056,3,male,28.0,0,1,20.08,S,2.0,0,0
3057,3,female,2.0,0,0,32.67,S,1.0,1,1
3058,1,female,33.0,0,0,243.31124999999997,S,1.0,1,1
3059,1,male,35.0,0,0,112.63,S,1.0,1,1
3060,3,male,32.0,0,1,45.97,S,2.0,0,0
3061,2,male,1.0,0,1,98.98,S,2.0,0,1
3062,1,female,14.0,1,0,105.38,S,2.0,0,1
3063,3,male,20.0,3,0,37.3,S,4.0,0,0
3064,3,female,34.0,0,0,5.74,S,1.0,1,1
3065,3,male,34.0,0,0,29.0,S,1.0,1,0
3066,2,female,28.0,0,0,80.49,C,1.0,1,1
3067,1,male,38.0,0,0,151.31,S,1.0,1,1
3068,3,female,17.0,1,0,5.21,C,2.0,0,1
3069,2,male,38.0,0,0,51.08,C,1.0,1,0
3070,3,male,36.0,0,0,33.43,S,1.0,1,0
3071,3,male,35.0,1,0,36.49,S,2.0,0,0
3072,3,male,28.0,2,0,41.64,C,3.0,0,0
3073,2,male,54.0,0,0,42.41,S,1.0,1,0
3074,2,male,36.0,0,0,87.42,S,1.0,1,1
3075,3,male,17.0,0,0,46.92,S,1.0,1,0
3076,3,female,33.0,0,0,29.68,S,1.0,1,1
3077,3,male,40.0,0,0,25.42,S,1.0,1,0
3078,1,male,22.0,0,1,182.29,S,2.0,0,1
3079,1,female,44.0,3,0,243.31124999999997,S,4.0,0,1
3080,3,male,35.0,0,0,12.58,S,1.0,1,0
3081,3,female,1.0,0,0,34.85,Q,1.0,1,1
3082,3,female,34.0,0,0,42.6,S,1.0,1,1
3083,1,female,25.0,0,1,206.27,S,2.0,0,1
3084,3,female,37.0,1,0,56.13,C,2.0,0,1
3085,3,male,42.0,0,0,33.61,S,1.0,1,0
3086,3,male,33.0,0,0,40.5,S,1.0,1,0
3087,2,male,52.0,0,0,42.16,C,1.0,1,0
3088,1,male,28.0,0,0,243.31124999999997,C,1.0,1,0
3089,3,female,38.0,0,0,11.66,S,1.0,1,1
3090,2,male,40.0,0,0,88.05,S,1.0,1,0
3091,2,male,29.0,0,0,108.74,S,1.0,1,1
3092,3,male,40.0,0,0,50.85,S,1.0,1,0
3093,2,male,22.0,0,1,48.42,S,2.0,0,0
3094,3,male,25.0,1,0,18.45,S,2.0,0,0
3095,1,male,13.0,1,0,217.06,S,2.0,0,0
3096,3,male,33.0,1,0,39.21,S,2.0,0,0
3097,3,female,34.0,2,0,28.11,S,3.0,0,1
3098,1,female,45.0,0,1,184.58,Q,2.0,0,1
3099,1,male,40.0,2,0,137.68,C,3.0,0,1
3100,2,male,26.0,0,0,103.35,C,1.0,1,0
3101,1,male,15.0,0,0,243.31124999999997,S,1.0,1,0
3102,3,male,36.0,0,1,47.78,S,2.0,0,0
3103,3,male,44.0,0,0,15.7,C,1.0,1,0
3104,2,female,40.0,4,1,89.19,S,6.0,0,1
3105,2,male,44.0,0,1,58.73,S,2.0,0,0
3106,2,male,27.0,0,0,81.93,S,1.0,1,0
3107,3,female,24.0,0,2,12.34,S,3.0,0,1
3108,1,male,20.0,0,0,243.31124999999997,Q,1.0,1,1
3109,3,male,29.0,0,1,7.03,S,2.0,0,0
3110,3,male,29.0,0,1,7.25,S,2.0,0,0
3111,3,male,33.0,0,0,41.18,S,1.0,1,0
3112,1,female,28.0,2,0,243.31124999999997,S,3.0,0,1
3113,3,male,28.0,0,2,47.76,S,3.0,0,0
3114,1,male,20.0,0,0,153.65,C,1.0,1,1
3115,1,male,42.0,1,0,236.78,S,2.0,0,1
3116,3,female,31.0,4,0,7.48,C,5.0,0,1
3117,3,male,28.0,0,1,13.68,S,2.0,0,0
3118,1,female,20.0,0,2,115.01,S,3.0,0,1
3119,1,female,13.0,4,0,243.31124999999997,C,5.0,0,1
3120,1,male,47.0,0,1,243.31124999999997,C,2.0,0,1
3121,2,female,37.0,0,0,52.43,Q,1.0,1,1
3122,1,male,9.0,0,2,207.21,S,3.0,0,1
3123,1,female,40.0,3,0,243.31124999999997,S,4.0,0,1
3124,2,male,42.0,4,0,78.13,S,5.0,0,0
3125,3,female,32.0,1,0,30.02,S,2.0,0,0
3126,3,female,51.0,0,0,52.56,S,1.0,1,1
3127,3,female,33.0,0,0,35.35,S,1.0,1,1
3128,1,male,12.0,0,1,204.67,C,2.0,0,1
3129,3,male,35.0,2,0,16.49,S,3.0,0,0
3130,3,female,33.0,2,2,46.41,S,5.0,0,1
3131,3,male,22.0,0,0,5.7,S,1.0,1,0
3132,3,male,37.0,1,1,55.28,S,3.0,0,0
3133,3,male,8.0,0,0,6.01,Q,1.0,1,0
3134,3,female,43.0,0,2,39.7,S,3.0,0,1
3135,1,male,19.0,1,0,220.25,Q,2.0,0,1
3136,3,female,17.0,0,1,36.81,Q,2.0,0,1
3137,3,male,29.0,0,2,31.09,Q,3.0,0,0
3138,3,male,36.0,0,0,51.88,C,1.0,1,0
3139,3,male,32.0,1,0,41.26,S,2.0,0,0
3140,1,female,20.0,2,1,243.31124999999997,S,4.0,0,1
3141,2,female,23.0,3,1,104.1,S,5.0,0,1
3142,3,male,15.0,1,0,7.74,S,2.0,0,0
3143,3,male,27.0,0,0,6.57,C,1.0,1,0
3144,3,female,44.0,0,0,13.1,C,1.0,1,1
3145,2,male,30.0,4,0,95.17,S,5.0,0,0
3146,2,female,41.0,0,0,70.93,S,1.0,1,1
3147,3,female,49.0,1,0,46.37,S,2.0,0,1
3148,3,male,22.0,1,0,15.55,S,2.0,0,0
3149,3,female,28.0,2,0,25.18,S,3.0,0,0
3150,2,female,58.0,0,2,76.53,S,3.0,0,1
3151,3,male,49.0,0,1,56.46,S,2.0,0,0
3152,1,male,8.0,1,2,243.31124999999997,S,4.0,0,1
3153,3,female,35.0,2,1,50.01,S,4.0,0,1
3154,2,male,30.0,1,0,107.65,S,2.0,0,1
3155,2,male,41.0,0,1,98.56,S,2.0,0,0
3156,3,female,20.0,0,2,44.28,Q,3.0,0,1
3157,3,male,19.0,1,2,57.47,S,4.0,0,0
3158,1,male,21.0,1,1,216.71,S,3.0,0,1
3159,3,male,23.0,1,0,55.69,C,2.0,0,0
3160,2,male,41.0,0,0,90.75,S,1.0,1,1
3161,2,male,15.0,3,0,54.75,S,4.0,0,1
3162,1,female,22.0,0,2,243.31124999999997,S,3.0,0,1
3163,2,male,7.0,1,0,113.28,S,2.0,0,1
3164,3,male,43.0,0,1,32.84,S,2.0,0,0
3165,1,female,47.0,0,0,176.08,S,1.0,1,1
3166,2,female,26.0,2,0,78.37,S,3.0,0,1
3167,3,female,26.0,0,0,27.69,S,1.0,1,1
3168,1,male,36.0,0,0,243.31124999999997,S,1.0,1,1
3169,3,male,49.0,0,0,33.39,S,1.0,1,0
3170,2,female,35.0,1,0,89.32,S,2.0,0,1
3171,3,male,21.0,0,0,41.39,S,1.0,1,0
3172,2,male,9.0,0,1,104.34,S,2.0,0,1
3173,1,male,16.0,3,0,180.82,S,4.0,0,1
3174,1,female,31.0,0,1,203.24,S,2.0,0,1
3175,1,male,21.0,0,0,243.31124999999997,S,1.0,1,1
3176,1,female,33.0,0,0,189.88,S,1.0,1,1
3177,3,female,23.0,4,0,25.19,S,5.0,0,1
3178,3,male,16.0,0,1,29.77,C,2.0,0,0
3179,3,female,15.0,1,0,51.71,S,2.0,0,1
3180,3,female,50.0,0,0,5.78,S,1.0,1,1
3181,1,female,42.0,2,2,136.86,S,5.0,0,1
3182,2,female,52.0,1,0,41.71,S,2.0,0,1
3183,2,female,37.0,0,0,42.89,S,1.0,1,1
3184,1,male,24.0,0,1,243.31124999999997,C,2.0,0,1
3185,3,female,47.0,2,0,19.36,S,3.0,0,1
3186,3,female,30.0,0,0,33.59,Q,1.0,1,0
3187,2,female,33.0,3,0,63.28,S,4.0,0,1
3188,2,male,29.0,0,0,51.68,S,1.0,1,1
3189,3,male,1.0,1,0,25.54,C,2.0,0,0
3190,3,female,51.0,0,0,26.09,S,1.0,1,1
3191,2,male,36.0,1,1,99.86,S,3.0,0,1
3192,3,male,34.0,0,0,44.54,S,1.0,1,0
3193,3,female,29.0,0,0,42.79,Q,1.0,1,1
3194,2,female,32.0,0,1,91.72,S,2.0,0,1
3195,2,female,22.0,0,0,101.27,S,1.0,1,1
3196,3,female,38.0,0,1,24.62,S,2.0,0,1
3197,3,male,13.0,0,1,18.21,S,2.0,0,0
3198,3,female,32.0,2,0,54.26,S,3.0,0,1
3199,1,male,37.0,0,0,192.39,S,1.0,1,1
3200,2,female,27.0,1,2,94.35,S,4.0,0,1
3201,3,female,35.0,0,3,56.24,C,4.0,0,0
3202,3,male,17.0,0,0,15.85,S,1.0,1,0
3203,1,male,17.0,0,0,196.22,Q,1.0,1,1
3204,3,female,33.0,4,0,40.9,S,5.0,0,1
3205,3,male,39.0,2,0,55.63,S,3.0,0,0
3206,3,female,6.0,0,0,50.76,C,1.0,1,1
3207,3,female,37.0,1,0,43.79,S,2.0,0,1
3208,3,female,23.0,0,2,22.3,S,3.0,0,0
3209,2,female,27.0,0,0,87.19,S,1.0,1,1
3210,3,female,13.0,0,1,56.95,S,2.0,0,1
3211,1,female,19.0,0,0,116.26,Q,1.0,1,1
3212,3,male,43.0,0,0,48.69,S,1.0,1,0
3213,1,female,30.0,1,0,243.31124999999997,C,2.0,0,1
3214,3,male,25.0,0,0,15.18,C,1.0,1,0
3215,1,female,28.0,1,0,243.31124999999997,S,2.0,0,1
3216,1,male,36.0,0,2,126.66,C,3.0,0,1
3217,1,male,36.0,0,0,135.3,S,1.0,1,1
3218,1,female,29.0,1,1,243.31124999999997,S,3.0,0,1
3219,3,female,44.0,2,0,33.66,C,3.0,0,1
3220,3,male,43.0,2,0,44.33,S,3.0,0,0
3221,3,male,35.0,0,0,35.61,S,1.0,1,0
3222,1,female,31.0,1,1,243.31124999999997,S,3.0,0,1
3223,1,female,39.0,1,0,121.1,S,2.0,0,1
3224,1,male,34.0,0,0,243.31124999999997,S,1.0,1,1
3225,1,female,44.0,0,2,185.39,S,3.0,0,1
3226,3,male,42.0,0,1,39.92,S,2.0,0,0
3227,1,female,17.0,0,0,243.31124999999997,Q,1.0,1,1
3228,2,female,16.0,0,1,116.23,S,2.0,0,1
3229,1,male,21.0,4,0,132.34,S,5.0,0,1
3230,1,male,43.0,0,1,136.09,S,2.0,0,1
3231,3,female,10.0,1,0,37.01,C,2.0,0,1
3232,3,male,35.0,1,0,54.15,S,2.0,0,0
3233,1,male,35.0,0,0,165.11,Q,1.0,1,1
3234,1,male,45.0,0,0,151.1,S,1.0,1,1
3235,2,female,32.0,0,0,48.53,S,1.0,1,1
3236,1,male,13.0,1,1,118.59,S,3.0,0,1
3237,1,male,18.0,4,2,243.31124999999997,S,6.0,0,1
3238,3,male,15.0,0,0,38.47,S,1.0,1,0
3239,3,male,23.0,2,0,28.1,S,3.0,0,0
3240,3,female,28.0,0,0,56.74,S,1.0,1,1
3241,2,male,15.0,1,0,114.1,C,2.0,0,1
3242,2,male,49.0,0,2,87.46,C,3.0,0,1
3243,3,female,13.0,0,0,34.65,S,1.0,1,1
3244,3,male,47.0,0,0,44.85,C,1.0,1,0
3245,3,female,45.0,0,0,30.15,S,1.0,1,0
3246,1,male,42.0,0,0,243.31124999999997,S,1.0,1,1
3247,3,female,21.0,1,0,46.08,S,2.0,0,0
3248,2,male,34.0,0,0,71.4,S,1.0,1,0
3249,3,male,13.0,1,0,18.47,Q,2.0,0,0
3250,3,male,42.0,0,0,50.81,S,1.0,1,0
3251,3,male,29.0,1,0,38.75,S,2.0,0,0
3252,1,male,25.0,1,0,235.08,S,2.0,0,1
3253,3,female,14.0,1,0,40.86,S,2.0,0,1
3254,1,male,1.0,0,1,243.31124999999997,S,2.0,0,1
3255,2,male,16.0,0,0,96.47,S,1.0,1,0
3256,1,male,44.0,1,2,243.05,S,4.0,0,1
3257,3,female,25.0,0,0,56.12,Q,1.0,1,1
3258,1,male,28.0,0,0,195.93,S,1.0,1,1
3259,2,male,39.0,0,0,69.49,S,1.0,1,0
3260,3,male,53.0,1,0,18.13,S,2.0,0,0
3261,1,female,47.0,1,2,170.17,S,4.0,0,1
3262,3,female,17.0,1,0,8.2,S,2.0,0,1
3263,2,male,5.0,0,0,42.96,Q,1.0,1,1
3264,1,female,61.0,0,2,243.31124999999997,C,3.0,0,1
3265,3,male,59.0,2,0,56.02,C,3.0,0,0
3266,1,female,32.0,0,0,243.31124999999997,S,1.0,1,1
3267,2,male,13.0,0,0,94.66,S,1.0,1,1
3268,3,female,43.0,0,0,45.38,C,1.0,1,1
3269,3,male,29.0,0,0,21.61,C,1.0,1,0
3270,3,male,29.0,0,0,42.64,S,1.0,1,0
3271,2,female,42.0,0,1,44.85,C,2.0,0,1
3272,1,female,34.0,0,1,243.31124999999997,Q,2.0,0,1
3273,3,female,15.0,0,0,45.37,S,1.0,1,1
3274,3,male,26.0,2,0,6.49,S,3.0,0,0
3275,3,male,39.0,0,0,21.08,S,1.0,1,0
3276,3,male,37.0,0,0,24.59,Q,1.0,1,0
3277,3,male,33.0,1,0,30.2,S,2.0,0,0
3278,2,male,42.0,3,1,57.28,S,5.0,0,1
3279,2,male,25.0,0,1,103.46,S,2.0,0,1
3280,3,female,32.0,2,0,37.69,S,3.0,0,0
3281,2,female,1.0,0,0,110.16,S,1.0,1,1
3282,1,male,24.0,0,0,243.31124999999997,S,1.0,1,1
3283,3,male,40.0,0,0,56.37,C,1.0,1,0
3284,3,female,25.0,0,0,57.57,C,1.0,1,1
3285,2,male,24.0,1,0,53.98,C,2.0,0,0
3286,1,male,16.0,0,0,111.7,S,1.0,1,0
3287,2,male,43.0,0,0,84.44,S,1.0,1,0
3288,3,female,37.0,1,0,15.14,C,2.0,0,1
3289,3,female,41.0,0,3,31.58,S,4.0,0,1
3290,1,male,8.0,2,0,243.31124999999997,S,3.0,0,1
3291,1,male,28.0,2,0,194.66,S,3.0,0,1
3292,3,male,26.0,0,0,9.42,S,1.0,1,0
3293,2,female,26.0,4,0,91.73,S,5.0,0,1
3294,3,female,22.0,0,2,15.75,S,3.0,0,1
3295,3,male,26.0,0,0,41.34,C,1.0,1,0
3296,1,male,41.0,0,2,243.31124999999997,S,3.0,0,1
3297,3,male,5.0,1,0,18.63,Q,2.0,0,0
3298,1,male,53.0,1,0,165.94,S,2.0,0,1
3299,2,female,36.0,0,0,68.39,S,1.0,1,1
3300,3,male,29.0,0,1,57.83,S,2.0,0,0
3301,2,male,42.0,0,0,87.85,C,1.0,1,1
3302,3,female,11.0,2,1,15.34,Q,4.0,0,1
3303,3,male,21.0,2,0,50.71,S,3.0,0,0
3304,2,female,28.0,1,0,44.78,S,2.0,0,1
3305,1,female,48.0,1,0,165.23,S,2.0,0,1
3306,2,female,29.0,0,0,40.08,C,1.0,1,1
3307,2,female,36.0,0,0,103.02,S,1.0,1,1
3308,1,female,22.0,0,0,185.82,C,1.0,1,1
3309,2,male,36.0,1,0,79.05,S,2.0,0,1
3310,2,male,52.0,0,1,69.0,S,2.0,0,1
3311,3,male,43.0,0,1,23.26,S,2.0,0,0
3312,3,female,29.0,3,1,58.27,C,5.0,0,1
3313,3,female,39.0,2,0,7.74,S,3.0,0,1
3314,1,male,38.0,0,3,162.94,S,4.0,0,1
3315,1,male,37.0,1,1,240.72,Q,3.0,0,1
3316,3,female,44.0,3,0,53.81,S,4.0,0,1
3317,2,male,44.0,0,0,102.3,S,1.0,1,1
3318,1,male,28.0,0,0,119.25,S,1.0,1,1
3319,3,male,38.0,0,0,19.83,S,1.0,1,0
3320,3,male,25.0,0,1,5.74,S,2.0,0,0
3321,3,female,18.0,2,1,33.02,C,4.0,0,1
3322,1,male,26.0,0,1,243.31124999999997,S,2.0,0,1
3323,3,female,29.0,0,0,23.93,S,1.0,1,0
3324,3,male,8.0,0,0,36.79,C,1.0,1,1
3325,3,female,41.0,0,0,45.08,Q,1.0,1,1
3326,3,male,1.0,0,0,43.55,C,1.0,1,0
3327,3,female,62.375,1,1,19.48,C,3.0,0,1
3328,3,male,50.0,0,0,37.19,Q,1.0,1,0
3329,1,male,27.0,1,0,243.31124999999997,C,2.0,0,1
3330,3,male,30.0,1,0,11.69,Q,2.0,0,0
3331,3,male,34.0,0,1,48.22,C,2.0,0,0
3332,3,male,22.0,1,0,43.16,S,2.0,0,0
3333,1,male,33.0,1,1,205.79,S,3.0,0,1
3334,1,male,28.0,0,3,243.31124999999997,Q,4.0,0,1
3335,3,male,29.0,0,1,55.3,S,2.0,0,0
3336,3,male,32.0,1,1,12.32,C,3.0,0,0
3337,3,male,13.0,4,0,52.85,S,5.0,0,0
3338,3,male,31.0,0,0,24.38,Q,1.0,1,0
3339,3,male,32.0,0,1,10.8,S,2.0,0,0
3340,3,male,32.0,0,1,20.77,S,2.0,0,0
3341,3,male,27.0,0,0,14.98,C,1.0,1,0
3342,3,male,45.0,0,1,31.99,S,2.0,0,0
3343,3,female,25.0,0,0,57.24,S,1.0,1,1
3344,1,male,33.0,0,0,134.72,S,1.0,1,1
3345,2,male,47.0,0,0,107.37,S,1.0,1,1
3346,3,male,29.0,0,0,54.04,S,1.0,1,0
3347,2,male,33.0,0,0,41.06,S,1.0,1,0
3348,1,female,29.0,0,0,243.31124999999997,C,1.0,1,1
3349,2,male,46.0,0,0,77.42,S,1.0,1,0
3350,1,male,27.0,2,1,134.33,S,4.0,0,1
3351,1,male,47.0,2,0,243.31124999999997,C,3.0,0,1
3352,2,female,29.0,0,0,82.88,S,1.0,1,1
3353,3,male,19.0,0,0,5.04,S,1.0,1,0
3354,3,male,39.0,0,0,43.61,S,1.0,1,0
3355,1,female,26.0,0,0,241.0,S,1.0,1,1
3356,1,female,38.0,0,0,112.23,S,1.0,1,1
3357,3,female,1.0,0,2,20.08,Q,3.0,0,1
3358,2,male,30.0,1,0,95.25,S,2.0,0,0
3359,3,female,24.0,0,1,54.06,S,2.0,0,1
3360,3,female,16.0,0,1,16.76,S,2.0,0,1
3361,3,male,23.0,1,2,11.44,S,4.0,0,0
3362,2,female,23.0,1,0,46.96,S,2.0,0,1
3363,3,female,29.0,0,0,37.58,S,1.0,1,1
3364,2,male,12.0,0,0,57.76,S,1.0,1,1
3365,3,male,34.0,0,0,58.13,S,1.0,1,0
3366,3,male,48.0,0,0,46.31,C,1.0,1,0
3367,2,male,34.0,0,1,85.71,S,2.0,0,0
3368,2,male,41.0,0,0,73.92,C,1.0,1,1
3369,1,male,44.0,0,0,125.33,S,1.0,1,1
3370,3,female,46.0,1,0,37.78,S,2.0,0,1
3371,1,female,54.0,1,2,243.31124999999997,S,4.0,0,1
3372,3,male,24.0,0,0,51.53,C,1.0,1,0
3373,2,male,21.0,0,0,69.11,S,1.0,1,0
3374,3,male,40.0,0,0,7.18,S,1.0,1,0
3375,3,male,39.0,0,0,28.3,C,1.0,1,0
3376,3,male,40.0,0,1,58.31,C,2.0,0,0
3377,3,female,55.0,2,1,48.76,S,4.0,0,1
3378,1,female,30.0,1,0,243.31124999999997,S,2.0,0,1
3379,1,male,36.0,2,0,197.22,S,3.0,0,1
3380,3,male,17.0,1,1,30.94,S,3.0,0,0
3381,2,male,58.0,4,0,112.7,S,5.0,0,1
3382,2,female,26.0,1,2,76.06,C,4.0,0,1
3383,1,male,26.0,3,0,243.31124999999997,S,4.0,0,1
3384,2,male,25.0,0,0,92.52,S,1.0,1,0
3385,1,female,22.0,0,0,243.31124999999997,S,1.0,1,1
3386,3,male,21.0,0,0,36.55,S,1.0,1,0
3387,1,male,23.0,4,1,243.31124999999997,S,6.0,0,1
3388,3,female,12.0,0,1,19.15,S,2.0,0,1
3389,1,male,20.0,0,0,243.31124999999997,S,1.0,1,1
3390,3,female,55.0,0,0,41.48,C,1.0,1,0
3391,2,male,40.0,1,0,71.38,S,2.0,0,0
3392,3,female,42.0,0,2,15.04,S,3.0,0,1
3393,3,male,45.0,1,0,5.42,S,2.0,0,0
3394,2,male,54.0,4,0,92.83,C,5.0,0,0
3395,3,male,7.0,2,0,8.02,C,3.0,0,0
3396,3,male,14.0,0,0,31.53,S,1.0,1,0
3397,3,male,20.0,0,1,50.2,S,2.0,0,0
3398,3,male,24.0,0,1,20.7,S,2.0,0,0
3399,1,male,26.0,0,0,240.51,S,1.0,1,1
3400,3,male,24.0,0,1,43.75,Q,2.0,0,0
3401,1,male,33.0,1,0,243.31124999999997,S,2.0,0,1
3402,1,male,30.0,0,3,146.48,S,4.0,0,1
3403,3,male,21.0,2,0,13.34,S,3.0,0,0
3404,2,male,2.0,3,0,57.34,S,4.0,0,1
3405,3,male,17.0,0,0,12.85,Q,1.0,1,0
3406,3,female,23.0,4,0,26.59,S,5.0,0,1
3407,3,female,27.0,1,0,36.16,S,2.0,0,1
3408,3,female,15.0,0,1,7.77,S,2.0,0,1
3409,1,male,24.0,0,1,182.7,S,2.0,0,1
3410,1,female,15.0,0,0,243.31124999999997,S,1.0,1,1
3411,2,male,28.0,0,0,57.6,S,1.0,1,0
3412,1,male,16.0,1,0,155.02,S,2.0,0,1
3413,1,female,19.0,0,0,243.31124999999997,C,1.0,1,1
3414,2,male,13.0,1,0,112.07,S,2.0,0,1
3415,3,female,28.0,0,0,31.17,S,1.0,1,0
3416,3,female,19.0,0,0,21.27,Q,1.0,1,1
3417,2,male,42.0,0,0,81.36,C,1.0,1,0
3418,3,male,35.0,0,0,19.11,C,1.0,1,0
3419,1,male,29.0,0,0,243.31124999999997,S,1.0,1,1
3420,1,female,20.0,0,1,243.31124999999997,S,2.0,0,1
3421,3,male,35.0,2,0,9.75,S,3.0,0,0
3422,3,female,39.0,1,0,39.48,S,2.0,0,0
3423,3,female,32.0,0,0,36.31,C,1.0,1,0
3424,1,female,51.0,0,0,175.68,S,1.0,1,1
3425,3,female,36.0,0,1,5.61,Q,2.0,0,1
3426,3,female,42.0,0,0,16.04,S,1.0,1,1
3427,3,female,32.0,1,1,27.31,S,3.0,0,1
3428,3,male,39.0,1,0,16.0,S,2.0,0,0
3429,3,female,20.0,1,2,36.76,S,4.0,0,1
3430,3,female,24.0,0,3,44.18,C,4.0,0,1
3431,3,female,35.0,2,0,52.08,S,3.0,0,1
3432,3,male,34.0,0,1,40.58,S,2.0,0,0
3433,3,female,37.0,3,0,42.9,Q,4.0,0,1
3434,2,male,44.0,0,2,93.54,Q,3.0,0,1
3435,3,male,11.0,0,1,59.2,Q,2.0,0,1
3436,2,female,17.0,0,3,89.87,S,4.0,0,1
3437,1,male,33.0,0,0,180.83,C,1.0,1,1
3438,3,female,21.0,1,1,11.95,Q,3.0,0,1
3439,3,male,62.375,1,0,31.71,S,2.0,0,0
3440,3,male,37.0,0,0,10.29,S,1.0,1,0
3441,2,female,29.0,1,0,112.38,C,2.0,0,1
3442,3,female,23.0,0,2,31.55,C,3.0,0,0
3443,1,male,24.0,0,0,203.59,C,1.0,1,0
3444,3,male,30.0,4,0,58.01,S,5.0,0,0
3445,3,female,31.0,2,0,45.91,S,3.0,0,1
3446,3,male,24.0,0,0,26.41,S,1.0,1,0
3447,3,male,26.0,0,2,52.58,S,3.0,0,0
3448,3,male,47.0,0,1,53.15,S,2.0,0,0
3449,3,female,48.0,1,0,55.06,S,2.0,0,1
3450,1,male,33.0,3,0,195.57,S,4.0,0,1
3451,2,male,13.0,0,0,109.83,S,1.0,1,1
3452,3,female,37.0,1,0,10.01,S,2.0,0,1
3453,3,male,50.0,0,0,55.31,S,1.0,1,0
3454,2,male,48.0,0,0,59.78,S,1.0,1,1
3455,3,male,40.0,3,0,21.27,S,4.0,0,0
3456,1,female,48.0,0,0,160.53,C,1.0,1,1
3457,3,male,31.0,0,0,6.21,S,1.0,1,0
3458,3,male,38.0,1,0,54.88,Q,2.0,0,0
3459,3,male,21.0,0,0,20.79,C,1.0,1,0
3460,3,female,34.0,0,0,6.57,S,1.0,1,1
3461,2,male,47.0,3,3,111.32,Q,6.0,0,1
3462,1,male,22.0,1,0,202.94,S,2.0,0,1
3463,3,female,19.0,2,0,53.22,S,3.0,0,1
3464,3,male,31.0,0,0,29.94,S,1.0,1,0
3465,1,male,27.0,0,1,165.7,S,2.0,0,1
3466,3,female,38.0,4,1,18.26,S,6.0,0,0
3467,2,male,24.0,0,1,50.14,S,2.0,0,0
3468,3,male,52.0,0,0,19.17,S,1.0,1,0
3469,3,female,13.0,0,0,57.31,S,1.0,1,1
3470,1,female,46.0,0,1,175.6,S,2.0,0,1
3471,1,female,20.0,0,0,243.31124999999997,S,1.0,1,1
3472,3,female,7.0,2,2,54.12,C,5.0,0,1
3473,3,male,33.0,4,0,31.4,S,5.0,0,0
3474,3,female,27.0,0,0,38.0,S,1.0,1,1
3475,3,male,16.0,1,1,40.84,S,3.0,0,0
3476,3,male,8.0,2,0,8.9,S,3.0,0,0
3477,3,female,30.0,1,0,5.98,S,2.0,0,0
3478,3,male,43.0,0,0,56.58,Q,1.0,1,0
3479,2,male,38.0,0,1,88.95,S,2.0,0,1
3480,2,male,31.0,0,0,106.03,C,1.0,1,0
3481,1,female,36.0,0,0,122.06,C,1.0,1,1
3482,3,female,30.0,0,0,18.0,S,1.0,1,1
3483,2,male,11.0,0,2,56.19,Q,3.0,0,1
3484,3,male,12.0,0,2,30.2,S,3.0,0,0
3485,3,male,27.0,0,0,52.11,Q,1.0,1,0
3486,3,male,28.0,0,0,20.32,S,1.0,1,0
3487,2,female,41.0,0,0,50.84,S,1.0,1,1
3488,1,male,40.0,1,0,116.91,Q,2.0,0,0
3489,1,female,38.0,0,1,181.52,S,2.0,0,1
3490,2,female,26.0,2,0,84.68,C,3.0,0,1
3491,1,male,12.0,3,0,243.31124999999997,S,4.0,0,1
3492,3,female,35.0,1,0,39.96,S,2.0,0,1
3493,3,male,37.0,1,0,29.29,S,2.0,0,0
3494,3,male,1.0,3,0,18.74,Q,4.0,0,0
3495,3,female,19.0,0,0,47.03,S,1.0,1,1
3496,1,male,21.0,4,1,158.18,S,6.0,0,1
3497,3,male,32.0,1,0,56.06,S,2.0,0,0
3498,3,male,20.0,1,0,13.27,Q,2.0,0,0
3499,1,female,30.0,0,0,103.82,S,1.0,1,1
3500,3,female,27.0,0,3,28.33,S,4.0,0,1
3501,2,male,28.0,1,0,57.87,S,2.0,0,0
3502,3,female,21.0,1,3,27.13,S,5.0,0,1
3503,3,female,22.0,1,1,17.19,C,3.0,0,1
3504,1,male,16.0,0,1,132.9,S,2.0,0,1
3505,3,female,35.0,0,0,18.15,C,1.0,1,1
3506,3,male,37.0,0,0,52.71,S,1.0,1,0
3507,3,female,20.0,0,0,10.83,S,1.0,1,1
3508,2,male,50.0,0,0,71.26,S,1.0,1,1
3509,3,male,26.0,0,3,5.27,C,4.0,0,0
3510,1,female,50.0,0,0,243.31124999999997,S,1.0,1,1
3511,2,female,22.0,0,0,62.08,S,1.0,1,1
3512,1,male,4.0,0,0,102.1,S,1.0,1,1
3513,3,male,35.0,3,1,12.92,C,5.0,0,0
3514,3,male,33.0,1,0,43.4,S,2.0,0,0
3515,3,female,30.0,1,0,10.9,Q,2.0,0,1
3516,3,female,22.0,0,0,24.39,S,1.0,1,1
3517,1,male,30.0,1,1,135.43,S,3.0,0,1
3518,2,male,23.0,0,0,101.59,S,1.0,1,1
3519,1,male,26.0,4,0,142.68,S,5.0,0,1
3520,1,male,41.0,1,0,218.79,Q,2.0,0,1
3521,1,male,32.0,0,2,243.31124999999997,S,3.0,0,1
3522,2,male,38.0,2,0,53.11,S,3.0,0,0
3523,2,female,27.0,0,1,86.71,S,2.0,0,1
3524,1,male,26.0,0,0,236.21,S,1.0,1,1
3525,1,male,15.0,1,0,216.36,C,2.0,0,1
3526,1,female,25.0,0,0,243.31124999999997,Q,1.0,1,1
3527,3,male,1.0,0,0,36.23,S,1.0,1,0
3528,3,male,22.0,1,0,45.19,S,2.0,0,0
3529,3,male,29.0,0,0,40.87,S,1.0,1,0
3530,2,male,37.0,1,0,74.49,Q,2.0,0,0
3531,2,male,27.0,2,0,96.47,Q,3.0,0,1
3532,3,female,35.0,0,0,56.77,Q,1.0,1,0
3533,2,male,2.0,0,1,118.13,S,2.0,0,1
3534,2,male,29.0,0,1,93.62,S,2.0,0,0
3535,1,male,8.0,0,0,243.31124999999997,S,1.0,1,1
3536,1,female,14.0,0,0,164.83,S,1.0,1,1
3537,2,female,28.0,0,2,119.62,S,3.0,0,1
3538,2,male,47.0,0,1,55.83,S,2.0,0,0
3539,3,male,35.0,0,3,41.73,S,4.0,0,0
3540,1,male,30.0,1,0,187.53,S,2.0,0,1
3541,1,male,30.0,2,0,161.53,S,3.0,0,1
3542,3,male,21.0,1,0,6.32,S,2.0,0,0
3543,1,male,23.0,0,0,170.64,C,1.0,1,1
3544,2,male,36.0,0,0,77.48,S,1.0,1,0
3545,3,male,12.0,1,0,41.1,C,2.0,0,0
3546,1,male,38.0,0,0,243.31124999999997,S,1.0,1,1
3547,1,male,25.0,0,1,243.31124999999997,C,2.0,0,0
3548,2,female,41.0,2,0,63.52,S,3.0,0,1
3549,2,male,42.0,0,0,106.96,S,1.0,1,0
3550,3,female,8.0,0,1,38.25,S,2.0,0,1
3551,3,male,22.0,2,1,24.91,Q,4.0,0,0
3552,1,female,19.0,2,0,168.86,S,3.0,0,1
3553,3,male,6.0,0,3,39.43,S,4.0,0,0
3554,3,male,17.0,0,0,39.1,Q,1.0,1,0
3555,1,male,62.0,0,0,243.31124999999997,S,1.0,1,1
3556,3,male,38.0,1,3,5.44,S,5.0,0,0
3557,2,female,55.0,0,0,68.34,Q,1.0,1,1
3558,2,male,41.0,0,0,104.14,C,1.0,1,1
3559,1,male,20.0,3,0,168.72,S,4.0,0,1
3560,2,male,25.0,0,0,79.46,Q,1.0,1,0
3561,2,female,38.0,2,0,90.45,S,3.0,0,1
3562,3,male,36.0,3,0,24.44,S,4.0,0,0
3563,1,male,22.0,0,0,198.11,C,1.0,1,1
3564,2,male,10.0,1,1,109.28,S,3.0,0,1
3565,2,male,62.375,0,0,71.43,S,1.0,1,0
3566,3,male,28.0,1,0,9.65,Q,2.0,0,0
3567,3,male,26.0,1,0,50.51,S,2.0,0,0
3568,3,male,31.0,0,1,31.86,S,2.0,0,0
3569,3,male,27.0,1,1,47.56,S,3.0,0,0
3570,3,female,32.0,1,1,13.31,S,3.0,0,1
3571,2,male,47.0,0,0,63.19,S,1.0,1,0
3572,3,male,28.0,0,0,53.99,S,1.0,1,0
3573,3,female,15.0,0,0,54.38,C,1.0,1,0
3574,3,female,28.0,0,0,30.63,C,1.0,1,1
3575,3,male,24.0,4,0,52.86,S,5.0,0,0
3576,2,female,49.0,2,2,95.22,S,5.0,0,1
3577,1,male,45.0,0,0,243.31124999999997,S,1.0,1,1
3578,2,female,31.0,0,2,57.67,S,3.0,0,1
3579,3,female,13.0,0,0,12.48,S,1.0,1,1
3580,2,female,14.0,0,2,74.71,S,3.0,0,1
3581,2,female,30.0,0,0,98.69,S,1.0,1,1
3582,3,male,34.0,0,2,35.05,S,3.0,0,0
3583,2,male,25.0,0,0,46.87,Q,1.0,1,0
3584,3,female,24.0,3,2,46.04,S,6.0,0,1
3585,2,male,22.0,1,0,77.84,S,2.0,0,1
3586,2,male,30.0,1,0,98.94,S,2.0,0,1
3587,2,male,1.0,0,0,99.49,S,1.0,1,1
3588,3,male,16.0,4,0,37.7,S,5.0,0,0
3589,1,male,22.0,1,0,105.47,S,2.0,0,1
3590,1,male,46.0,2,2,243.31124999999997,S,5.0,0,1
3591,3,male,19.0,0,0,30.9,C,1.0,1,0
3592,1,female,32.0,0,1,243.31124999999997,C,2.0,0,1
3593,3,male,33.0,0,0,9.81,S,1.0,1,0
3594,3,male,47.0,0,0,33.21,S,1.0,1,0
3595,2,male,46.0,1,0,93.66,S,2.0,0,0
3596,3,male,29.0,2,2,34.65,S,5.0,0,0
3597,1,male,24.0,0,0,243.31124999999997,S,1.0,1,1
3598,3,female,21.0,0,0,18.03,S,1.0,1,1
3599,2,male,27.0,1,0,97.46,S,2.0,0,0
3600,3,male,24.0,0,0,23.41,S,1.0,1,0
3601,1,male,37.0,1,0,125.33,S,2.0,0,1
3602,3,male,35.0,1,0,30.59,S,2.0,0,0
3603,1,male,38.0,0,0,206.1,C,1.0,1,1
3604,2,female,46.0,1,0,75.66,Q,2.0,0,0
3605,1,male,54.0,0,1,163.71,S,2.0,0,1
3606,1,male,32.0,2,0,243.31124999999997,S,3.0,0,1
3607,3,male,44.0,1,2,24.67,S,4.0,0,0
3608,2,female,25.0,2,0,102.04,S,3.0,0,1
3609,3,male,45.0,0,0,23.26,S,1.0,1,0
3610,3,male,44.0,0,0,50.15,S,1.0,1,0
3611,3,male,43.0,0,0,58.24,S,1.0,1,0
3612,1,male,31.0,0,0,243.31124999999997,S,1.0,1,1
3613,2,male,21.0,2,0,58.55,C,3.0,0,1
3614,3,female,12.0,0,0,10.79,S,1.0,1,1
3615,2,female,29.0,2,0,97.23,S,3.0,0,1
3616,1,male,50.0,0,0,243.31124999999997,S,1.0,1,0
3617,3,male,26.0,0,0,5.81,S,1.0,1,0
3618,3,female,40.0,2,1,47.73,S,4.0,0,1
3619,3,female,41.0,0,1,9.09,Q,2.0,0,1
3620,1,female,26.0,1,0,122.64,C,2.0,0,1
3621,3,male,47.0,0,1,57.69,S,2.0,0,0
3622,1,female,1.0,3,2,165.17,S,6.0,0,1
3623,1,male,14.0,0,0,216.78,S,1.0,1,1
3624,3,male,18.0,1,0,35.85,Q,2.0,0,0
3625,1,female,19.0,0,2,139.56,Q,3.0,0,1
3626,2,male,34.0,0,0,67.42,S,1.0,1,1
3627,1,female,34.0,2,0,167.33,Q,3.0,0,1
3628,3,male,35.0,2,0,46.47,S,3.0,0,0
3629,3,female,38.0,0,1,47.05,S,2.0,0,1
3630,3,male,18.0,0,2,19.83,S,3.0,0,0
3631,3,male,14.0,0,0,28.89,S,1.0,1,0
3632,1,female,35.0,0,2,164.35,C,3.0,0,1
3633,2,female,22.0,1,0,88.75,S,2.0,0,1
3634,2,male,10.0,0,0,43.11,C,1.0,1,1
3635,1,female,43.0,0,0,243.31124999999997,Q,1.0,1,1
3636,2,male,48.0,1,2,47.17,C,4.0,0,0
3637,3,male,50.0,0,0,16.2,S,1.0,1,0
3638,1,male,32.0,1,0,243.31124999999997,C,2.0,0,1
3639,2,male,38.0,3,0,107.02,S,4.0,0,1
3640,1,male,48.0,0,0,201.74,C,1.0,1,1
3641,1,male,22.0,1,0,243.31124999999997,S,2.0,0,1
3642,3,male,44.0,0,0,21.99,S,1.0,1,0
3643,2,female,34.0,0,2,87.21,C,3.0,0,1
3644,2,female,42.0,0,0,55.77,C,1.0,1,1
3645,3,male,32.0,0,0,48.31,Q,1.0,1,0
3646,1,male,47.0,0,0,243.31124999999997,S,1.0,1,1
3647,2,male,33.0,0,0,53.35,S,1.0,1,1
3648,2,female,11.0,2,0,101.02,S,3.0,0,1
3649,3,male,49.0,1,2,28.83,S,4.0,0,0
3650,3,female,18.0,4,0,24.5,S,5.0,0,1
3651,3,female,46.0,0,1,5.49,S,2.0,0,1
3652,2,male,29.0,0,1,93.72,C,2.0,0,1
3653,3,female,45.0,0,0,11.14,Q,1.0,1,1
3654,1,male,45.0,0,0,209.02,S,1.0,1,1
3655,1,female,36.0,0,0,207.34,S,1.0,1,1
3656,1,male,37.0,1,0,243.31124999999997,S,2.0,0,1
3657,2,male,35.0,0,0,68.56,S,1.0,1,1
3658,3,female,4.0,0,0,33.35,C,1.0,1,1
3659,3,female,32.0,0,0,19.36,S,1.0,1,1
3660,3,male,15.0,0,2,18.88,S,3.0,0,0
3661,3,male,32.0,0,0,50.62,S,1.0,1,0
3662,3,male,15.0,0,0,25.94,Q,1.0,1,0
3663,1,female,15.0,1,0,243.31124999999997,C,2.0,0,1
3664,1,male,51.0,0,1,122.61,Q,2.0,0,1
3665,3,male,44.0,1,0,9.83,S,2.0,0,0
3666,2,male,30.0,0,2,72.01,S,3.0,0,0
3667,3,male,32.0,0,1,36.8,S,2.0,0,0
3668,1,female,27.0,1,0,184.72,S,2.0,0,1
3669,1,female,37.0,0,0,243.31124999999997,S,1.0,1,1
3670,2,male,21.0,0,0,79.14,C,1.0,1,0
3671,1,male,43.0,2,1,110.17,S,4.0,0,1
3672,1,female,27.0,0,1,108.25,S,2.0,0,1
3673,3,male,25.0,0,2,32.61,C,3.0,0,0
3674,1,female,30.0,1,0,120.75,S,2.0,0,1
3675,3,female,22.0,1,0,41.74,S,2.0,0,1
3676,2,female,34.0,0,0,110.27,S,1.0,1,1
3677,1,female,23.0,0,0,183.91,Q,1.0,1,1
3678,2,male,36.0,2,0,60.83,S,3.0,0,0
3679,3,male,46.0,0,0,19.36,S,1.0,1,0
3680,2,female,21.0,0,0,44.91,Q,1.0,1,1
3681,3,female,28.0,0,0,50.56,S,1.0,1,1
3682,1,male,36.0,2,0,243.31124999999997,Q,3.0,0,1
3683,3,female,24.0,0,0,39.95,S,1.0,1,1
3684,1,male,36.0,1,0,243.31124999999997,S,2.0,0,1
3685,3,female,37.0,0,0,58.35,S,1.0,1,1
3686,3,male,44.0,0,0,8.2,S,1.0,1,0
3687,3,female,22.0,1,2,29.1,S,4.0,0,1
3688,2,female,18.0,3,0,70.2,S,4.0,0,1
3689,1,female,26.0,0,2,243.31124999999997,S,3.0,0,1
3690,1,female,17.0,0,0,113.29,S,1.0,1,1
3691,3,male,37.0,2,0,29.24,S,3.0,0,0
3692,3,male,15.0,1,0,21.48,C,2.0,0,0
3693,3,female,60.0,0,0,22.16,S,1.0,1,1
3694,1,female,47.0,0,0,115.95,S,1.0,1,1
3695,2,male,30.0,1,1,102.08,S,3.0,0,1
3696,1,male,41.0,1,0,115.15,S,2.0,0,1
3697,3,male,9.0,2,0,49.57,C,3.0,0,0
3698,3,male,62.375,0,0,54.57,C,1.0,1,0
3699,3,male,22.0,0,0,39.48,C,1.0,1,0
3700,2,male,28.0,1,2,59.76,S,4.0,0,0
3701,3,male,6.0,0,1,28.5,S,2.0,0,0
3702,3,male,36.0,0,0,58.34,S,1.0,1,0
3703,2,female,16.0,0,0,90.83,S,1.0,1,1
3704,3,female,31.0,0,0,30.49,C,1.0,1,1
3705,3,female,23.0,0,2,56.87,Q,3.0,0,0
3706,3,male,16.0,1,0,50.26,S,2.0,0,0
3707,3,male,20.0,1,1,54.56,S,3.0,0,0
3708,2,male,33.0,0,0,46.4,S,1.0,1,0
3709,2,female,13.0,0,3,45.23,C,4.0,0,1
3710,3,male,20.0,0,0,54.05,S,1.0,1,0
3711,1,male,39.0,1,0,200.29,S,2.0,0,0
3712,3,female,62.375,0,0,58.09,Q,1.0,1,0
3713,3,male,36.0,1,2,23.35,C,4.0,0,0
3714,3,male,18.0,0,2,29.19,S,3.0,0,0
3715,3,male,25.0,0,1,48.55,S,2.0,0,0
3716,2,male,30.0,1,1,101.85,C,3.0,0,1
3717,2,male,25.0,0,0,49.95,S,1.0,1,0
3718,1,male,42.0,0,1,131.27,C,2.0,0,1
3719,2,male,33.0,0,1,116.91,S,2.0,0,0
3720,2,male,42.0,0,0,55.43,C,1.0,1,0
3721,2,female,26.0,0,0,112.74,C,1.0,1,1
3722,3,male,47.0,0,0,44.82,C,1.0,1,0
3723,3,female,28.0,1,0,21.56,S,2.0,0,0
3724,1,male,17.0,1,2,243.31124999999997,S,4.0,0,1
3725,2,male,58.0,1,0,99.86,S,2.0,0,0
3726,3,male,6.0,0,0,47.5,Q,1.0,1,0
3727,1,male,20.0,1,0,243.31124999999997,S,2.0,0,1
3728,1,female,22.0,0,0,243.31124999999997,S,1.0,1,1
3729,1,female,62.375,0,0,243.31124999999997,S,1.0,1,1
3730,3,female,53.0,0,2,7.29,C,3.0,0,0
3731,1,female,49.0,3,0,243.31124999999997,C,4.0,0,1
3732,3,male,26.0,0,1,31.82,C,2.0,0,0
3733,2,female,62.0,2,0,109.35,S,3.0,0,1
3734,3,male,35.0,0,2,45.26,Q,3.0,0,0
3735,1,male,43.0,0,0,129.05,S,1.0,1,0
3736,2,male,32.0,0,0,66.74,C,1.0,1,1
3737,3,male,29.0,1,0,46.93,S,2.0,0,0
3738,3,female,27.0,0,2,37.4,S,3.0,0,1
3739,3,female,27.0,2,0,25.11,S,3.0,0,1
3740,3,male,38.0,2,0,18.37,S,3.0,0,0
3741,3,male,35.0,1,2,54.66,S,4.0,0,0
3742,3,male,30.0,0,0,58.35,S,1.0,1,0
3743,3,male,50.0,3,0,24.67,S,4.0,0,0
3744,1,female,1.0,2,0,147.28,S,3.0,0,1
3745,1,male,37.0,0,0,243.31124999999997,S,1.0,1,1
3746,1,male,39.0,1,0,120.56,C,2.0,0,1
3747,3,female,45.0,0,0,14.51,Q,1.0,1,1
3748,2,female,29.0,0,1,50.41,Q,2.0,0,1
3749,2,female,33.0,0,0,89.17,S,1.0,1,1
3750,3,female,43.0,0,0,58.0,C,1.0,1,0
3751,3,male,49.0,0,0,5.51,C,1.0,1,0
3752,3,female,26.0,0,0,57.7,S,1.0,1,1
3753,2,female,33.0,1,0,94.45,S,2.0,0,1
3754,3,female,52.0,3,1,9.62,S,5.0,0,1
3755,2,male,2.0,3,2,91.79,S,6.0,0,1
3756,1,male,21.0,0,1,118.7,C,2.0,0,1
3757,1,female,49.0,1,0,243.31124999999997,S,2.0,0,1
3758,2,female,44.0,0,2,104.11,S,3.0,0,1
3759,2,female,37.0,1,2,97.48,S,4.0,0,1
3760,3,male,24.0,0,0,30.98,S,1.0,1,0
3761,1,female,19.0,0,0,243.31124999999997,C,1.0,1,1
3762,3,male,22.0,1,0,58.43,S,2.0,0,0
3763,3,male,50.0,0,0,17.54,S,1.0,1,0
3764,2,male,22.0,0,2,101.59,S,3.0,0,1
3765,2,female,31.0,2,0,87.24,S,3.0,0,1
3766,2,male,20.0,0,0,113.49,Q,1.0,1,1
3767,3,male,41.0,0,0,58.48,Q,1.0,1,0
3768,2,female,23.0,0,0,94.93,S,1.0,1,1
3769,1,male,29.0,0,0,243.31124999999997,S,1.0,1,1
3770,1,female,8.0,0,2,243.31124999999997,S,3.0,0,1
3771,3,female,9.0,1,0,7.67,S,2.0,0,1
3772,3,female,30.0,0,1,49.98,S,2.0,0,0
3773,2,male,13.0,1,0,40.56,S,2.0,0,1
3774,3,male,57.0,0,0,57.59,C,1.0,1,0
3775,3,male,3.0,0,0,57.8,S,1.0,1,0
3776,3,female,20.0,1,1,7.79,Q,3.0,0,1
3777,3,male,30.0,1,0,13.83,S,2.0,0,0
3778,3,female,25.0,1,0,31.63,S,2.0,0,1
3779,3,male,16.0,3,0,53.37,S,4.0,0,0
3780,3,female,18.0,0,2,49.79,S,3.0,0,1
3781,2,female,17.0,0,0,67.24,S,1.0,1,1
3782,2,male,26.0,2,0,62.73,Q,3.0,0,1
3783,1,female,55.0,0,0,173.33,S,1.0,1,1
3784,3,male,31.0,0,0,6.38,S,1.0,1,0
3785,3,male,45.0,0,1,17.26,Q,2.0,0,0
3786,1,male,37.0,1,2,148.38,S,4.0,0,1
3787,3,male,44.0,0,0,55.95,S,1.0,1,0
3788,2,male,1.0,0,2,108.22,C,3.0,0,1
3789,1,female,26.0,0,1,224.72,S,2.0,0,1
3790,3,male,47.0,1,0,26.72,S,2.0,0,0
3791,1,male,23.0,0,2,156.72,S,3.0,0,1
3792,1,female,53.0,0,0,216.23,S,1.0,1,1
3793,3,female,49.0,1,0,29.33,S,2.0,0,1
3794,3,male,24.0,3,1,55.26,Q,5.0,0,0
3795,1,male,23.0,1,0,243.31124999999997,S,2.0,0,1
3796,3,male,17.0,1,0,20.25,S,2.0,0,0
3797,3,female,22.0,0,1,51.34,S,2.0,0,0
3798,1,male,14.0,0,1,243.31124999999997,C,2.0,0,1
3799,1,female,36.0,0,1,243.31124999999997,C,2.0,0,1
3800,3,male,11.0,1,0,18.78,S,2.0,0,0
3801,2,male,38.0,0,2,89.65,C,3.0,0,0
3802,3,female,38.0,2,0,8.17,S,3.0,0,0
3803,3,male,8.0,4,0,9.25,S,5.0,0,0
3804,3,male,50.0,0,0,55.32,C,1.0,1,0
3805,2,male,37.0,0,0,58.76,S,1.0,1,1
3806,3,male,40.0,0,0,31.64,C,1.0,1,0
3807,2,male,20.0,0,0,62.54,S,1.0,1,0
3808,2,male,38.0,0,2,87.21,Q,3.0,0,1
3809,1,female,45.0,2,3,153.1,S,6.0,0,1
3810,1,female,29.0,0,1,243.31124999999997,Q,2.0,0,1
3811,3,female,56.0,0,0,18.83,S,1.0,1,0
3812,2,male,31.0,0,1,109.1,S,2.0,0,1
3813,1,male,45.0,3,1,123.96,S,5.0,0,1
3814,3,female,34.0,1,0,37.29,Q,2.0,0,1
3815,2,male,38.0,2,1,68.93,S,4.0,0,0
3816,3,male,8.0,4,0,27.48,S,5.0,0,1
3817,2,male,35.0,0,0,99.11,C,1.0,1,1
3818,3,female,20.0,0,0,58.19,S,1.0,1,1
3819,3,male,19.0,0,0,37.05,S,1.0,1,0
3820,2,female,53.0,0,1,104.26,C,2.0,0,1
3821,2,female,27.0,1,0,64.6,S,2.0,0,1
3822,2,male,17.0,0,0,101.73,C,1.0,1,1
3823,3,female,25.0,0,2,27.81,S,3.0,0,1
3824,2,female,13.0,1,2,61.13,S,4.0,0,1
3825,1,male,49.0,1,0,243.31124999999997,S,2.0,0,1
3826,1,female,21.0,1,0,243.31124999999997,C,2.0,0,1
3827,2,male,37.0,0,0,59.36,C,1.0,1,0
3828,2,female,48.0,1,0,52.63,S,2.0,0,1
3829,3,male,23.0,0,0,12.99,S,1.0,1,0
3830,1,female,37.0,0,0,243.31124999999997,S,1.0,1,1
3831,2,female,17.0,1,1,86.89,C,3.0,0,1
3832,3,male,62.0,3,1,11.97,S,5.0,0,0
3833,3,male,42.0,0,0,48.34,S,1.0,1,1
3834,2,male,27.0,0,0,113.08,C,1.0,1,1
3835,2,male,20.0,0,0,58.43,C,1.0,1,1
3836,2,female,29.0,0,0,87.02,S,1.0,1,1
3837,3,male,26.0,2,0,33.76,C,3.0,0,0
3838,1,male,55.0,0,0,109.84,C,1.0,1,1
3839,3,male,14.0,1,0,13.21,Q,2.0,0,0
3840,3,female,32.0,1,0,51.72,S,2.0,0,1
3841,3,male,30.0,0,0,59.49,S,1.0,1,0
3842,1,male,28.0,0,0,243.31124999999997,Q,1.0,1,1
3843,2,female,29.0,0,0,50.21,S,1.0,1,1
3844,2,male,28.0,0,0,109.76,S,1.0,1,1
3845,1,female,41.0,0,0,201.31,S,1.0,1,1
3846,3,male,38.0,0,0,18.1,S,1.0,1,0
3847,3,male,35.0,2,0,34.97,S,3.0,0,0
3848,3,male,1.0,0,0,27.48,Q,1.0,1,0
3849,3,male,34.0,1,0,34.79,S,2.0,0,0
3850,1,female,8.0,0,1,125.12,S,2.0,0,1
3851,2,male,38.0,1,0,101.58,S,2.0,0,1
3852,1,male,49.0,4,0,161.47,S,5.0,0,1
3853,3,female,18.0,0,2,9.47,S,3.0,0,0
3854,3,male,27.0,2,2,45.86,Q,5.0,0,0
3855,3,male,22.0,1,0,43.86,S,2.0,0,0
3856,1,female,46.0,1,1,117.47,S,3.0,0,1
3857,2,female,31.0,1,0,72.11,C,2.0,0,1
3858,3,female,52.0,0,2,8.39,S,3.0,0,1
3859,2,male,35.0,0,0,114.36,C,1.0,1,1
3860,3,male,33.0,0,1,12.57,S,2.0,0,0
3861,3,male,31.0,0,1,40.61,C,2.0,0,0
3862,3,male,41.0,4,0,7.59,S,5.0,0,0
3863,2,male,7.0,1,1,84.87,C,3.0,0,1
3864,2,male,31.0,0,0,52.73,S,1.0,1,1
3865,1,female,29.0,2,0,243.31124999999997,S,3.0,0,1
3866,2,male,39.0,1,0,84.64,S,2.0,0,0
3867,2,male,28.0,0,2,41.45,S,3.0,0,1
3868,3,male,16.0,0,0,35.55,Q,1.0,1,0
3869,3,male,30.0,0,0,18.14,S,1.0,1,0
3870,1,female,16.0,2,0,168.28,S,3.0,0,1
3871,2,male,5.0,2,0,45.16,S,3.0,0,0
3872,1,female,39.0,0,0,116.61,Q,1.0,1,1
3873,1,male,38.0,0,1,243.31124999999997,S,2.0,0,1
3874,3,female,36.0,1,2,9.11,S,4.0,0,0
3875,1,male,47.0,3,0,243.31124999999997,S,4.0,0,1
3876,2,female,21.0,1,0,92.65,Q,2.0,0,1
3877,1,female,11.0,1,0,243.31124999999997,S,2.0,0,1
3878,3,female,29.0,0,0,28.89,S,1.0,1,1
3879,3,female,25.0,0,0,23.05,S,1.0,1,0
3880,1,female,19.0,0,0,172.25,S,1.0,1,1
3881,3,male,29.0,1,0,49.38,S,2.0,0,0
3882,3,male,22.0,0,0,45.24,S,1.0,1,0
3883,3,female,6.0,2,1,38.86,C,4.0,0,1
3884,1,female,24.0,0,2,124.69,C,3.0,0,1
3885,3,male,15.0,2,0,19.44,C,3.0,0,0
3886,3,male,33.0,0,1,44.82,S,2.0,0,0
3887,3,male,21.0,0,0,49.14,C,1.0,1,0
3888,3,male,44.0,1,2,11.39,S,4.0,0,0
3889,3,female,51.0,0,0,15.3,S,1.0,1,0
3890,2,female,39.0,3,1,56.86,S,5.0,0,1
3891,3,female,10.0,0,0,26.39,S,1.0,1,0
3892,3,male,50.0,0,0,35.98,S,1.0,1,0
3893,3,male,50.0,2,0,38.81,S,3.0,0,0
3894,2,male,30.0,2,0,95.48,S,3.0,0,0
3895,3,female,47.0,0,0,49.31,S,1.0,1,1
3896,3,female,23.0,3,0,20.41,S,4.0,0,1
3897,1,female,6.0,0,1,170.8,Q,2.0,0,1
3898,3,male,20.0,0,0,11.79,Q,1.0,1,0
3899,3,female,52.0,0,0,51.31,Q,1.0,1,1
3900,3,male,11.0,0,0,51.5,C,1.0,1,0
3901,2,female,30.0,0,0,89.72,Q,1.0,1,1
3902,2,male,30.0,0,0,87.02,C,1.0,1,0
3903,3,male,23.0,0,0,8.86,Q,1.0,1,0
3904,2,male,24.0,2,0,60.59,S,3.0,0,0
3905,3,male,31.0,0,0,10.03,C,1.0,1,0
3906,2,male,23.0,4,0,83.96,S,5.0,0,1
3907,3,male,12.0,1,0,42.3,S,2.0,0,0
3908,2,male,33.0,0,2,45.96,Q,3.0,0,1
3909,3,male,44.0,0,0,53.21,S,1.0,1,0
3910,2,male,41.0,0,1,113.58,S,2.0,0,0
3911,1,male,19.0,2,0,164.1,S,3.0,0,1
3912,2,male,14.0,0,0,40.87,C,1.0,1,0
3913,1,male,26.0,0,0,107.93,C,1.0,1,1
3914,3,female,50.0,2,0,27.67,S,3.0,0,1
3915,3,female,38.0,1,0,37.67,S,2.0,0,1
3916,2,male,39.0,0,0,116.36,Q,1.0,1,0
3917,3,male,42.0,0,0,36.21,C,1.0,1,0
3918,2,male,35.0,2,0,94.21,S,3.0,0,0
3919,3,male,32.0,2,1,53.79,C,4.0,0,0
3920,3,male,39.0,0,1,34.33,S,2.0,0,0
3921,3,male,23.0,0,0,37.33,S,1.0,1,0
3922,2,female,12.0,2,0,88.97,C,3.0,0,1
3923,3,male,39.0,1,0,47.03,C,2.0,0,0
3924,2,male,46.0,1,0,99.14,S,2.0,0,0
3925,3,female,15.0,0,1,31.23,S,2.0,0,0
3926,1,male,41.0,2,0,243.31124999999997,S,3.0,0,1
3927,3,male,52.0,0,0,16.01,Q,1.0,1,0
3928,3,female,30.0,0,0,9.88,C,1.0,1,1
3929,3,female,19.0,1,1,22.12,S,3.0,0,1
3930,1,male,32.0,0,0,243.31124999999997,S,1.0,1,0
3931,3,male,23.0,2,0,19.15,S,3.0,0,0
3932,1,female,22.0,0,0,213.57,C,1.0,1,1
3933,3,female,36.0,2,0,17.05,S,3.0,0,1
3934,1,male,9.0,0,0,144.34,S,1.0,1,1
3935,2,male,11.0,1,2,80.33,C,4.0,0,1
3936,3,male,30.0,0,0,42.86,S,1.0,1,0
3937,2,female,30.0,1,1,56.66,S,3.0,0,1
3938,1,male,34.0,1,0,193.16,S,2.0,0,1
3939,1,male,54.0,0,0,189.54,S,1.0,1,1
3940,2,female,31.0,0,1,93.23,C,2.0,0,1
3941,3,male,38.0,0,0,57.18,S,1.0,1,0
3942,3,male,17.0,2,1,58.86,S,4.0,0,0
3943,1,male,40.0,0,1,243.31124999999997,S,2.0,0,1
3944,2,male,23.0,0,0,42.44,S,1.0,1,1
3945,1,female,31.0,0,1,117.4,S,2.0,0,1
3946,1,male,29.0,3,2,243.31124999999997,S,6.0,0,1
3947,3,male,43.0,0,0,22.33,Q,1.0,1,0
3948,3,male,13.0,0,0,35.74,C,1.0,1,0
3949,1,female,1.0,1,0,164.25,C,2.0,0,1
3950,1,male,27.0,1,0,176.66,C,2.0,0,1
3951,1,female,36.0,0,0,216.77,C,1.0,1,1
3952,3,male,32.0,4,0,28.47,C,5.0,0,0
3953,3,female,46.0,1,0,20.04,S,2.0,0,1
3954,1,male,36.0,0,0,243.31124999999997,S,1.0,1,1
3955,1,female,23.0,0,0,243.31124999999997,S,1.0,1,1
3956,3,female,1.0,2,0,50.34,S,3.0,0,1
3957,3,male,27.0,0,0,38.86,Q,1.0,1,0
3958,2,male,43.0,0,1,44.45,S,2.0,0,0
3959,1,male,25.0,0,0,243.31124999999997,S,1.0,1,1
3960,1,male,30.0,1,0,243.31124999999997,S,2.0,0,1
3961,3,female,35.0,0,0,26.23,S,1.0,1,1
3962,2,male,17.0,1,0,103.22,Q,2.0,0,1
3963,1,male,38.0,0,0,190.59,S,1.0,1,1
3964,3,female,51.0,1,1,58.09,C,3.0,0,0
3965,1,male,28.0,1,0,163.0,S,2.0,0,1
3966,3,male,15.0,0,2,48.4,Q,3.0,0,0
3967,2,male,29.0,1,0,56.8,S,2.0,0,1
3968,1,male,1.0,0,0,177.81,C,1.0,1,1
3969,3,male,34.0,1,1,28.95,S,3.0,0,0
3970,2,female,36.0,0,1,83.55,S,2.0,0,1
3971,3,female,52.0,0,0,34.03,S,1.0,1,1
3972,3,male,27.0,3,2,7.94,S,6.0,0,0
3973,2,female,35.0,4,0,43.45,S,5.0,0,1
3974,3,female,19.0,0,1,28.32,S,2.0,0,1
3975,2,male,25.0,0,0,42.14,S,1.0,1,1
3976,3,male,10.0,0,1,44.83,S,2.0,0,0
3977,2,female,27.0,2,0,65.97,S,3.0,0,1
3978,3,male,26.0,0,0,17.21,S,1.0,1,0
3979,1,male,34.0,0,0,188.86,Q,1.0,1,1
3980,2,female,22.0,0,0,77.75,S,1.0,1,1
3981,3,male,31.0,3,0,18.73,S,4.0,0,0
3982,3,male,26.0,0,0,8.71,S,1.0,1,0
3983,1,male,26.0,0,0,156.12,S,1.0,1,0
3984,1,male,31.0,0,2,243.31124999999997,S,3.0,0,1
3985,3,female,31.0,0,0,17.17,S,1.0,1,1
3986,3,male,40.0,1,1,45.42,C,3.0,0,0
3987,1,female,28.0,3,0,220.46,Q,4.0,0,1
3988,2,male,25.0,2,0,50.7,S,3.0,0,0
3989,2,male,28.0,0,0,76.44,S,1.0,1,0
3990,3,male,21.0,2,0,42.38,S,3.0,0,0
3991,1,female,25.0,0,0,243.31124999999997,S,1.0,1,1
3992,1,female,56.0,0,0,153.05,S,1.0,1,1
3993,3,female,18.0,4,0,21.32,C,5.0,0,1
3994,1,male,26.0,0,0,144.74,S,1.0,1,1
3995,2,female,25.0,0,0,75.2,S,1.0,1,1
3996,2,male,27.0,4,1,106.99,S,6.0,0,0
3997,2,female,26.0,0,1,79.67,Q,2.0,0,1
3998,2,male,34.0,1,1,48.54,S,3.0,0,0
3999,3,female,8.0,3,3,33.66,C,6.0,0,1
4000,1,male,43.0,0,0,243.31124999999997,S,1.0,1,0
4001,3,male,38.0,0,0,35.44,S,1.0,1,0
4002,3,male,14.0,0,1,5.19,S,2.0,0,0
4003,3,male,1.0,0,0,32.59,S,1.0,1,0
4004,1,male,17.0,0,1,205.11,S,2.0,0,1
4005,1,male,27.0,1,0,243.31124999999997,C,2.0,0,1
4006,2,female,62.375,0,0,70.92,S,1.0,1,1
4007,2,female,37.0,0,0,57.35,S,1.0,1,1
4008,2,male,7.0,0,3,114.05,S,4.0,0,1
4009,3,male,21.0,0,1,13.03,S,2.0,0,1
4010,1,male,29.0,2,1,243.31124999999997,C,4.0,0,1
4011,1,female,33.0,0,1,207.37,S,2.0,0,1
4012,2,female,13.0,2,0,70.71,S,3.0,0,1
4013,3,female,28.0,0,0,49.4,S,1.0,1,1
4014,1,female,21.0,0,1,141.23,C,2.0,0,1
4015,3,female,16.0,0,0,25.81,S,1.0,1,1
4016,2,female,33.0,0,0,47.59,S,1.0,1,1
4017,3,female,40.0,1,0,25.25,S,2.0,0,1
4018,3,male,41.0,0,0,52.25,S,1.0,1,0
4019,2,female,37.0,3,0,40.18,C,4.0,0,1
4020,1,male,24.0,0,0,243.31124999999997,S,1.0,1,0
4021,2,female,39.0,3,1,89.54,S,5.0,0,1
4022,1,male,34.0,0,1,243.31124999999997,S,2.0,0,1
4023,3,male,32.0,0,0,13.09,S,1.0,1,0
4024,3,female,22.0,0,0,9.76,S,1.0,1,1
4025,3,male,24.0,0,0,18.29,C,1.0,1,0
4026,3,male,31.0,2,2,45.51,S,5.0,0,0
4027,2,male,62.0,0,0,96.94,S,1.0,1,0
4028,1,female,34.0,0,0,243.31124999999997,S,1.0,1,1
4029,3,male,22.0,0,0,19.86,Q,1.0,1,0
4030,2,male,19.0,0,0,104.03,S,1.0,1,1
4031,3,female,24.0,2,2,17.67,S,5.0,0,1
4032,2,male,58.0,1,2,113.33,Q,4.0,0,1
4033,1,female,25.0,1,0,243.31124999999997,S,2.0,0,1
4034,3,male,42.0,0,0,7.25,S,1.0,1,0
4035,1,male,25.0,3,0,101.94,S,4.0,0,1
4036,3,male,33.0,1,1,50.49,S,3.0,0,0
4037,3,female,40.0,0,1,46.89,S,2.0,0,1
4038,3,male,23.0,0,0,43.02,C,1.0,1,0
4039,3,male,22.0,2,0,47.37,S,3.0,0,0
4040,3,female,52.0,0,2,59.7,S,3.0,0,1
4041,3,female,43.0,1,0,47.36,S,2.0,0,1
4042,2,female,40.0,0,0,63.22,S,1.0,1,1
4043,2,male,40.0,0,0,53.83,C,1.0,1,0
4044,3,female,36.0,1,0,23.53,S,2.0,0,1
4045,2,male,56.0,1,1,76.13,Q,3.0,0,1
4046,2,female,31.0,0,0,88.1,C,1.0,1,1
4047,2,male,38.0,1,0,61.28,C,2.0,0,1
4048,3,male,11.0,0,0,47.97,S,1.0,1,0
4049,3,male,19.0,1,0,55.03,S,2.0,0,0
4050,1,male,14.0,3,2,243.31124999999997,S,6.0,0,1
4051,3,male,47.0,2,0,36.87,S,3.0,0,0
4052,3,male,1.0,0,2,31.49,S,3.0,0,0
4053,3,female,25.0,0,2,47.44,S,3.0,0,1
4054,3,female,1.0,1,2,25.85,Q,4.0,0,1
4055,3,male,19.0,0,2,43.99,S,3.0,0,0
4056,1,male,24.0,0,0,243.31124999999997,S,1.0,1,0
4057,3,male,48.0,3,2,11.11,S,6.0,0,0
4058,1,female,35.0,0,0,243.31124999999997,S,1.0,1,1
4059,3,female,19.0,0,0,11.55,S,1.0,1,1
4060,3,female,44.0,0,0,6.79,S,1.0,1,1
4061,2,male,30.0,0,0,45.68,S,1.0,1,0
4062,1,male,30.0,0,0,115.06,S,1.0,1,0
4063,3,male,14.0,2,0,11.97,S,3.0,0,0
4064,2,male,17.0,0,0,72.54,S,1.0,1,0
4065,3,male,19.0,0,0,37.88,S,1.0,1,0
4066,1,male,31.0,2,0,107.21,S,3.0,0,1
4067,1,female,31.0,1,1,243.31124999999997,S,3.0,0,1
4068,3,male,50.0,1,0,46.53,S,2.0,0,0
4069,3,female,35.0,0,0,5.92,S,1.0,1,1
4070,3,female,1.0,2,0,13.08,C,3.0,0,1
4071,2,male,33.0,0,0,113.53,S,1.0,1,0
4072,3,male,11.0,0,0,45.34,S,1.0,1,0
4073,3,male,17.0,0,0,30.53,Q,1.0,1,0
4074,3,male,19.0,0,0,39.64,S,1.0,1,0
4075,3,female,21.0,0,0,51.54,S,1.0,1,1
4076,3,male,12.0,1,0,51.33,Q,2.0,0,0
4077,2,male,33.0,0,2,98.45,S,3.0,0,1
4078,2,male,12.0,1,0,118.27,Q,2.0,0,1
4079,3,male,35.0,0,1,40.09,S,2.0,0,0
4080,1,female,59.0,0,1,201.42,S,2.0,0,1
4081,3,female,13.0,0,0,57.02,S,1.0,1,1
4082,1,male,26.0,3,3,243.31124999999997,S,6.0,0,1
4083,3,female,1.0,2,1,25.4,S,4.0,0,1
4084,3,male,26.0,3,1,54.89,C,5.0,0,0
4085,1,female,38.0,1,0,172.14,S,2.0,0,1
4086,1,female,39.0,1,0,243.31124999999997,Q,2.0,0,1
4087,1,male,31.0,1,0,209.87,S,2.0,0,1
4088,3,male,42.0,1,0,26.18,C,2.0,0,0
4089,3,female,62.375,0,1,47.05,S,2.0,0,1
4090,1,male,52.0,0,2,229.9,S,3.0,0,1
4091,3,male,23.0,0,0,26.11,S,1.0,1,0
4092,2,female,11.0,0,1,63.67,S,2.0,0,1
4093,2,male,25.0,0,1,67.78,S,2.0,0,0
4094,3,male,18.0,0,0,17.49,S,1.0,1,0
4095,2,male,36.0,0,0,117.99,S,1.0,1,1
4096,2,male,15.0,0,0,101.09,S,1.0,1,0
4097,1,female,29.0,4,1,243.31124999999997,S,6.0,0,1
4098,1,female,41.0,0,1,243.31124999999997,C,2.0,0,1
4099,2,male,29.0,0,0,82.09,S,1.0,1,0
4100,1,female,18.0,2,0,125.02,S,3.0,0,1
4101,3,male,45.0,0,1,42.93,Q,2.0,0,0
4102,2,male,6.0,0,1,73.73,S,2.0,0,1
4103,3,female,26.0,0,0,53.87,Q,1.0,1,1
4104,1,male,29.0,0,0,180.02,Q,1.0,1,1
4105,2,female,30.0,0,1,48.68,S,2.0,0,1
4106,3,female,32.0,0,0,13.07,Q,1.0,1,1
4107,3,female,38.0,0,0,46.12,S,1.0,1,0
4108,1,male,30.0,1,1,243.31124999999997,Q,3.0,0,1
4109,3,female,25.0,0,0,53.28,S,1.0,1,1
4110,3,male,25.0,1,1,55.86,S,3.0,0,0
4111,3,male,22.0,0,0,33.0,C,1.0,1,0
4112,3,male,40.0,0,0,41.03,C,1.0,1,0
4113,1,male,22.0,2,0,243.31124999999997,S,3.0,0,1
4114,1,male,41.0,0,0,117.92,S,1.0,1,1
4115,3,female,30.0,2,0,31.03,S,3.0,0,0
4116,2,male,23.0,0,1,100.23,C,2.0,0,1
4117,3,male,38.0,2,0,54.59,S,3.0,0,0
4118,2,male,21.0,0,2,109.65,C,3.0,0,1
4119,1,male,38.0,0,0,243.31124999999997,S,1.0,1,1
4120,3,male,33.0,1,0,27.11,S,2.0,0,0
4121,2,male,22.0,1,0,117.64,S,2.0,0,1
4122,3,male,37.0,0,1,6.63,C,2.0,0,0
4123,3,male,37.0,4,0,17.97,Q,5.0,0,0
4124,3,male,45.0,0,0,53.81,S,1.0,1,0
4125,3,male,43.0,0,2,12.14,Q,3.0,0,0
4126,3,male,36.0,0,0,7.83,Q,1.0,1,0
4127,3,male,15.0,1,0,36.93,C,2.0,0,0
4128,3,male,62.0,3,0,57.06,C,4.0,0,0
4129,2,male,12.0,0,0,73.69,S,1.0,1,1
4130,1,male,42.0,0,0,210.57,S,1.0,1,1
4131,2,female,36.0,1,1,49.0,S,3.0,0,1
4132,1,male,15.0,0,0,183.26,C,1.0,1,0
4133,3,male,28.0,0,0,57.06,Q,1.0,1,0
4134,3,female,29.0,0,0,28.46,S,1.0,1,0
4135,3,male,47.0,0,2,24.26,C,3.0,0,0
4136,1,male,21.0,0,0,243.31124999999997,C,1.0,1,0
4137,3,male,27.0,0,0,49.77,S,1.0,1,0
4138,2,female,1.0,1,0,95.96,S,2.0,0,1
4139,3,male,53.0,1,1,24.67,C,3.0,0,0
4140,3,male,16.0,0,0,30.42,S,1.0,1,0
4141,2,male,34.0,0,0,48.43,S,1.0,1,0
4142,1,female,29.0,0,1,243.31124999999997,S,2.0,0,1
4143,1,male,29.0,0,0,168.96,C,1.0,1,1
4144,3,male,41.0,1,0,29.98,S,2.0,0,0
4145,3,male,52.0,4,0,25.71,C,5.0,0,0
4146,3,male,33.0,1,1,29.58,S,3.0,0,0
4147,1,female,39.0,1,0,229.24,S,2.0,0,1
4148,2,male,34.0,0,0,105.4,S,1.0,1,1
4149,3,male,43.0,0,2,56.04,C,3.0,0,0
4150,3,male,24.0,2,0,32.03,S,3.0,0,0
4151,1,male,44.0,3,0,135.84,S,4.0,0,1
4152,1,male,44.0,0,1,100.49,S,2.0,0,1
4153,3,female,44.0,0,0,23.19,C,1.0,1,1
4154,2,male,21.0,1,0,74.82,S,2.0,0,1
4155,2,female,28.0,0,0,107.92,S,1.0,1,1
4156,1,female,33.0,1,0,243.31124999999997,S,2.0,0,1
4157,3,male,12.0,1,1,26.78,S,3.0,0,0
4158,3,male,51.0,0,0,59.6,S,1.0,1,0
4159,3,male,30.0,4,0,40.05,S,5.0,0,0
4160,3,male,34.0,4,2,23.38,S,6.0,0,0
4161,3,male,22.0,3,0,18.75,S,4.0,0,0
4162,1,male,13.0,0,0,141.94,S,1.0,1,1
4163,3,male,22.0,0,0,27.09,S,1.0,1,0
4164,2,female,33.0,0,0,69.58,C,1.0,1,1
4165,3,male,39.0,0,0,12.44,S,1.0,1,0
4166,2,male,32.0,0,0,42.53,S,1.0,1,0
4167,1,male,35.0,0,0,243.31124999999997,C,1.0,1,1
4168,1,female,26.0,1,1,105.12,S,3.0,0,1
4169,2,female,36.0,0,1,93.73,S,2.0,0,1
4170,1,female,49.0,0,0,212.1,S,1.0,1,1
4171,1,female,39.0,0,0,243.31124999999997,S,1.0,1,1
4172,3,male,41.0,1,0,15.46,S,2.0,0,0
4173,2,female,34.0,1,0,60.73,C,2.0,0,1
4174,3,female,10.0,0,1,30.06,S,2.0,0,1
4175,3,female,16.0,3,0,22.86,S,4.0,0,0
4176,3,female,36.0,0,0,50.84,Q,1.0,1,0
4177,3,female,30.0,0,0,32.77,S,1.0,1,1
4178,3,male,36.0,1,0,10.03,S,2.0,0,0
4179,2,male,52.0,1,0,117.33,S,2.0,0,1
4180,2,female,39.0,0,2,75.74,Q,3.0,0,1
4181,2,male,46.0,2,1,114.21,S,4.0,0,1
4182,3,male,31.0,2,0,19.01,S,3.0,0,0
4183,3,female,20.0,0,0,14.2,S,1.0,1,1
4184,2,male,29.0,0,0,71.7,S,1.0,1,0
4185,1,male,20.0,0,2,234.9,S,3.0,0,1
4186,3,male,50.0,0,2,27.56,S,3.0,0,0
4187,1,male,40.0,0,0,101.77,S,1.0,1,1
4188,3,female,37.0,1,1,17.77,Q,3.0,0,1
4189,3,male,46.0,0,0,11.32,C,1.0,1,0
4190,3,male,4.0,1,0,36.38,C,2.0,0,0
4191,3,male,38.0,0,1,56.29,S,2.0,0,0
4192,3,female,13.0,0,0,12.58,S,1.0,1,1
4193,2,male,30.0,0,1,60.04,S,2.0,0,0
4194,3,male,26.0,0,0,29.08,S,1.0,1,0
4195,3,male,39.0,0,0,21.17,S,1.0,1,0
4196,1,female,33.0,1,0,243.31124999999997,S,2.0,0,1
4197,1,male,47.0,1,0,175.05,S,2.0,0,1
4198,2,male,22.0,0,0,115.04,S,1.0,1,0
4199,2,male,39.0,1,0,68.74,S,2.0,0,0
4200,3,male,32.0,0,0,9.47,S,1.0,1,0
4201,3,male,9.0,0,0,37.72,C,1.0,1,0
4202,1,male,18.0,0,1,243.31124999999997,S,2.0,0,1
4203,1,male,28.0,1,0,243.31124999999997,Q,2.0,0,1
4204,3,male,44.0,0,0,37.77,C,1.0,1,0
4205,1,male,36.0,0,0,243.31124999999997,C,1.0,1,0
4206,2,female,15.0,0,0,82.06,Q,1.0,1,1
4207,3,male,28.0,3,0,47.96,S,4.0,0,0
4208,3,male,56.0,1,0,7.09,S,2.0,0,0
4209,1,male,31.0,1,0,123.52,C,2.0,0,1
4210,1,male,26.0,1,0,103.01,S,2.0,0,1
4211,1,male,36.0,0,0,243.31124999999997,S,1.0,1,0
4212,3,male,40.0,1,3,27.94,S,5.0,0,0
4213,3,female,24.0,2,0,36.65,S,3.0,0,1
4214,1,male,37.0,0,1,243.31124999999997,Q,2.0,0,1
4215,3,female,26.0,0,0,39.12,S,1.0,1,1
4216,3,female,39.0,0,0,27.23,S,1.0,1,1
4217,1,male,32.0,0,0,243.31124999999997,Q,1.0,1,1
4218,2,male,36.0,2,2,103.14,S,5.0,0,1
4219,3,male,20.0,0,0,45.94,C,1.0,1,0
4220,2,female,19.0,0,0,76.75,Q,1.0,1,1
4221,2,female,42.0,2,0,98.31,C,3.0,0,1
4222,3,male,29.0,0,0,45.87,S,1.0,1,0
4223,3,male,34.0,0,2,7.72,C,3.0,0,0
4224,3,female,26.0,2,1,16.07,S,4.0,0,1
4225,3,male,42.0,0,1,21.06,S,2.0,0,0
4226,3,male,22.0,1,0,37.7,S,2.0,0,0
4227,2,male,28.0,0,2,63.79,S,3.0,0,0
4228,3,male,40.0,0,0,8.32,C,1.0,1,0
4229,2,male,45.0,0,0,68.92,S,1.0,1,0
4230,1,male,23.0,0,1,243.31124999999997,S,2.0,0,1
4231,3,male,55.0,3,0,15.09,S,4.0,0,0
4232,3,female,34.0,4,0,34.99,C,5.0,0,0
4233,2,male,16.0,2,0,47.28,C,3.0,0,0
4234,3,male,35.0,0,0,22.41,S,1.0,1,0
4235,1,male,25.0,3,0,243.31124999999997,S,4.0,0,1
4236,2,female,36.0,1,0,116.05,S,2.0,0,1
4237,1,female,29.0,0,1,116.19,S,2.0,0,1
4238,3,female,31.0,1,1,19.6,S,3.0,0,1
4239,3,male,18.0,0,2,34.72,C,3.0,0,0
4240,2,male,43.0,0,0,61.22,S,1.0,1,0
4241,3,female,15.0,2,1,15.8,S,4.0,0,0
4242,2,male,16.0,1,1,107.02,C,3.0,0,1
4243,3,male,35.0,0,0,13.3,S,1.0,1,0
4244,2,male,51.0,0,0,52.62,S,1.0,1,0
4245,2,male,25.0,2,0,61.77,Q,3.0,0,0
4246,3,male,39.0,1,0,17.38,S,2.0,0,0
4247,2,male,44.0,0,0,114.14,C,1.0,1,1
4248,1,male,41.0,0,0,243.31124999999997,C,1.0,1,0
4249,3,female,26.0,0,0,34.59,S,1.0,1,1
4250,3,female,16.0,4,0,44.81,S,5.0,0,0
4251,2,female,1.0,0,0,112.43,S,1.0,1,1
4252,1,male,27.0,0,1,147.95,S,2.0,0,1
4253,2,female,45.0,0,1,88.05,S,2.0,0,1
4254,3,female,15.0,2,0,16.73,S,3.0,0,1
4255,1,male,39.0,1,0,243.31124999999997,C,2.0,0,1
4256,3,female,18.0,1,0,7.47,C,2.0,0,1
4257,3,female,31.0,0,0,23.03,S,1.0,1,1
4258,2,female,39.0,0,0,113.8,S,1.0,1,1
4259,2,male,21.0,3,1,41.36,S,5.0,0,1
4260,2,female,32.0,3,0,71.58,C,4.0,0,1
4261,1,male,25.0,3,1,243.31124999999997,S,5.0,0,1
4262,3,male,39.0,3,1,50.75,S,5.0,0,0
4263,2,male,33.0,1,0,78.21,S,2.0,0,1
4264,2,male,31.0,1,0,58.6,S,2.0,0,0
4265,3,male,50.0,2,0,13.31,C,3.0,0,0
4266,2,female,39.0,1,0,61.1,S,2.0,0,1
4267,3,female,21.0,0,0,11.12,S,1.0,1,0
4268,1,female,29.0,0,3,243.31124999999997,S,4.0,0,1
4269,3,female,29.0,4,1,50.66,Q,6.0,0,1
4270,3,female,31.0,0,2,18.86,S,3.0,0,1
4271,3,female,62.375,2,0,18.43,S,3.0,0,0
4272,3,male,35.0,0,0,42.17,C,1.0,1,0
4273,1,male,4.0,0,0,243.31124999999997,S,1.0,1,1
4274,2,male,23.0,0,0,102.49,S,1.0,1,1
4275,3,male,5.0,0,0,21.25,S,1.0,1,0
4276,3,female,26.0,0,0,51.6,Q,1.0,1,1
4277,2,female,4.0,0,0,93.26,S,1.0,1,1
4278,2,male,19.0,2,2,61.72,S,5.0,0,0
4279,1,female,10.0,0,2,156.68,S,3.0,0,1
4280,2,female,35.0,0,0,89.31,S,1.0,1,1
4281,1,male,30.0,0,1,123.96,S,2.0,0,1
4282,3,male,34.0,1,0,43.88,C,2.0,0,0
4283,1,male,29.0,1,0,122.09,S,2.0,0,1
4284,1,female,12.0,1,1,243.24,C,3.0,0,1
4285,3,male,37.0,0,0,32.91,S,1.0,1,0
4286,3,male,55.0,0,2,11.45,C,3.0,0,0
4287,3,male,35.0,1,0,26.47,C,2.0,0,0
4288,3,male,24.0,1,1,51.89,S,3.0,0,0
4289,2,male,11.0,0,3,70.43,C,4.0,0,1
4290,3,female,18.0,0,0,55.46,S,1.0,1,1
4291,3,male,36.0,0,0,41.7,S,1.0,1,0
4292,1,male,44.0,0,0,130.98,S,1.0,1,1
4293,3,male,33.0,1,0,35.06,S,2.0,0,0
4294,3,male,40.0,0,0,13.28,C,1.0,1,0
4295,2,male,39.0,0,1,60.25,S,2.0,0,0
4296,2,male,37.0,0,0,83.48,S,1.0,1,1
4297,1,male,21.0,3,2,243.31124999999997,S,6.0,0,1
4298,1,male,32.0,2,1,243.31124999999997,S,4.0,0,1
4299,2,male,19.0,2,0,64.29,Q,3.0,0,0
4300,3,female,30.0,0,0,33.81,C,1.0,1,1
4301,1,female,34.0,1,0,163.04,S,2.0,0,1
4302,3,male,52.0,0,0,45.48,S,1.0,1,0
4303,3,male,13.0,0,0,35.82,S,1.0,1,0
4304,3,male,36.0,0,0,29.19,S,1.0,1,0
4305,3,male,49.0,0,1,57.1,S,2.0,0,0
4306,1,female,40.0,0,0,195.57,S,1.0,1,1
4307,2,female,41.0,2,1,54.83,Q,4.0,0,1
4308,3,male,38.0,0,1,55.7,S,2.0,0,0
4309,3,female,47.0,0,0,36.06,S,1.0,1,1
4310,3,female,16.0,0,0,50.48,Q,1.0,1,1
4311,2,female,12.0,0,1,40.97,S,2.0,0,1
4312,3,female,30.0,0,2,9.77,S,3.0,0,1
4313,1,male,2.0,0,0,243.31124999999997,S,1.0,1,1
4314,3,female,46.0,0,0,14.11,S,1.0,1,1
4315,3,male,46.0,0,0,18.83,C,1.0,1,0
4316,1,female,24.0,0,0,204.48,S,1.0,1,1
4317,3,male,25.0,0,0,23.56,C,1.0,1,0
4318,1,female,29.0,0,0,243.31124999999997,C,1.0,1,1
4319,2,male,31.0,0,0,77.29,S,1.0,1,0
4320,3,male,32.0,0,0,59.81,S,1.0,1,0
4321,3,female,37.0,2,0,7.89,S,3.0,0,1
4322,3,male,28.0,0,0,47.81,S,1.0,1,0
4323,3,male,42.0,0,1,12.04,S,2.0,0,0
4324,2,male,36.0,3,0,73.81,S,4.0,0,1
4325,3,female,22.0,2,2,40.12,S,5.0,0,1
4326,3,male,47.0,4,0,53.03,Q,5.0,0,0
4327,1,male,12.0,1,0,243.31124999999997,S,2.0,0,1
4328,3,female,29.0,0,0,23.79,S,1.0,1,1
4329,1,female,43.0,0,1,243.31124999999997,C,2.0,0,1
4330,3,male,21.0,1,0,54.86,S,2.0,0,0
4331,2,male,34.0,4,0,101.56,S,5.0,0,1
4332,1,male,37.0,1,1,243.31124999999997,Q,3.0,0,1
4333,2,male,19.0,2,1,51.13,S,4.0,0,0
4334,3,male,29.0,0,0,35.41,S,1.0,1,0
4335,2,male,28.0,0,1,83.14,S,2.0,0,0
4336,1,female,23.0,2,0,149.91,S,3.0,0,1
4337,3,male,60.0,1,0,30.39,S,2.0,0,0
4338,3,male,20.0,4,0,37.03,S,5.0,0,0
4339,2,female,43.0,1,0,63.01,S,2.0,0,1
4340,1,male,25.0,0,0,239.7,S,1.0,1,1
4341,2,male,16.0,0,0,116.25,Q,1.0,1,0
4342,1,male,31.0,2,0,210.63,S,3.0,0,1
4343,3,male,38.0,0,0,22.21,S,1.0,1,0
4344,3,male,42.0,0,0,22.22,Q,1.0,1,0
4345,3,female,50.0,0,0,10.71,S,1.0,1,1
4346,2,male,62.375,0,0,97.19,S,1.0,1,0
4347,3,male,33.0,0,0,18.47,S,1.0,1,0
4348,3,male,21.0,1,2,13.16,Q,4.0,0,0
4349,3,male,36.0,0,0,17.47,C,1.0,1,0
4350,3,male,27.0,0,0,18.81,Q,1.0,1,0
4351,3,female,42.0,1,0,32.72,S,2.0,0,1
4352,3,female,13.0,0,1,26.23,S,2.0,0,1
4353,2,male,61.0,2,0,55.36,S,3.0,0,0
4354,3,female,41.0,0,0,34.48,Q,1.0,1,0
4355,3,female,8.0,3,0,48.33,S,4.0,0,1
4356,3,male,21.0,0,3,36.58,S,4.0,0,0
4357,1,male,41.0,0,0,243.31124999999997,S,1.0,1,1
4358,3,female,45.0,2,0,10.45,S,3.0,0,1
4359,3,male,13.0,1,0,50.16,S,2.0,0,0
4360,1,male,39.0,0,0,123.75,S,1.0,1,1
4361,1,male,5.0,4,0,105.8,S,5.0,0,1
4362,3,male,29.0,0,1,33.55,S,2.0,0,0
4363,3,male,44.0,3,0,22.89,S,4.0,0,0
4364,3,female,23.0,0,0,22.85,S,1.0,1,0
4365,1,female,10.0,0,0,243.31124999999997,S,1.0,1,1
4366,3,male,32.0,0,0,7.46,S,1.0,1,0
4367,1,male,22.0,0,0,243.31124999999997,Q,1.0,1,0
4368,2,male,38.0,0,0,67.82,S,1.0,1,0
4369,1,male,18.0,0,0,243.31124999999997,S,1.0,1,0
4370,1,male,20.0,0,0,176.84,S,1.0,1,1
4371,1,male,4.0,0,0,165.82,S,1.0,1,1
4372,2,female,32.0,0,1,107.7,S,2.0,0,1
4373,1,female,28.0,2,0,150.02,C,3.0,0,1
4374,2,male,15.0,0,2,88.2,S,3.0,0,0
4375,3,female,33.0,1,0,6.05,C,2.0,0,0
4376,2,female,43.0,3,0,84.73,Q,4.0,0,1
4377,2,male,27.0,1,0,40.45,S,2.0,0,0
4378,3,male,33.0,4,0,59.74,S,5.0,0,0
4379,1,male,34.0,0,0,120.52,S,1.0,1,0
4380,3,female,14.0,0,1,15.29,S,2.0,0,1
4381,1,female,57.0,0,2,243.31124999999997,C,3.0,0,1
4382,1,female,24.0,0,0,127.4,C,1.0,1,1
4383,3,male,39.0,2,2,13.18,S,5.0,0,0
4384,3,female,40.0,0,0,32.72,S,1.0,1,0
4385,3,male,28.0,0,2,26.97,S,3.0,0,0
4386,3,male,38.0,1,0,22.85,S,2.0,0,0
4387,3,male,33.0,0,1,50.24,S,2.0,0,0
4388,1,female,12.0,0,0,243.31124999999997,C,1.0,1,1
4389,1,male,26.0,0,2,243.31124999999997,S,3.0,0,1
4390,1,male,22.0,2,0,243.31124999999997,S,3.0,0,1
4391,1,male,24.0,2,0,219.11,S,3.0,0,1
4392,3,male,13.0,0,0,34.58,C,1.0,1,0
4393,3,female,45.0,0,1,37.53,C,2.0,0,1
4394,1,male,51.0,0,0,101.03,C,1.0,1,1
4395,3,female,43.0,0,0,56.84,S,1.0,1,1
4396,3,female,47.0,1,0,44.97,S,2.0,0,1
4397,2,female,26.0,0,1,50.03,S,2.0,0,1
4398,1,male,22.0,0,0,243.31124999999997,S,1.0,1,1
4399,1,male,20.0,3,0,197.32,Q,4.0,0,1
4400,1,female,38.0,2,2,160.24,S,5.0,0,1
4401,1,male,33.0,1,0,156.57,S,2.0,0,1
4402,3,female,29.0,0,0,25.1,C,1.0,1,1
4403,1,male,47.0,0,0,142.72,S,1.0,1,0
4404,2,female,35.0,0,2,117.09,S,3.0,0,1
4405,3,female,19.0,1,0,55.83,S,2.0,0,1
4406,3,male,21.0,0,0,9.85,S,1.0,1,0
4407,3,female,39.0,2,2,36.9,C,5.0,0,1
4408,1,male,44.0,4,0,235.65,C,5.0,0,1
4409,2,female,37.0,0,1,97.72,S,2.0,0,1
4410,3,male,55.0,0,0,49.01,S,1.0,1,0
4411,1,female,51.0,1,0,243.31124999999997,S,2.0,0,1
4412,1,male,36.0,3,0,169.5,S,4.0,0,1
4413,3,male,19.0,2,1,27.67,S,4.0,0,0
4414,3,female,13.0,0,0,43.01,C,1.0,1,1
4415,2,male,25.0,0,0,116.44,S,1.0,1,0
4416,2,female,40.0,1,2,42.95,S,4.0,0,1
4417,2,male,54.0,1,0,63.36,S,2.0,0,1
4418,1,female,35.0,0,1,159.94,S,2.0,0,1
4419,2,male,45.0,0,0,110.34,S,1.0,1,1
4420,1,male,27.0,1,0,243.31124999999997,S,2.0,0,1
4421,1,male,38.0,0,1,172.97,S,2.0,0,1
4422,3,male,41.0,2,0,33.17,S,3.0,0,0
4423,3,male,4.0,0,1,36.55,S,2.0,0,1
4424,3,male,25.0,1,0,13.04,C,2.0,0,0
4425,2,male,42.0,1,0,65.26,S,2.0,0,0
4426,2,male,34.0,0,0,101.78,S,1.0,1,1
4427,1,female,14.0,1,0,243.31124999999997,S,2.0,0,1
4428,1,male,1.0,1,0,243.31124999999997,S,2.0,0,1
4429,1,male,25.0,3,1,140.75,S,5.0,0,1
4430,3,male,29.0,0,0,46.69,C,1.0,1,0
4431,3,male,19.0,1,0,36.23,C,2.0,0,0
4432,3,female,32.0,1,1,26.27,S,3.0,0,0
4433,2,male,37.0,0,1,88.04,S,2.0,0,0
4434,3,female,39.0,2,0,13.29,S,3.0,0,1
4435,1,female,1.0,0,0,144.68,S,1.0,1,1
4436,2,female,13.0,0,1,91.09,S,2.0,0,1
4437,2,male,26.0,0,0,108.09,Q,1.0,1,0
4438,3,female,37.0,0,0,54.32,S,1.0,1,1
4439,3,female,36.0,2,3,48.74,S,6.0,0,1
4440,1,male,36.0,1,0,103.02,S,2.0,0,0
4441,3,female,25.0,0,0,53.47,S,1.0,1,1
4442,3,female,26.0,1,2,29.88,S,4.0,0,1
4443,1,female,21.0,0,1,243.31124999999997,C,2.0,0,1
4444,2,female,40.0,0,2,49.32,S,3.0,0,1
4445,2,male,18.0,0,0,83.65,S,1.0,1,0
4446,3,female,41.0,0,0,18.93,Q,1.0,1,0
4447,1,male,33.0,0,1,243.31124999999997,C,2.0,0,1
4448,3,male,29.0,1,0,31.76,C,2.0,0,0
4449,2,female,21.0,0,1,61.31,S,2.0,0,1
4450,3,female,12.0,0,0,48.21,Q,1.0,1,1
4451,2,male,22.0,0,1,70.16,C,2.0,0,0
4452,3,male,26.0,0,0,29.58,C,1.0,1,0
4453,3,female,1.0,3,0,5.1,Q,4.0,0,1
4454,3,female,27.0,0,0,49.98,Q,1.0,1,1
4455,3,male,42.0,2,1,32.11,S,4.0,0,0
4456,1,female,37.0,0,0,243.31124999999997,S,1.0,1,1
4457,3,male,24.0,1,0,46.88,S,2.0,0,0
4458,1,male,31.0,0,0,196.66,S,1.0,1,0
4459,2,male,23.0,3,0,61.72,S,4.0,0,0
4460,3,female,32.0,0,1,36.67,S,2.0,0,1
4461,2,male,50.0,0,0,58.66,S,1.0,1,0
4462,3,female,43.0,4,0,14.99,S,5.0,0,1
4463,3,male,37.0,2,0,21.46,S,3.0,0,0
4464,1,male,24.0,0,0,243.31124999999997,S,1.0,1,1
4465,3,male,40.0,4,2,59.56,C,6.0,0,0
4466,2,male,8.0,1,0,43.28,Q,2.0,0,1
4467,1,male,27.0,0,0,243.31124999999997,S,1.0,1,1
4468,1,male,38.0,0,0,183.85,S,1.0,1,0
4469,3,male,40.0,0,1,28.16,S,2.0,0,0
4470,3,female,39.0,0,0,29.41,S,1.0,1,1
4471,3,male,34.0,1,1,35.19,C,3.0,0,0
4472,3,male,27.0,0,0,37.76,S,1.0,1,0
4473,1,male,37.0,0,1,243.31124999999997,S,2.0,0,1
4474,2,female,18.0,2,0,46.33,C,3.0,0,1
4475,3,male,19.0,0,2,50.04,Q,3.0,0,0
4476,2,male,31.0,4,0,42.12,S,5.0,0,1
4477,2,male,32.0,3,0,80.1,S,4.0,0,0
4478,2,male,6.0,3,1,88.34,S,5.0,0,1
4479,3,female,36.0,1,0,47.19,S,2.0,0,1
4480,3,female,40.0,0,0,37.1,C,1.0,1,1
4481,1,female,29.0,0,2,167.37,Q,3.0,0,1
4482,2,female,61.0,0,0,65.79,S,1.0,1,1
4483,3,male,21.0,0,0,10.73,C,1.0,1,1
4484,3,male,25.0,1,0,21.58,S,2.0,0,0
4485,1,male,25.0,0,0,243.31124999999997,S,1.0,1,1
4486,3,male,29.0,3,1,21.77,S,5.0,0,0
4487,1,female,26.0,2,0,243.31124999999997,C,3.0,0,1
4488,2,female,12.0,0,0,110.35,C,1.0,1,1
4489,3,female,23.0,0,0,46.13,S,1.0,1,1
4490,3,female,29.0,0,0,23.99,S,1.0,1,0
4491,2,male,46.0,2,2,115.87,S,5.0,0,0
4492,3,female,59.0,1,1,39.51,C,3.0,0,1
4493,3,female,47.0,0,0,5.21,S,1.0,1,1
4494,3,female,20.0,0,0,25.91,S,1.0,1,1
4495,3,male,21.0,0,2,20.98,C,3.0,0,0
4496,3,male,28.0,3,0,16.98,S,4.0,0,0
4497,2,male,53.0,0,0,90.54,S,1.0,1,1
4498,1,male,28.0,0,0,155.12,C,1.0,1,1
4499,2,male,13.0,2,0,99.35,S,3.0,0,1
4500,2,female,23.0,2,1,51.31,S,4.0,0,1
4501,3,male,40.0,2,0,16.78,S,3.0,0,0
4502,3,male,39.0,0,2,14.59,S,3.0,0,0
4503,2,male,27.0,1,0,117.81,S,2.0,0,1
4504,1,male,39.0,0,0,185.54,S,1.0,1,1
4505,2,female,1.0,0,2,112.53,S,3.0,0,1
4506,2,male,31.0,0,1,67.29,S,2.0,0,1
4507,3,female,41.0,0,1,55.4,S,2.0,0,1
4508,1,male,19.0,0,0,169.02,S,1.0,1,1
4509,3,female,19.0,3,1,13.55,S,5.0,0,1
4510,3,female,6.0,0,0,42.59,S,1.0,1,1
4511,1,male,51.0,3,0,243.31124999999997,S,4.0,0,1
4512,2,male,21.0,0,0,114.14,S,1.0,1,1
4513,1,female,33.0,0,0,223.25,S,1.0,1,1
4514,3,male,38.0,1,1,43.34,S,3.0,0,0
4515,3,male,50.0,1,0,22.68,C,2.0,0,0
4516,2,female,28.0,0,0,65.83,S,1.0,1,1
4517,3,male,23.0,2,0,26.59,S,3.0,0,0
4518,3,male,32.0,0,0,17.13,S,1.0,1,0
4519,1,male,47.0,3,0,243.31124999999997,S,4.0,0,1
4520,1,male,28.0,0,0,243.31124999999997,S,1.0,1,1
4521,3,female,18.0,2,0,41.31,S,3.0,0,1
4522,3,male,10.0,0,0,28.98,C,1.0,1,0
4523,3,male,14.0,2,3,11.54,S,6.0,0,1
4524,3,male,41.0,1,0,57.64,S,2.0,0,0
4525,3,female,26.0,0,0,19.87,S,1.0,1,1
4526,2,male,22.0,2,1,43.26,S,4.0,0,1
4527,3,male,21.0,0,0,40.5,C,1.0,1,0
4528,3,female,31.0,0,2,47.38,S,3.0,0,1
4529,3,male,27.0,1,0,59.13,S,2.0,0,0
4530,1,male,26.0,0,1,105.6,S,2.0,0,1
4531,2,female,48.0,0,0,58.53,Q,1.0,1,1
4532,1,male,50.0,0,0,243.31124999999997,S,1.0,1,0
4533,1,female,9.0,2,0,243.31124999999997,S,3.0,0,1
4534,2,male,34.0,0,0,57.46,S,1.0,1,0
4535,3,male,20.0,0,1,5.95,S,2.0,0,0
4536,3,male,27.0,1,0,15.79,S,2.0,0,0
4537,2,male,34.0,2,0,109.02,S,3.0,0,1
4538,3,male,27.0,3,0,14.93,C,4.0,0,0
4539,1,female,33.0,1,1,152.4,S,3.0,0,1
4540,1,male,39.0,1,1,243.31124999999997,S,3.0,0,1
4541,1,female,34.0,0,0,125.27,C,1.0,1,1
4542,3,female,22.0,0,0,50.7,C,1.0,1,1
4543,1,female,22.0,1,0,137.29,S,2.0,0,1
4544,2,male,11.0,4,0,55.73,S,5.0,0,1
4545,2,female,19.0,1,0,90.09,C,2.0,0,1
4546,3,female,56.0,0,0,19.97,S,1.0,1,1
4547,1,female,20.0,0,3,237.89,S,4.0,0,1
4548,3,female,14.0,1,2,41.96,S,4.0,0,0
4549,3,male,34.0,1,0,51.3,S,2.0,0,0
4550,3,male,29.0,1,0,15.11,C,2.0,0,0
4551,3,female,27.0,0,3,53.33,S,4.0,0,1
4552,1,male,48.0,0,0,243.31124999999997,S,1.0,1,1
4553,1,male,37.0,3,0,243.31124999999997,S,4.0,0,1
4554,3,male,23.0,1,2,40.36,S,4.0,0,0
4555,2,male,24.0,0,0,75.51,C,1.0,1,0
4556,3,male,23.0,0,0,6.55,S,1.0,1,0
4557,3,female,41.0,3,0,26.96,S,4.0,0,0
4558,3,male,26.0,2,0,48.16,S,3.0,0,1
4559,3,male,7.0,0,0,35.55,S,1.0,1,0
4560,3,male,29.0,0,0,20.51,S,1.0,1,0
4561,3,male,10.0,0,0,56.08,C,1.0,1,0
4562,2,female,58.0,0,3,65.0,S,4.0,0,1
4563,3,male,17.0,1,0,18.9,S,2.0,0,0
4564,1,male,28.0,0,0,214.29,S,1.0,1,0
4565,1,female,33.0,1,0,243.31124999999997,S,2.0,0,1
4566,3,female,26.0,1,0,32.92,S,2.0,0,1
4567,2,male,26.0,0,1,58.34,S,2.0,0,0
4568,1,male,35.0,0,0,221.55,S,1.0,1,1
4569,1,male,50.0,0,0,100.37,Q,1.0,1,1
4570,3,male,40.0,0,0,14.49,C,1.0,1,0
4571,3,male,49.0,0,0,48.36,S,1.0,1,0
4572,3,female,16.0,1,0,46.16,S,2.0,0,1
4573,1,female,34.0,1,0,243.31124999999997,S,2.0,0,1
4574,3,female,32.0,1,0,22.89,C,2.0,0,1
4575,3,male,35.0,1,3,44.06,Q,5.0,0,0
4576,2,female,48.0,1,1,59.1,S,3.0,0,1
4577,2,male,27.0,1,1,85.8,Q,3.0,0,1
4578,1,male,25.0,0,2,243.31124999999997,S,3.0,0,1
4579,3,female,37.0,4,1,53.43,S,6.0,0,1
4580,3,female,7.0,0,2,9.13,S,3.0,0,1
4581,3,female,27.0,0,0,29.52,C,1.0,1,1
4582,2,male,28.0,0,0,54.73,S,1.0,1,1
4583,3,female,18.0,4,1,42.2,C,6.0,0,0
4584,3,female,44.0,4,0,59.79,S,5.0,0,1
4585,3,male,16.0,1,0,42.55,S,2.0,0,0
4586,3,male,28.0,1,0,39.11,S,2.0,0,0
4587,2,female,34.0,0,0,108.85,S,1.0,1,1
4588,1,male,48.0,4,0,183.69,S,5.0,0,1
4589,3,female,30.0,1,0,9.09,C,2.0,0,1
4590,3,male,42.0,3,0,35.84,S,4.0,0,0
4591,3,male,39.0,0,1,24.73,S,2.0,0,0
4592,1,female,32.0,0,1,243.31124999999997,S,2.0,0,1
4593,3,male,16.0,2,1,21.85,C,4.0,0,0
4594,2,male,11.0,0,2,51.69,S,3.0,0,1
4595,2,female,31.0,3,0,52.23,Q,4.0,0,1
4596,3,female,23.0,0,0,10.19,Q,1.0,1,1
4597,3,male,42.0,3,0,34.71,S,4.0,0,0
4598,1,female,40.0,0,2,243.31124999999997,S,3.0,0,1
4599,2,female,28.0,1,0,108.17,S,2.0,0,1
4600,2,male,15.0,0,1,115.32,S,2.0,0,1
4601,1,female,37.0,1,0,136.32,S,2.0,0,1
4602,3,male,17.0,0,2,7.07,S,3.0,0,0
4603,3,female,20.0,3,0,30.85,Q,4.0,0,1
4604,2,female,17.0,1,1,118.22,C,3.0,0,1
4605,3,male,28.0,0,0,34.52,S,1.0,1,0
4606,3,male,45.0,2,0,51.95,S,3.0,0,0
4607,3,male,30.0,0,0,55.12,S,1.0,1,0
4608,1,male,24.0,0,3,243.31124999999997,C,4.0,0,1
4609,3,female,10.0,0,0,49.65,S,1.0,1,1
4610,2,male,37.0,2,2,43.21,S,5.0,0,0
4611,2,male,20.0,0,1,115.46,S,2.0,0,1
4612,1,female,32.0,0,1,243.31124999999997,S,2.0,0,1
4613,2,male,25.0,3,0,82.39,S,4.0,0,0
4614,1,female,41.0,1,0,243.31124999999997,S,2.0,0,1
4615,1,male,28.0,0,0,158.08,S,1.0,1,1
4616,2,male,29.0,1,2,67.33,S,4.0,0,0
4617,3,male,36.0,2,2,9.25,Q,5.0,0,0
4618,3,male,57.0,0,1,49.78,S,2.0,0,0
4619,2,male,42.0,2,0,91.03,S,3.0,0,0
4620,3,female,29.0,0,0,31.95,Q,1.0,1,0
4621,3,male,30.0,1,3,19.55,C,5.0,0,0
4622,3,female,23.0,0,0,33.13,S,1.0,1,1
4623,1,male,18.0,1,1,148.9,S,3.0,0,1
4624,3,male,23.0,0,0,54.84,Q,1.0,1,0
4625,3,male,20.0,1,0,58.38,S,2.0,0,0
4626,3,female,38.0,0,1,28.47,C,2.0,0,1
4627,2,male,16.0,0,0,67.54,S,1.0,1,0
4628,3,male,47.0,0,0,21.22,C,1.0,1,0
4629,3,female,40.0,2,2,5.38,S,5.0,0,0
4630,3,male,30.0,0,1,47.22,S,2.0,0,0
4631,1,female,30.0,0,1,227.61,C,2.0,0,1
4632,2,male,23.0,0,1,88.53,S,2.0,0,1
4633,3,female,34.0,1,0,55.82,S,2.0,0,1
4634,3,male,44.0,0,0,48.55,S,1.0,1,0
4635,1,female,21.0,1,0,243.31124999999997,S,2.0,0,1
4636,3,female,10.0,0,0,47.73,S,1.0,1,1
4637,2,male,39.0,0,0,106.99,S,1.0,1,1
4638,3,female,34.0,0,1,54.79,S,2.0,0,1
4639,3,male,15.0,3,0,34.9,S,4.0,0,0
4640,3,female,20.0,0,0,43.69,C,1.0,1,1
4641,3,male,19.0,0,0,46.92,S,1.0,1,0
4642,2,male,21.0,0,0,68.72,S,1.0,1,1
4643,3,female,26.0,1,0,40.58,Q,2.0,0,0
4644,1,female,27.0,0,1,122.14,C,2.0,0,1
4645,3,female,22.0,2,0,31.36,S,3.0,0,1
4646,3,male,20.0,0,0,59.79,S,1.0,1,0
4647,3,male,27.0,0,0,23.57,S,1.0,1,0
4648,2,male,32.0,0,0,62.58,S,1.0,1,0
4649,3,male,26.0,1,0,47.08,C,2.0,0,0
4650,1,female,45.0,1,2,209.33,S,4.0,0,1
4651,1,female,37.0,0,0,151.07,Q,1.0,1,1
4652,3,female,9.0,3,0,10.27,S,4.0,0,1
4653,2,female,37.0,0,0,60.12,S,1.0,1,1
4654,3,female,38.0,1,0,56.92,S,2.0,0,1
4655,2,male,24.0,0,0,64.23,S,1.0,1,0
4656,1,male,11.0,0,0,243.31124999999997,S,1.0,1,1
4657,3,male,30.0,2,0,58.41,S,3.0,0,0
4658,3,female,30.0,1,0,21.89,S,2.0,0,1
4659,1,male,15.0,0,0,115.71,S,1.0,1,0
4660,3,male,11.0,0,0,32.4,S,1.0,1,0
4661,3,male,29.0,0,0,59.49,S,1.0,1,0
4662,3,female,27.0,1,2,8.79,S,4.0,0,1
4663,2,female,25.0,0,0,119.48,S,1.0,1,1
4664,3,female,29.0,2,1,24.91,Q,4.0,0,1
4665,3,female,16.0,0,0,9.31,C,1.0,1,0
4666,3,male,24.0,0,0,56.43,Q,1.0,1,0
4667,1,female,37.0,0,0,206.04,Q,1.0,1,1
4668,3,female,25.0,0,1,46.44,S,2.0,0,1
4669,3,male,8.0,0,0,18.22,S,1.0,1,1
4670,3,male,24.0,0,0,46.88,S,1.0,1,0
4671,2,male,16.0,1,0,62.61,S,2.0,0,0
4672,3,male,33.0,0,0,28.7,S,1.0,1,0
4673,3,male,34.0,1,0,36.46,S,2.0,0,0
4674,1,female,8.0,0,0,157.76,S,1.0,1,1
4675,2,male,40.0,4,0,60.68,S,5.0,0,0
4676,3,male,16.0,4,1,29.47,S,6.0,0,0
4677,1,male,50.0,2,0,149.3,Q,3.0,0,1
4678,3,female,29.0,1,0,48.13,S,2.0,0,1
4679,3,male,14.0,0,0,6.34,C,1.0,1,0
4680,3,female,15.0,1,0,37.36,S,2.0,0,1
4681,2,male,35.0,3,0,76.41,S,4.0,0,0
4682,1,female,25.0,0,0,238.38,S,1.0,1,1
4683,3,female,29.0,0,0,50.78,S,1.0,1,1
4684,2,male,51.0,0,0,86.82,Q,1.0,1,0
4685,3,male,21.0,0,0,59.67,S,1.0,1,0
4686,2,male,31.0,0,0,69.13,S,1.0,1,0
4687,1,female,48.0,0,0,138.89,S,1.0,1,1
4688,1,female,34.0,0,0,243.31124999999997,C,1.0,1,1
4689,3,male,9.0,3,0,52.11,Q,4.0,0,0
4690,3,male,37.0,0,0,11.18,C,1.0,1,0
4691,2,male,15.0,2,2,83.49,S,5.0,0,0
4692,2,male,48.0,0,0,113.91,S,1.0,1,1
4693,2,male,19.0,0,0,90.56,S,1.0,1,0
4694,3,male,62.375,0,0,54.52,S,1.0,1,0
4695,2,male,49.0,0,0,102.77,S,1.0,1,1
4696,3,male,20.0,0,2,7.07,S,3.0,0,0
4697,3,female,30.0,0,1,21.18,S,2.0,0,1
4698,3,male,40.0,0,1,25.52,S,2.0,0,0
4699,1,male,40.0,1,2,125.41,S,4.0,0,1
4700,3,male,36.0,0,0,46.75,S,1.0,1,0
4701,1,male,46.0,0,0,195.53,S,1.0,1,1
4702,1,female,28.0,1,2,243.31124999999997,S,4.0,0,1
4703,3,male,25.0,0,0,59.72,S,1.0,1,0
4704,3,male,25.0,0,2,22.43,S,3.0,0,0
4705,2,female,41.0,0,0,86.38,S,1.0,1,1
4706,2,female,35.0,0,0,88.19,S,1.0,1,1
4707,3,female,34.0,0,2,36.87,C,3.0,0,1
4708,1,male,40.0,0,0,147.34,S,1.0,1,1
4709,3,female,3.0,0,1,14.13,S,2.0,0,1
4710,3,male,34.0,1,0,8.0,S,2.0,0,0
4711,2,female,33.0,0,1,79.87,C,2.0,0,1
4712,2,male,52.0,0,2,59.81,S,3.0,0,0
4713,2,female,10.0,2,0,102.63,C,3.0,0,1
4714,3,female,50.0,1,0,9.23,Q,2.0,0,1
4715,3,male,31.0,0,0,39.29,S,1.0,1,0
4716,2,male,36.0,3,2,47.79,S,6.0,0,0
4717,3,female,52.0,0,1,8.85,S,2.0,0,1
4718,3,female,37.0,0,0,39.19,S,1.0,1,0
4719,2,female,35.0,4,0,56.91,S,5.0,0,1
4720,3,male,33.0,2,1,7.28,C,4.0,0,0
4721,2,male,24.0,0,1,68.73,S,2.0,0,1
4722,1,male,30.0,1,0,205.37,S,2.0,0,1
4723,1,male,21.0,1,0,171.32,S,2.0,0,1
4724,2,male,29.0,0,1,108.62,S,2.0,0,1
4725,1,female,1.0,0,0,243.31124999999997,S,1.0,1,1
4726,1,male,36.0,0,2,116.01,C,3.0,0,1
4727,3,male,28.0,2,0,48.6,S,3.0,0,0
4728,3,female,26.0,0,0,55.74,S,1.0,1,1
4729,3,female,33.0,1,0,54.02,S,2.0,0,1
4730,1,female,11.0,0,2,194.17,Q,3.0,0,1
4731,1,female,55.0,0,0,243.31124999999997,C,1.0,1,1
4732,1,male,29.0,1,0,119.46,S,2.0,0,1
4733,3,male,28.0,1,0,52.78,S,2.0,0,0
4734,3,male,17.0,0,1,51.2,S,2.0,0,0
4735,2,male,30.0,0,0,119.65,Q,1.0,1,1
4736,1,male,48.0,0,0,243.31124999999997,S,1.0,1,1
4737,3,male,43.0,0,0,25.84,S,1.0,1,0
4738,2,female,41.0,0,0,80.2,S,1.0,1,1
4739,2,female,37.0,1,0,104.25,S,2.0,0,1
4740,3,male,25.0,0,0,19.63,S,1.0,1,0
4741,3,female,11.0,0,0,14.97,S,1.0,1,1
4742,1,female,27.0,0,1,243.31124999999997,S,2.0,0,1
4743,1,male,27.0,2,1,155.38,S,4.0,0,1
4744,3,male,44.0,0,2,19.31,S,3.0,0,0
4745,1,female,34.0,1,0,243.31124999999997,S,2.0,0,1
4746,1,male,51.0,0,1,243.31124999999997,C,2.0,0,1
4747,1,male,46.0,0,0,119.96,S,1.0,1,1
4748,1,female,24.0,0,0,243.31124999999997,S,1.0,1,1
4749,2,female,7.0,0,0,94.88,C,1.0,1,1
4750,3,male,48.0,1,0,36.59,C,2.0,0,0
4751,2,female,48.0,0,0,61.43,S,1.0,1,1
4752,2,female,12.0,1,0,115.74,S,2.0,0,1
4753,3,male,50.0,0,0,27.87,C,1.0,1,0
4754,3,male,35.0,0,0,29.41,S,1.0,1,0
4755,3,female,32.0,0,0,37.57,Q,1.0,1,1
4756,3,female,51.0,1,0,11.77,C,2.0,0,1
4757,1,female,47.0,2,0,243.31124999999997,S,3.0,0,1
4758,3,male,38.0,2,0,48.46,S,3.0,0,0
4759,2,female,36.0,0,0,47.29,S,1.0,1,1
4760,3,male,38.0,1,0,42.66,Q,2.0,0,0
4761,2,male,25.0,0,0,94.6,C,1.0,1,1
4762,3,female,29.0,1,1,50.2,S,3.0,0,1
4763,3,male,18.0,3,0,59.35,S,4.0,0,0
4764,1,male,26.0,0,0,243.31124999999997,S,1.0,1,1
4765,3,male,25.0,0,1,32.8,Q,2.0,0,0
4766,3,female,22.0,1,0,29.35,C,2.0,0,1
4767,3,male,32.0,1,0,54.18,S,2.0,0,0
4768,1,male,26.0,0,0,243.31124999999997,S,1.0,1,1
4769,3,male,37.0,4,0,40.94,S,5.0,0,0
4770,2,female,9.0,1,0,108.43,Q,2.0,0,1
4771,1,male,29.0,0,1,236.37,S,2.0,0,1
4772,2,female,32.0,0,0,54.63,C,1.0,1,1
4773,1,female,26.0,1,0,123.7,S,2.0,0,1
4774,3,male,28.0,0,0,49.03,S,1.0,1,0
4775,2,male,9.0,0,1,87.74,S,2.0,0,0
4776,3,male,35.0,0,1,36.01,C,2.0,0,0
4777,1,male,38.0,1,0,243.31124999999997,S,2.0,0,1
4778,2,male,36.0,1,0,106.43,S,2.0,0,1
4779,1,male,44.0,0,0,243.31124999999997,S,1.0,1,1
4780,1,male,33.0,1,0,243.31124999999997,C,2.0,0,1
4781,1,female,36.0,4,0,188.55,S,5.0,0,1
4782,1,male,32.0,0,0,126.77,S,1.0,1,1
4783,3,male,39.0,1,2,38.04,S,4.0,0,0
4784,2,male,9.0,3,0,55.5,C,4.0,0,1
4785,2,male,18.0,1,0,73.85,C,2.0,0,0
4786,2,male,51.0,1,0,79.23,S,2.0,0,1
4787,3,female,1.0,0,0,32.61,Q,1.0,1,1
4788,3,female,28.0,0,0,35.35,S,1.0,1,1
4789,2,male,45.0,0,1,58.0,S,2.0,0,0
4790,2,female,29.0,1,0,81.27,C,2.0,0,1
4791,1,female,25.0,4,3,243.31124999999997,S,6.0,0,1
4792,3,male,32.0,0,0,9.06,Q,1.0,1,0
4793,1,female,25.0,0,0,158.29,S,1.0,1,1
4794,2,female,30.0,0,0,109.25,S,1.0,1,1
4795,2,male,21.0,1,1,111.01,S,3.0,0,0
4796,2,male,44.0,0,0,94.85,S,1.0,1,0
4797,1,male,49.0,1,0,243.31124999999997,S,2.0,0,1
4798,3,male,28.0,0,0,10.34,S,1.0,1,0
4799,1,male,12.0,0,2,108.46,S,3.0,0,1
4800,3,male,23.0,0,0,19.09,C,1.0,1,0
4801,1,male,28.0,2,0,226.94,S,3.0,0,1
4802,1,female,37.0,0,0,243.31124999999997,C,1.0,1,1
4803,3,female,17.0,3,0,18.09,S,4.0,0,1
4804,1,male,20.0,0,0,243.31124999999997,S,1.0,1,1
4805,3,male,37.0,0,0,16.62,S,1.0,1,0
4806,3,male,42.0,0,1,10.35,S,2.0,0,0
4807,1,male,22.0,4,0,124.26,C,5.0,0,1
4808,3,male,13.0,1,1,59.85,Q,3.0,0,0
4809,1,male,62.375,0,1,221.9,S,2.0,0,0
4810,3,male,40.0,1,0,52.51,S,2.0,0,0
4811,1,female,27.0,0,0,243.31124999999997,S,1.0,1,1
4812,3,male,41.0,0,1,41.66,Q,2.0,0,0
4813,1,female,28.0,0,0,150.32,C,1.0,1,1
4814,3,male,41.0,2,0,20.11,S,3.0,0,0
4815,3,male,32.0,0,1,33.07,S,2.0,0,0
4816,3,male,31.0,0,0,53.46,S,1.0,1,0
4817,3,male,29.0,0,1,7.36,C,2.0,0,0
4818,3,male,11.0,0,0,32.88,C,1.0,1,0
4819,3,female,55.0,0,0,7.81,Q,1.0,1,0
4820,1,female,18.0,0,0,243.31124999999997,S,1.0,1,1
4821,2,male,12.0,0,1,102.17,S,2.0,0,1
4822,2,male,27.0,3,0,107.61,S,4.0,0,1
4823,2,male,18.0,0,0,62.5,S,1.0,1,0
4824,2,female,29.0,0,1,74.56,S,2.0,0,1
4825,3,male,39.0,0,2,30.85,C,3.0,0,0
4826,1,male,43.0,0,1,243.31124999999997,S,2.0,0,1
4827,3,male,41.0,1,0,24.58,S,2.0,0,0
4828,1,male,26.0,0,1,243.31124999999997,C,2.0,0,1
4829,2,male,31.0,2,0,56.73,Q,3.0,0,1
4830,3,male,35.0,1,0,9.44,S,2.0,0,0
4831,3,male,7.0,1,2,47.58,C,4.0,0,1
4832,3,male,37.0,0,0,18.92,C,1.0,1,0
4833,3,female,11.0,0,0,43.7,S,1.0,1,1
4834,1,male,57.0,0,0,172.43,S,1.0,1,1
4835,3,female,25.0,2,1,38.65,Q,4.0,0,1
4836,1,female,28.0,0,0,243.31124999999997,Q,1.0,1,1
4837,2,male,20.0,0,0,58.23,S,1.0,1,0
4838,2,female,22.0,0,0,109.77,S,1.0,1,1
4839,1,male,60.0,1,0,165.37,C,2.0,0,1
4840,2,male,42.0,1,1,59.64,C,3.0,0,1
4841,3,male,10.0,0,0,34.7,S,1.0,1,0
4842,3,male,50.0,0,1,23.55,S,2.0,0,0
4843,2,female,46.0,0,1,70.74,Q,2.0,0,1
4844,1,male,26.0,0,0,153.2,S,1.0,1,0
4845,1,female,34.0,1,0,243.31124999999997,S,2.0,0,1
4846,2,male,30.0,1,0,108.86,S,2.0,0,1
4847,3,male,56.0,1,1,26.41,S,3.0,0,0
4848,1,female,20.0,0,0,196.23,S,1.0,1,1
4849,3,male,32.0,1,0,5.12,S,2.0,0,0
4850,1,male,24.0,4,0,179.94,S,5.0,0,1
4851,3,male,11.0,2,0,9.8,C,3.0,0,0
4852,2,male,58.0,2,1,88.14,S,4.0,0,1
4853,3,female,15.0,0,1,46.89,S,2.0,0,1
4854,2,male,33.0,1,0,110.85,S,2.0,0,1
4855,3,male,7.0,2,0,17.3,S,3.0,0,0
4856,1,male,25.0,1,1,156.11,S,3.0,0,1
4857,1,female,35.0,0,0,243.31124999999997,C,1.0,1,1
4858,3,male,19.0,3,0,50.75,S,4.0,0,1
4859,3,female,38.0,0,2,32.77,S,3.0,0,1
4860,3,female,27.0,0,0,40.95,C,1.0,1,1
4861,3,male,45.0,0,0,37.84,S,1.0,1,0
4862,3,male,48.0,1,0,40.1,S,2.0,0,0
4863,1,male,22.0,0,1,243.31124999999997,C,2.0,0,1
4864,2,male,31.0,0,0,113.44,C,1.0,1,0
4865,2,male,32.0,1,1,50.13,C,3.0,0,0
4866,3,female,38.0,1,2,37.32,S,4.0,0,1
4867,2,male,30.0,1,2,83.13,Q,4.0,0,1
4868,1,female,32.0,0,1,111.19,C,2.0,0,1
4869,3,male,27.0,1,0,16.35,S,2.0,0,0
4870,3,female,31.0,0,2,29.02,S,3.0,0,1
4871,2,female,47.0,0,0,80.84,S,1.0,1,1
4872,1,male,38.0,0,1,243.31124999999997,S,2.0,0,1
4873,1,female,39.0,2,0,186.69,S,3.0,0,1
4874,1,female,39.0,0,0,243.31124999999997,S,1.0,1,1
4875,2,male,28.0,0,0,110.85,S,1.0,1,1
4876,3,female,34.0,0,1,58.44,S,2.0,0,1
4877,3,female,16.0,0,0,47.46,S,1.0,1,0
4878,3,female,46.0,3,0,20.77,S,4.0,0,1
4879,2,male,1.0,3,1,84.09,S,5.0,0,1
4880,3,male,29.0,0,1,29.62,C,2.0,0,0
4881,1,male,45.0,0,0,127.93,S,1.0,1,1
4882,2,male,12.0,0,0,65.26,S,1.0,1,0
4883,3,female,35.0,1,0,15.95,S,2.0,0,1
4884,1,male,21.0,0,0,142.06,C,1.0,1,0
4885,1,female,25.0,0,2,243.31124999999997,S,3.0,0,1
4886,3,male,42.0,0,0,43.0,C,1.0,1,0
4887,2,male,33.0,0,0,110.91,S,1.0,1,0
4888,3,male,4.0,0,0,51.37,S,1.0,1,1
4889,1,female,17.0,0,2,243.31124999999997,S,3.0,0,1
4890,3,female,43.0,0,0,50.99,S,1.0,1,1
4891,2,male,36.0,0,0,88.74,S,1.0,1,0
4892,1,female,53.0,4,0,117.98,C,5.0,0,1
4893,3,male,52.0,0,1,41.7,S,2.0,0,0
4894,1,male,26.0,0,1,243.31124999999997,S,2.0,0,1
4895,2,male,62.375,3,0,72.79,C,4.0,0,0
4896,1,female,30.0,2,0,243.31124999999997,S,3.0,0,1
4897,1,male,17.0,0,0,238.03,S,1.0,1,1
4898,2,male,22.0,1,0,56.91,S,2.0,0,1
4899,1,male,1.0,0,0,226.79,S,1.0,1,1
4900,3,female,51.0,1,0,47.84,S,2.0,0,1
4901,1,female,51.0,4,0,161.89,S,5.0,0,1
4902,2,female,17.0,0,1,84.58,S,2.0,0,1
4903,1,female,27.0,0,0,237.04,Q,1.0,1,1
4904,2,male,31.0,0,0,108.4,Q,1.0,1,0
4905,3,male,18.0,1,0,20.71,S,2.0,0,0
4906,1,male,7.0,0,0,151.53,S,1.0,1,1
4907,3,male,27.0,1,0,56.24,S,2.0,0,0
4908,1,female,26.0,0,0,243.31124999999997,S,1.0,1,1
4909,3,female,25.0,0,1,51.87,C,2.0,0,1
4910,3,female,33.0,0,2,36.77,S,3.0,0,0
4911,3,female,49.0,0,1,52.66,C,2.0,0,1
4912,3,male,26.0,0,0,47.82,S,1.0,1,0
4913,3,female,32.0,0,2,57.43,S,3.0,0,0
4914,1,male,39.0,1,0,243.31124999999997,S,2.0,0,1
4915,1,male,37.0,1,0,157.2,C,2.0,0,1
4916,3,male,22.0,2,0,14.63,Q,3.0,0,0
4917,2,female,31.0,0,0,93.5,S,1.0,1,1
4918,2,female,37.0,2,2,87.19,S,5.0,0,1
4919,3,female,15.0,1,0,28.44,Q,2.0,0,1
4920,2,male,46.0,0,0,48.83,S,1.0,1,0
4921,3,female,49.0,0,0,50.63,S,1.0,1,1
4922,3,male,21.0,0,1,56.1,S,2.0,0,1
4923,3,male,33.0,3,1,45.13,S,5.0,0,0
4924,3,male,38.0,0,0,46.79,S,1.0,1,0
4925,1,male,23.0,0,1,243.31124999999997,S,2.0,0,1
4926,2,female,36.0,0,1,53.53,S,2.0,0,1
4927,2,male,32.0,1,0,78.22,S,2.0,0,0
4928,1,male,11.0,0,0,133.68,S,1.0,1,1
4929,3,male,36.0,0,0,42.63,S,1.0,1,0
4930,3,male,16.0,0,0,8.59,C,1.0,1,0
4931,2,male,42.0,0,0,87.09,Q,1.0,1,0
4932,2,female,21.0,0,0,51.97,S,1.0,1,1
4933,3,female,28.0,0,0,36.98,S,1.0,1,1
4934,2,female,48.0,1,1,114.41,S,3.0,0,1
4935,2,female,36.0,1,0,54.79,S,2.0,0,1
4936,2,female,16.0,1,0,95.6,C,2.0,0,1
4937,3,male,17.0,0,0,21.17,S,1.0,1,0
4938,3,male,22.0,1,0,13.88,S,2.0,0,0
4939,3,male,35.0,0,0,51.72,S,1.0,1,0
4940,3,male,35.0,0,3,30.28,S,4.0,0,0
4941,2,male,19.0,3,0,57.72,S,4.0,0,1
4942,2,female,15.0,1,0,49.52,C,2.0,0,1
4943,3,female,34.0,0,0,10.91,Q,1.0,1,1
4944,2,male,28.0,2,0,99.71,S,3.0,0,1
4945,3,female,58.0,4,3,25.74,S,6.0,0,1
4946,3,female,30.0,1,0,24.89,S,2.0,0,1
4947,3,female,54.0,1,1,42.06,S,3.0,0,1
4948,3,female,15.0,1,3,39.77,S,5.0,0,1
4949,3,male,10.0,0,0,58.29,C,1.0,1,0
4950,3,male,15.0,0,0,52.2,S,1.0,1,0
4951,2,male,45.0,1,0,51.38,S,2.0,0,0
4952,1,male,53.0,0,1,116.91,S,2.0,0,1
4953,2,male,20.0,0,0,106.76,S,1.0,1,1
4954,3,female,24.0,0,0,11.27,S,1.0,1,1
4955,2,female,15.0,0,0,50.35,S,1.0,1,0
4956,3,female,6.0,3,0,33.53,C,4.0,0,1
4957,2,male,39.0,1,1,105.97,S,3.0,0,1
4958,3,male,33.0,0,0,58.2,S,1.0,1,0
4959,1,male,30.0,3,0,192.07,S,4.0,0,1
4960,3,female,12.0,2,0,10.68,S,3.0,0,1
4961,3,male,51.0,0,0,36.53,S,1.0,1,0
4962,1,male,23.0,2,0,129.13,S,3.0,0,1
4963,2,male,37.0,0,0,78.69,S,1.0,1,1
4964,3,male,11.0,0,0,7.65,S,1.0,1,0
4965,2,male,28.0,0,0,59.77,S,1.0,1,1
4966,1,male,34.0,1,0,137.4,C,2.0,0,1
4967,3,male,34.0,0,0,59.52,Q,1.0,1,0
4968,3,female,32.0,1,1,15.53,S,3.0,0,0
4969,3,male,36.0,1,1,52.88,Q,3.0,0,0
4970,2,female,15.0,0,0,70.16,C,1.0,1,0
4971,2,female,33.0,0,0,60.91,S,1.0,1,1
4972,3,male,31.0,0,1,20.25,S,2.0,0,1
4973,3,male,33.0,0,0,57.78,S,1.0,1,0
4974,3,female,31.0,1,2,43.25,S,4.0,0,1
4975,2,male,13.0,0,2,41.84,S,3.0,0,1
4976,2,female,13.0,0,0,87.13,S,1.0,1,1
4977,1,male,1.0,0,0,147.65,S,1.0,1,1
4978,1,male,41.0,1,0,179.16,S,2.0,0,1
4979,1,male,41.0,2,0,134.09,S,3.0,0,1
4980,1,male,41.0,4,2,183.06,C,6.0,0,1
4981,3,female,34.0,2,2,50.91,Q,5.0,0,0
4982,1,male,2.0,0,0,243.31124999999997,C,1.0,1,1
4983,3,female,17.0,0,0,58.85,S,1.0,1,1
4984,3,male,32.0,1,0,46.68,S,2.0,0,0
4985,3,male,32.0,3,0,16.56,S,4.0,0,0
4986,1,male,27.0,0,0,243.31124999999997,Q,1.0,1,1
4987,3,female,35.0,0,2,22.71,C,3.0,0,1
4988,3,female,30.0,0,0,59.77,S,1.0,1,0
4989,3,female,32.0,1,0,25.72,S,2.0,0,1
4990,3,male,22.0,0,0,21.1,C,1.0,1,0
4991,3,male,43.0,0,0,18.16,C,1.0,1,0
4992,3,female,24.0,2,0,41.22,Q,3.0,0,1
4993,2,male,13.0,0,0,93.18,S,1.0,1,1
4994,3,male,20.0,0,0,57.45,S,1.0,1,0
4995,1,female,25.0,0,1,175.03,S,2.0,0,1
4996,3,male,43.0,0,0,21.25,Q,1.0,1,0
4997,1,male,29.0,0,0,178.08,S,1.0,1,1
4998,2,male,28.0,0,1,111.73,S,2.0,0,1
4999,3,male,14.0,0,1,28.04,S,2.0,0,1
5000,3,female,40.0,1,0,25.33,C,2.0,0,1
